,TGX221,GSK269962A,Staurosporine,Pazopanib,Midostaurin,"CAP-232, TT-232, TLN-232",Tanespimycin,AZD6482,BX795,torin2,Bleomycin (10 uM),CRT0105446,Bleomycin (50 uM),HG6-64-1,LDN-193189,Temsirolimus,Luminespib,CCT245232,Bortezomib,WH-4-023,XMD8-85,A-770041,Cabozantinib,Dasatinib,Bryostatin 1,JNJ38877605,XMD8-92,AZD6094,Dactolisib,CRT0105950
TGX221,1.0,0.15,0.10714285714285714,0.16,0.09375,0.06896551724137931,0.06153846153846154,0.9,0.1509433962264151,0.20408163265306123,0.0603448275862069,0.14285714285714285,0.0603448275862069,0.15,0.13725490196078433,0.06382978723404255,0.12962962962962962,0.17307692307692307,0.12244897959183673,0.13114754098360656,0.1509433962264151,0.140625,0.16363636363636364,0.17647058823529413,0.03409090909090909,0.12244897959183673,0.14814814814814814,0.20454545454545456,0.125,0.17391304347826086
GSK269962A,0.15,1.0,0.08450704225352113,0.12307692307692308,0.13333333333333333,0.08,0.05,0.14285714285714285,0.13432835820895522,0.1044776119402985,0.03759398496240601,0.14516129032258066,0.03759398496240601,0.21739130434782608,0.10606060606060606,0.09523809523809523,0.11764705882352941,0.2459016393442623,0.1111111111111111,0.12,0.13432835820895522,0.1282051282051282,0.14492753623188406,0.15384615384615385,0.0392156862745098,0.1111111111111111,0.1323529411764706,0.0967741935483871,0.14705882352941177,0.13114754098360656
Staurosporine,0.10714285714285714,0.08450704225352113,1.0,0.1,0.813953488372093,0.09782608695652174,0.04054054054054054,0.1016949152542373,0.09523809523809523,0.2641509433962264,0.06504065040650407,0.10344827586206896,0.06504065040650407,0.08450704225352113,0.1,0.058823529411764705,0.09523809523809523,0.09523809523809523,0.10526315789473684,0.08450704225352113,0.09523809523809523,0.125,0.09090909090909091,0.0967741935483871,0.08791208791208792,0.10526315789473684,0.09375,0.17307692307692307,0.09230769230769231,0.10714285714285714
Pazopanib,0.16,0.12307692307692308,0.1,1.0,0.1044776119402985,0.07777777777777778,0.04285714285714286,0.1509433962264151,0.3,0.125,0.058333333333333334,0.1320754716981132,0.058333333333333334,0.140625,0.14814814814814814,0.07216494845360824,0.1206896551724138,0.16071428571428573,0.1346153846153846,0.40384615384615385,0.25,0.1323529411764706,0.13333333333333333,0.14285714285714285,0.021505376344086023,0.1346153846153846,0.24528301886792453,0.11764705882352941,0.13559322033898305,0.16
Midostaurin,0.09375,0.13333333333333333,0.813953488372093,0.1044776119402985,1.0,0.09,0.04938271604938271,0.12307692307692308,0.08450704225352113,0.22950819672131148,0.061068702290076333,0.1076923076923077,0.061068702290076333,0.13333333333333333,0.1044776119402985,0.06422018348623854,0.11594202898550725,0.14925373134328357,0.109375,0.08974358974358974,0.08450704225352113,0.1125,0.08108108108108109,0.10144927536231885,0.08080808080808081,0.109375,0.08333333333333333,0.15,0.09722222222222222,0.1111111111111111
"CAP-232, TT-232, TLN-232",0.06896551724137931,0.08,0.09782608695652174,0.07777777777777778,0.09,1.0,0.038461538461538464,0.07865168539325842,0.07526881720430108,0.07692307692307693,0.0728476821192053,0.09195402298850575,0.0728476821192053,0.06930693069306931,0.07777777777777778,0.06923076923076923,0.0989010989010989,0.07526881720430108,0.16049382716049382,0.06930693069306931,0.07526881720430108,0.08737864077669903,0.07291666666666667,0.07608695652173914,0.031746031746031744,0.09302325581395349,0.07446808510638298,0.045454545454545456,0.0851063829787234,0.08139534883720931
Tanespimycin,0.06153846153846154,0.05,0.04054054054054054,0.04285714285714286,0.04938271604938271,0.038461538461538464,1.0,0.058823529411764705,0.05555555555555555,0.027777777777777776,0.03759398496240601,0.05970149253731343,0.03759398496240601,0.05,0.028169014084507043,0.036036036036036036,0.05555555555555555,0.05555555555555555,0.06060606060606061,0.06329113924050633,0.0410958904109589,0.047619047619047616,0.05333333333333334,0.056338028169014086,0.0392156862745098,0.029411764705882353,0.04054054054054054,0.046153846153846156,0.02631578947368421,0.045454545454545456
AZD6482,0.9,0.14285714285714285,0.1016949152542373,0.1509433962264151,0.12307692307692308,0.07865168539325842,0.058823529411764705,1.0,0.14285714285714285,0.19230769230769232,0.058823529411764705,0.1346153846153846,0.058823529411764705,0.14285714285714285,0.12962962962962962,0.07291666666666667,0.12280701754385964,0.18518518518518517,0.13725490196078433,0.125,0.14285714285714285,0.13432835820895522,0.15517241379310345,0.18867924528301888,0.044444444444444446,0.13725490196078433,0.14035087719298245,0.19148936170212766,0.11864406779661017,0.16326530612244897
BX795,0.1509433962264151,0.13432835820895522,0.09523809523809523,0.3,0.08450704225352113,0.07526881720430108,0.05555555555555555,0.14285714285714285,1.0,0.11864406779661017,0.056910569105691054,0.10526315789473684,0.056910569105691054,0.13432835820895522,0.1206896551724138,0.0594059405940594,0.0967741935483871,0.19298245614035087,0.12727272727272726,0.2459016393442623,0.23636363636363636,0.1267605633802817,0.14516129032258066,0.15517241379310345,0.031578947368421054,0.10714285714285714,0.23214285714285715,0.05263157894736842,0.1111111111111111,0.1509433962264151
torin2,0.20408163265306123,0.1044776119402985,0.2641509433962264,0.125,0.22950819672131148,0.07692307692307693,0.027777777777777776,0.19230769230769232,0.11864406779661017,1.0,0.015873015873015872,0.24489795918367346,0.015873015873015872,0.1746031746031746,0.18867924528301888,0.07142857142857142,0.11864406779661017,0.2,0.1320754716981132,0.1044776119402985,0.11864406779661017,0.09859154929577464,0.1694915254237288,0.1206896551724138,0.02127659574468085,0.22448979591836735,0.21818181818181817,0.13725490196078433,0.3076923076923077,0.2553191489361702
Bleomycin (10 uM),0.0603448275862069,0.03759398496240601,0.06504065040650407,0.058333333333333334,0.061068702290076333,0.0728476821192053,0.03759398496240601,0.058823529411764705,0.056910569105691054,0.015873015873015872,1.0,0.059322033898305086,1.0,0.03759398496240601,0.058333333333333334,0.043209876543209874,0.04838709677419355,0.04,0.13761467889908258,0.05343511450381679,0.04838709677419355,0.05185185185185185,0.05555555555555555,0.06611570247933884,0.06666666666666667,0.024793388429752067,0.048,0.042735042735042736,0.03937007874015748,0.0423728813559322
CRT0105446,0.14285714285714285,0.14516129032258066,0.10344827586206896,0.1320754716981132,0.1076923076923077,0.09195402298850575,0.05970149253731343,0.1346153846153846,0.10526315789473684,0.24489795918367346,0.059322033898305086,1.0,0.059322033898305086,0.18333333333333332,0.1320754716981132,0.0967741935483871,0.14545454545454545,0.125,0.14,0.12698412698412698,0.14545454545454545,0.13636363636363635,0.13793103448275862,0.14814814814814814,0.03333333333333333,0.1875,0.14285714285714285,0.14583333333333334,0.22641509433962265,0.5135135135135135
Bleomycin (50 uM),0.0603448275862069,0.03759398496240601,0.06504065040650407,0.058333333333333334,0.061068702290076333,0.0728476821192053,0.03759398496240601,0.058823529411764705,0.056910569105691054,0.015873015873015872,1.0,0.059322033898305086,1.0,0.03759398496240601,0.058333333333333334,0.043209876543209874,0.04838709677419355,0.04,0.13761467889908258,0.05343511450381679,0.04838709677419355,0.05185185185185185,0.05555555555555555,0.06611570247933884,0.06666666666666667,0.024793388429752067,0.048,0.042735042735042736,0.03937007874015748,0.0423728813559322
HG6-64-1,0.15,0.21739130434782608,0.08450704225352113,0.140625,0.13333333333333333,0.06930693069306931,0.05,0.14285714285714285,0.13432835820895522,0.1746031746031746,0.03759398496240601,0.18333333333333332,0.03759398496240601,1.0,0.12307692307692308,0.06481481481481481,0.13432835820895522,0.26666666666666666,0.1111111111111111,0.12,0.11764705882352941,0.14285714285714285,0.14492753623188406,0.15384615384615385,0.0392156862745098,0.14754098360655737,0.11594202898550725,0.11475409836065574,0.11428571428571428,0.13114754098360656
LDN-193189,0.13725490196078433,0.10606060606060606,0.1,0.14814814814814814,0.1044776119402985,0.07777777777777778,0.028169014084507043,0.12962962962962962,0.1206896551724138,0.18867924528301888,0.058333333333333334,0.1320754716981132,0.058333333333333334,0.12307692307692308,1.0,0.07216494845360824,0.1206896551724138,0.18181818181818182,0.1346153846153846,0.19672131147540983,0.22641509433962265,0.18461538461538463,0.1724137931034483,0.12280701754385964,0.0,0.20408163265306123,0.11864406779661017,0.11764705882352941,0.17543859649122806,0.13725490196078433
Temsirolimus,0.06382978723404255,0.09523809523809523,0.058823529411764705,0.07216494845360824,0.06422018348623854,0.06923076923076923,0.036036036036036036,0.07291666666666667,0.0594059405940594,0.07142857142857142,0.043209876543209874,0.0967741935483871,0.043209876543209874,0.06481481481481481,0.07216494845360824,1.0,0.09183673469387756,0.07,0.09782608695652174,0.08490566037735849,0.08080808080808081,0.08181818181818182,0.1,0.0707070707070707,0.06201550387596899,0.08602150537634409,0.09090909090909091,0.06451612903225806,0.07920792079207921,0.07526881720430108
Luminespib,0.12962962962962962,0.11764705882352941,0.09523809523809523,0.1206896551724138,0.11594202898550725,0.0989010989010989,0.05555555555555555,0.12280701754385964,0.0967741935483871,0.11864406779661017,0.04838709677419355,0.14545454545454545,0.04838709677419355,0.13432835820895522,0.1206896551724138,0.09183673469387756,1.0,0.13333333333333333,0.14814814814814814,0.11764705882352941,0.11475409836065574,0.0958904109589041,0.109375,0.11666666666666667,0.031578947368421054,0.14814814814814814,0.11290322580645161,0.05263157894736842,0.14754098360655737,0.1509433962264151
CCT245232,0.17307692307692307,0.2459016393442623,0.09523809523809523,0.16071428571428573,0.14925373134328357,0.07526881720430108,0.05555555555555555,0.18518518518518517,0.19298245614035087,0.2,0.04,0.125,0.04,0.26666666666666666,0.18181818181818182,0.07,0.13333333333333333,1.0,0.12727272727272726,0.13432835820895522,0.13333333333333333,0.15942028985507245,0.16393442622950818,0.19642857142857142,0.031578947368421054,0.21568627450980393,0.13114754098360656,0.1111111111111111,0.1864406779661017,0.1509433962264151
Bortezomib,0.12244897959183673,0.1111111111111111,0.10526315789473684,0.1346153846153846,0.109375,0.16049382716049382,0.06060606060606061,0.13725490196078433,0.12727272727272726,0.1320754716981132,0.13761467889908258,0.14,0.13761467889908258,0.1111111111111111,0.1346153846153846,0.09782608695652174,0.14814814814814814,0.12727272727272726,1.0,0.1111111111111111,0.10714285714285714,0.1044776119402985,0.1016949152542373,0.12962962962962962,0.045454545454545456,0.16666666666666666,0.10526315789473684,0.14893617021276595,0.14285714285714285,0.14583333333333334
WH-4-023,0.13114754098360656,0.12,0.08450704225352113,0.40384615384615385,0.08974358974358974,0.06930693069306931,0.06329113924050633,0.125,0.2459016393442623,0.1044776119402985,0.05343511450381679,0.12698412698412698,0.05343511450381679,0.12,0.19672131147540983,0.08490566037735849,0.11764705882352941,0.13432835820895522,0.1111111111111111,1.0,0.35714285714285715,0.1891891891891892,0.16176470588235295,0.13636363636363635,0.0392156862745098,0.1111111111111111,0.2222222222222222,0.0967741935483871,0.09859154929577464,0.15
XMD8-85,0.1509433962264151,0.13432835820895522,0.09523809523809523,0.25,0.08450704225352113,0.07526881720430108,0.0410958904109589,0.14285714285714285,0.23636363636363636,0.11864406779661017,0.04838709677419355,0.14545454545454545,0.04838709677419355,0.11764705882352941,0.22641509433962265,0.08080808080808081,0.11475409836065574,0.13333333333333333,0.10714285714285714,0.35714285714285715,1.0,0.21212121212121213,0.12698412698412698,0.13559322033898305,0.031578947368421054,0.10714285714285714,0.6829268292682927,0.1111111111111111,0.1111111111111111,0.1509433962264151
A-770041,0.140625,0.1282051282051282,0.125,0.1323529411764706,0.1125,0.08737864077669903,0.047619047619047616,0.13432835820895522,0.1267605633802817,0.09859154929577464,0.05185185185185185,0.13636363636363635,0.05185185185185185,0.14285714285714285,0.18461538461538463,0.08181818181818182,0.0958904109589041,0.15942028985507245,0.1044776119402985,0.1891891891891892,0.21212121212121213,1.0,0.136986301369863,0.14492753623188406,0.028037383177570093,0.1044776119402985,0.14084507042253522,0.09090909090909091,0.10810810810810811,0.12307692307692308
Cabozantinib,0.16363636363636364,0.14492753623188406,0.09090909090909091,0.13333333333333333,0.08108108108108109,0.07291666666666667,0.05333333333333334,0.15517241379310345,0.14516129032258066,0.1694915254237288,0.05555555555555555,0.13793103448275862,0.05555555555555555,0.14492753623188406,0.1724137931034483,0.1,0.109375,0.16393442622950818,0.1016949152542373,0.16176470588235295,0.12698412698412698,0.136986301369863,1.0,0.16666666666666666,0.030612244897959183,0.18181818181818182,0.125,0.10526315789473684,0.15873015873015872,0.16363636363636364
Dasatinib,0.17647058823529413,0.15384615384615385,0.0967741935483871,0.14285714285714285,0.10144927536231885,0.07608695652173914,0.056338028169014086,0.18867924528301888,0.15517241379310345,0.1206896551724138,0.06611570247933884,0.14814814814814814,0.06611570247933884,0.15384615384615385,0.12280701754385964,0.0707070707070707,0.11666666666666667,0.19642857142857142,0.12962962962962962,0.13636363636363635,0.13559322033898305,0.14492753623188406,0.16666666666666666,1.0,0.031914893617021274,0.12962962962962962,0.13333333333333333,0.11320754716981132,0.11290322580645161,0.15384615384615385
Bryostatin 1,0.03409090909090909,0.0392156862745098,0.08791208791208792,0.021505376344086023,0.08080808080808081,0.031746031746031744,0.0392156862745098,0.044444444444444446,0.031578947368421054,0.02127659574468085,0.06666666666666667,0.03333333333333333,0.06666666666666667,0.0392156862745098,0.0,0.06201550387596899,0.031578947368421054,0.031578947368421054,0.045454545454545456,0.0392156862745098,0.031578947368421054,0.028037383177570093,0.030612244897959183,0.031914893617021274,1.0,0.033707865168539325,0.042105263157894736,0.034482758620689655,0.030927835051546393,0.02247191011235955
JNJ38877605,0.12244897959183673,0.1111111111111111,0.10526315789473684,0.1346153846153846,0.109375,0.09302325581395349,0.029411764705882353,0.13725490196078433,0.10714285714285714,0.22448979591836735,0.024793388429752067,0.1875,0.024793388429752067,0.14754098360655737,0.20408163265306123,0.08602150537634409,0.14814814814814814,0.21568627450980393,0.16666666666666666,0.1111111111111111,0.10714285714285714,0.1044776119402985,0.18181818181818182,0.12962962962962962,0.033707865168539325,1.0,0.10526315789473684,0.14893617021276595,0.20754716981132076,0.14583333333333334
XMD8-92,0.14814814814814814,0.1323529411764706,0.09375,0.24528301886792453,0.08333333333333333,0.07446808510638298,0.04054054054054054,0.14035087719298245,0.23214285714285715,0.21818181818181817,0.048,0.14285714285714285,0.048,0.11594202898550725,0.11864406779661017,0.09090909090909091,0.11290322580645161,0.13114754098360656,0.10526315789473684,0.2222222222222222,0.6829268292682927,0.14084507042253522,0.125,0.13333333333333333,0.042105263157894736,0.10526315789473684,1.0,0.10909090909090909,0.109375,0.14814814814814814
AZD6094,0.20454545454545456,0.0967741935483871,0.17307692307692307,0.11764705882352941,0.15,0.045454545454545456,0.046153846153846156,0.19148936170212766,0.05263157894736842,0.13725490196078433,0.042735042735042736,0.14583333333333334,0.042735042735042736,0.11475409836065574,0.11764705882352941,0.06451612903225806,0.05263157894736842,0.1111111111111111,0.14893617021276595,0.0967741935483871,0.1111111111111111,0.09090909090909091,0.10526315789473684,0.11320754716981132,0.034482758620689655,0.14893617021276595,0.10909090909090909,1.0,0.12727272727272726,0.15217391304347827
Dactolisib,0.125,0.14705882352941177,0.09230769230769231,0.13559322033898305,0.09722222222222222,0.0851063829787234,0.02631578947368421,0.11864406779661017,0.1111111111111111,0.3076923076923077,0.03937007874015748,0.22641509433962265,0.03937007874015748,0.11428571428571428,0.17543859649122806,0.07920792079207921,0.14754098360655737,0.1864406779661017,0.14285714285714285,0.09859154929577464,0.1111111111111111,0.10810810810810811,0.15873015873015872,0.11290322580645161,0.030927835051546393,0.20754716981132076,0.109375,0.12727272727272726,1.0,0.23529411764705882
CRT0105950,0.17391304347826086,0.13114754098360656,0.10714285714285714,0.16,0.1111111111111111,0.08139534883720931,0.045454545454545456,0.16326530612244897,0.1509433962264151,0.2553191489361702,0.0423728813559322,0.5135135135135135,0.0423728813559322,0.13114754098360656,0.13725490196078433,0.07526881720430108,0.1509433962264151,0.1509433962264151,0.14583333333333334,0.15,0.1509433962264151,0.12307692307692308,0.16363636363636364,0.15384615384615385,0.02247191011235955,0.14583333333333334,0.14814814814814814,0.15217391304347827,0.23529411764705882,1.0
