drug_name,kmeans_cluster,ward_cluster,dbscan_cluster,pca_1,pca_2,umap_1,umap_2
TGX221,0,0,0,-1.69729132983702,-0.0024400412416255408,3.3199975,-1.3431196
WH-4-023,0,0,0,1.8269292330370874,1.8028317854704665,8.125752,3.19493
GSK269962A,0,0,-1,3.1099056167908206,1.2602772607157673,7.713022,3.5661786
Staurosporine,0,0,0,0.22201455372154216,2.485684389359705,8.809273,1.4740028
Pazopanib,0,0,0,0.1919000719555273,0.3446046245565255,7.238015,1.271271
Midostaurin,0,0,-1,1.3682937627503298,4.013782597467702,8.963797,2.2827475
XMD8-85,0,0,0,-0.05456785096107066,0.41311540247779416,3.741202,1.7077248
"CAP-232, TT-232, TLN-232",1,0,-1,9.305650493181815,-2.1129545958525933,6.6814046,5.2903666
Tanespimycin,0,0,-1,1.9636779242356162,-2.3100901710053243,5.38752,3.3123674
AZD6482,0,0,0,-0.6198002981020742,-0.3094402816563175,3.7885356,0.41144678
BX795,0,0,0,1.8043495119206494,0.2608690198479357,6.426337,2.839827
torin2,0,0,0,-0.6574836420942406,2.3497200837021484,8.987349,0.41447398
Bleomycin (10 uM),1,1,-1,20.15285728173631,-7.084491413117482,6.6256227,5.349873
CRT0105446,0,0,0,-1.105732989626268,0.5321086962291848,4.661024,-0.23275499
Bleomycin (50 uM),1,1,-1,20.15285728173631,-7.084491413117482,6.5900936,5.406814
HG6-64-1,0,0,0,1.4645645021460871,1.9876051094298357,8.348209,3.0412579
LDN-193189,0,0,0,-0.700004803961165,2.116226968686392,8.756853,0.89298743
A-770041,0,0,0,2.8694646835986806,1.974465144394938,7.835362,3.6040666
Temsirolimus,1,0,-1,7.457410432211788,-1.0790494529016907,6.7383547,5.0693617
Luminespib,0,0,0,0.49913473891339666,-0.06670792499848839,4.962456,2.188736
CCT245232,0,0,0,-0.14938508017839344,1.5961802089372885,8.203466,0.7667732
Cabozantinib,0,0,0,0.9540691144979584,1.6161859154142324,7.878147,2.515351
Dasatinib,0,0,0,1.016743289554434,-0.37715381227682016,5.0607047,2.224586
Bryostatin 1,1,0,-1,6.569447243135614,-1.6854676485760998,6.7033377,4.9947157
JNJ38877605,0,0,0,-1.0095933701411695,1.5743668549855803,8.069267,0.5175378
Bortezomib,0,0,-1,0.0007774846775199271,-2.2876191019231897,4.9984097,2.819227
XMD8-92,0,0,0,0.4277720562127239,0.3613616490386054,3.8997447,1.8346279
AZD6094,0,0,0,-0.9369034115345266,0.9456603162788044,7.872383,0.48132762
Dactolisib,0,0,0,-0.08696747282811583,3.38511219597722,9.098785,0.72848755
CRT0105950,0,0,0,-1.0582153248667072,1.7793647525601584,7.875917,-0.42512643
Elesclomol,0,0,0,-1.3398935298640493,-0.7549326169864804,3.522511,-0.6006034
TW 37,0,0,0,1.7394893602720054,1.534205761942943,7.1846943,2.9261708
CHIR-99021,0,0,0,0.76640730941915,0.8707107262685636,7.2955,2.120931
Ponatinib,0,0,0,0.4377693088470124,1.5680750062298683,8.0672455,2.2239609
MG-132,0,0,-1,0.682948976352474,-2.0243335790768566,5.045379,2.9616919
AT7867,0,0,0,-2.482606261123819,0.544060145977635,3.7362282,-1.8635815
Piperlongumine,0,0,-1,-2.575401799938914,-1.4879228042495776,2.8731072,-1.5709913
Tivozanib,0,0,0,0.36060700190656897,1.1663200606395534,7.4293385,1.7729131
Cyclopamine,0,0,-1,-1.5348673928041583,-0.4606330563974886,2.266574,0.5217315
Embelin,0,0,-1,-1.882780254606783,-2.2653459594518797,2.0208173,-0.1517623
Bexarotene,0,0,-1,-2.873456399373587,0.4903957355678715,3.6510966,-2.0046053
Saracatinib,0,0,0,1.579636271803333,0.5419408004444887,6.7284703,3.777317
Docetaxel,1,0,-1,5.715629417457468,-0.6585834642314686,6.74617,4.968129
Capivasertib,0,0,0,0.3096245882045249,-0.8298547487559258,4.650894,2.5274224
AT13148,0,0,0,-2.2250067134861027,-0.2890423972925505,3.5248253,-1.6689749
Foretinib,0,0,-1,3.075091328715699,1.8185808780963557,8.00272,3.6169727
Omipalisib,0,0,0,0.8547365376428139,1.9996491668524146,7.86682,1.9779493
CCT-018159,0,0,0,-1.410822059271059,-0.04773143456645966,3.7295241,-1.2042757
AZD8186,0,0,0,-0.4558475932814389,0.2558945631261082,4.0655694,1.1930509
QL-XI-92,0,0,0,0.047250771167151054,0.19977888223213167,5.561524,0.53773093
Zibotentan,0,0,0,0.2822012947954379,0.2400485076529195,7.309184,1.1419749
AZ960,0,0,0,-1.24338353479209,-0.1774650851822075,4.3599286,-0.71259844
BAM7,0,0,0,-0.4878454046074693,1.3156286779669915,7.7282825,0.027589897
SNX-2112,0,0,0,-0.12899270762300605,-0.8152945775684982,3.0813928,1.8979801
WZ-1-84,0,0,0,0.6576823199446143,-0.3966381490577496,4.8643384,2.421529
Shikonin,0,0,0,-2.2259825302704526,-1.8248498990621171,2.5715377,-0.5833656
Linifanib,0,0,0,-0.81967762548675,1.0579911628472707,8.151471,-0.18101753
Y-39983,0,0,0,-2.3894825726610547,-0.38972896353532316,3.2656827,-1.7026112
AZD1332,0,0,0,-0.28342261400098173,-0.5155034652221929,4.289368,-0.07863284
Cisplatin,0,0,-1,-4.636925911308583,-2.471727739322579,1.825868,-1.4956633
AZD4547,0,0,0,0.44285948711003464,-0.0632992295752511,4.825996,2.1298292
Cediranib,0,0,0,0.27133081776930834,1.3527227172558265,8.346727,2.2357576
GSK429286A,0,0,0,-0.7420123464023891,0.34904995576961206,5.0420904,-0.032993972
GSK650394,0,0,0,-1.2645654712862873,1.9427820415459844,7.7596426,-0.4719718
ZG-10,0,0,0,1.2541007541358935,1.0257139685864352,7.375257,2.389375
(5Z)-7-Oxozeaenol,0,0,0,-1.456942393375913,-2.1947763757158665,2.7667363,-0.40966684
PF-562271,0,0,0,1.2970143294509096,-0.3442817785689838,5.307085,2.2927434
GNE-317,0,0,0,-0.02221628662157457,-0.7020018436258666,3.316114,1.5945643
DMOG,0,0,-1,-3.321818584637773,-3.901850976783382,1.1704869,-0.7775921
Talazoparib,0,0,0,-0.8974386871801415,0.6111715403779808,7.542407,0.4912508
Vinblastine,1,0,-1,5.234200721400005,1.407283944537907,6.9353857,4.7587333
Gemcitabine,0,0,1,-1.9342815258472754,-3.5336383881140496,0.9426003,-0.67868894
Epothilone B,0,0,-1,0.21988089659078608,-1.248433412049907,3.2838376,2.6234696
Pevonedistat,0,0,0,0.5770152655156272,-0.6739225441239607,4.472755,2.5243435
SB216763,0,0,0,-2.377899502248889,0.9077231205142978,4.0642214,-2.0483375
GSK-J4,0,0,0,-0.4399222834905916,0.12019680979021766,4.3891664,1.3097721
AZ20,0,0,0,-0.7732507739928328,-0.03955059034474458,3.4409237,1.105945
PI-103,0,0,0,-1.1837271497783157,0.6728146966406631,7.328876,0.41224933
Rapamycin,1,0,-1,5.396088836126068,-0.6321530648497006,6.592058,4.900011
Olaparib,0,0,0,-0.818917834117099,0.16040518239387644,3.577033,0.911056
Telomerase Inhibitor IX,0,0,-1,-0.09075615849819922,-0.602092468677969,5.6902704,0.4612768
LIMK1 inhibitor BMS4,0,0,0,0.607538506643689,0.698080658770358,7.3609543,1.661241
JW-7-24-1,0,0,0,1.1874963953037445,2.6518316145324925,8.76999,2.4795032
WIKI4,0,0,0,1.3177110351882655,2.6740692517384534,8.684275,2.527911
FH535,0,0,0,-2.0686573626611087,-0.4668665900692991,4.626982,-1.1087265
QL-X-138,0,0,0,-0.2190436275737133,1.984879898425039,8.877158,0.515053
Romidepsin,0,0,-1,1.29037224237182,-2.7331889640827414,5.077553,3.2834697
KU-60019,0,0,0,1.0701593798327376,1.0653841096536016,6.9480367,3.648078
AZD5363,0,0,0,0.3096245882045249,-0.8298547487559258,4.6277432,2.5121143
YK-4-279,0,0,0,-2.0918679286090054,-0.5990194423398184,3.0892806,-1.8706776
SN-38,0,0,0,-0.6872792583059901,-0.02686126684345692,6.7182136,0.56412184
Axitinib,0,0,0,-1.146221547916994,1.2758171261363118,7.6836753,-0.47691825
AZD4877,0,0,0,0.7475983466496158,1.0305155918516145,8.063242,2.699699
Motesanib,0,0,0,-1.0353780870656109,0.17002872825592014,4.002283,-0.9705813
Thapsigargin,0,0,-1,3.5154044995129787,-1.918097973220859,5.5292397,3.3967412
Mycophenolic acid,0,0,0,-1.8169325052914556,-1.8264404115600334,2.5917594,-0.37722835
Doxorubicin,0,0,-1,2.960262658036713,-2.1248812468085885,5.726703,3.5382202
AZD1480,0,0,0,-0.8901593836263579,-0.8141464868918498,3.9045038,-0.3282499
Schweinfurthin A,0,0,-1,1.4753097855272097,0.3257641091491196,6.6529493,2.9154322
CAY10603,0,0,-1,1.055489477843935,-1.4405654441831366,5.431596,2.948346
BPTES,0,0,0,1.823988194567143,0.6607501147657712,7.5891776,2.9275515
TWS119,0,0,0,-1.3681064619322454,0.6981298543918156,8.144113,-0.08502245
Selisistat,0,0,0,-3.561918577827446,-0.8785389966147835,2.5076985,-1.6862552
Entospletinib,0,0,0,-0.05720356267027652,1.6879695110981034,8.538108,0.9534318
Sepantronium bromide,0,0,0,-1.2966591025993621,-0.13174537427882793,5.9428177,-0.11979498
Phenformin,0,0,-1,-3.05759755818871,-2.533665047290578,1.5622486,-1.0917963
XAV939,0,0,0,-3.101445930138534,-0.6323507528560881,2.5819297,-1.9197781
Rucaparib,0,0,0,-2.1968138702840583,0.01791422888529194,3.6145594,-1.62719
RO-3306,0,0,0,-2.083664972905453,0.701726731329592,4.223972,-1.9872638
LCL161,0,0,0,0.4125676292261032,-0.5264987225692989,3.4827096,2.3862348
LY2109761,0,0,0,-0.11795960316810923,1.4720487083909248,8.507748,1.8022008
Epirubicin,0,0,-1,2.960262658036713,-2.1248812468085885,5.758249,3.624534
AS601245,0,0,0,-0.8119265369544844,0.717192407524568,7.3044147,0.22079569
Seliciclib,0,0,0,-0.6666572226561986,-0.8061876117387685,3.9873078,-0.020692267
FTI-277,0,0,-1,0.5886424760820628,-1.2722145679695556,5.2825255,2.708106
CCT007093,0,0,0,-3.690346059788369,0.3802887588689403,3.7191756,-2.19371
Daporinad,0,0,0,-1.345736873531731,-0.20541496091155376,4.30745,0.60261345
Dactinomycin,1,0,-1,11.175051322443013,-1.402678291271479,6.645526,5.261297
Camptothecin,0,0,0,-1.5503578945324454,0.20827561940647302,6.667781,0.30582413
CGP-60474,0,0,0,-0.9619911675276785,-0.2426982310999709,4.2526627,-0.5097114
Refametinib,0,0,-1,1.0590831361389248,-0.9959221868686304,5.3016615,2.772928
Obatoclax Mesylate,0,0,0,-2.5583282864097785,-0.17566308588864926,3.4290957,-1.7425269
Tenovin-6,0,0,-1,-0.25167454051904037,-0.4559168653120753,4.7360315,0.9354263
Quizartinib,0,0,0,2.061475572285465,2.0750187030953846,8.21869,3.3531084
ZM447439,0,0,0,1.5448842132653258,1.2148903012603172,7.7340064,3.013118
LFM-A13,0,0,-1,-2.767987867088301,-1.1290499524840791,2.855012,-0.7277081
Buparlisib,0,0,0,-0.8065108166417735,-1.3268794570207167,3.2520463,1.5048167
ascorbate (vitamin C),0,0,-1,-2.5499510518091038,-4.178036802503825,0.8764055,-0.714704
Masitinib,0,0,0,0.7645872090748789,1.5351280712466748,8.044649,2.5236454
AZD5438,0,0,0,-1.3668079096559684,-0.34343209942424835,4.169452,-0.13833298
PIK-93,0,0,0,-0.9781630967131024,-1.768162676777587,3.6580832,-0.33227968
Savolitinib,0,0,0,-0.9369034115345266,0.9456603162788044,7.8888607,0.47754267
BIBF-1120,0,0,0,1.4550556137673574,1.2526388157813062,7.8696847,3.012356
AZD6738,0,0,0,-0.3020153362887792,-0.34704734866969295,3.4359446,1.3941973
JNK-9L,0,0,0,1.1918386851340985,1.0432091877760523,7.195233,3.456974
PD173074,0,0,0,1.8696170371533725,-0.14768032743791093,5.885644,2.8564336
IOX2,0,0,0,-1.3313917123503771,-0.7284131639826305,4.0065203,-0.7776553
Pictilisib,0,0,0,1.3052927981507432,0.46370102150906284,6.948954,3.6499054
IC-87114,0,0,0,-0.4435939212225262,1.2328608755141546,8.115054,0.63005054
Belinostat,0,0,-1,-1.7049632461812998,-0.9965419580754019,3.34661,-0.8084961
NVP-TAE684,0,0,0,2.4468494916664,0.6115124454321083,6.481692,3.34917
Serdemetan,0,0,0,-1.507390181038052,1.2207256779253695,7.7891855,-0.6052149
AZD2014,0,0,0,0.08998474092334394,-0.06403019474464532,3.5028934,1.7650322
Temozolomide,0,0,-1,-2.892543159921151,-2.4531132260687096,1.4335676,-1.0219952
"Brivanib, BMS-540215",0,0,0,-0.9086757241930347,0.37265688560152843,7.2328973,0.2904233
Idelalisib,0,0,0,0.04075995516737817,1.3339899181027273,8.326498,0.8695811
AGI-5198,0,0,0,-0.582159149726739,0.7524529417741639,4.59525,1.3000083
IMD-0354,0,0,0,-2.3803850253621834,-0.11585747652574781,4.6505814,-1.1336432
Parthenolide,0,0,-1,-3.0809398250717375,-1.4714018789661945,1.6085979,-0.275341
Afuresertib,0,0,0,-1.0420910837763246,-0.01256839856675166,4.6258516,-0.29624853
ARRY-520,0,0,0,-1.1841128729760422,-0.4307803533976678,4.165567,0.0090276
Cytarabine,0,0,1,-1.4983703546554064,-3.99420285014348,0.6067825,-0.6979322
NU7441,0,0,0,-0.9498542969251161,2.849149191101105,9.0127,0.6791253
BX-912,0,0,0,0.5724536141707866,-0.1706111918422785,5.2302957,2.3198605
UMI-77,0,0,0,-0.26166912065930253,0.25265737711848724,5.6153445,0.44944176
KIN001-244,0,0,0,1.1737526263898717,1.5911559497396572,7.7540307,2.3220322
AZD7762,0,0,0,-1.2923747185627532,-1.2783813180542012,3.2537603,-0.2873349
AZ628,0,0,0,-0.0929892062627313,1.2134176235543368,7.8745947,0.25441974
JNK Inhibitor VIII,0,0,0,-1.1458801845238862,-1.6699759319402219,3.732977,-0.40736192
BMS-754807,0,0,0,1.157726202824814,0.6828244024739683,7.053547,2.9958184
HG-5-113-01,0,0,0,1.0671960135988652,0.40584450305982894,7.101676,2.248276
Bleomycin,1,1,-1,20.15285728173631,-7.084491413117482,6.584391,5.386857
FTY-720,0,0,-1,-1.6424977866079153,-2.285549858217807,2.1312242,-0.057717033
OTX015,0,0,0,0.39663881533052997,1.5922742979804894,7.997093,1.8588271
Bicalutamide,0,0,0,-0.8026427336207611,-1.0890302537907093,4.4072804,-0.3070459
ETP-45835,0,0,0,-3.348944583377704,-1.3169800579577358,2.4736996,-1.6313807
AZ6102,0,0,0,-0.4156753292909202,0.8773127911817512,7.4952793,0.83181727
Sphingosine Kinase 1 Inhibitor II,0,0,0,-0.2894798993318641,0.6494312738486322,4.712247,1.3138056
Gallibiscoquinazole,0,0,-1,0.0689131025486632,-3.0826403404030955,0.68747985,-0.36627528
Nutlin-3a (-),0,0,0,0.8594179387242924,1.5093483491423159,8.314675,2.926752
Dinaciclib,0,0,0,-0.18394625893546948,-0.5892488006666565,4.587739,2.2660341
Palbociclib,0,0,0,0.36186177329985797,-0.18519282621393318,3.554847,1.7930259
OSI-930,0,0,0,-0.2990806813301253,1.6063317547309983,7.8770432,0.037683178
A-443654,0,0,0,-0.21102734160955766,1.5201106253681884,8.635094,0.6567691
SL0101,0,0,-1,2.068583379196362,-1.1201203861169664,5.716741,3.4889033
SB52334,0,0,0,-1.8160719168537853,1.095489515550775,7.2907915,-0.05879305
XMD13-2,0,0,0,-1.1875030493689291,0.1722726451430567,3.8244317,-1.2186722
Topotecan,0,0,0,-0.15370853691544786,-0.21354943434748913,6.417224,1.0219107
OSU-03012,0,0,0,-0.18452446962521632,2.4151822876141695,8.957803,0.42827216
PLX-4720,0,0,0,-0.938651619294548,-0.07711428950809045,4.6986933,-0.43941963
Trametinib,0,0,0,1.2043858834671508,1.2482329854393222,8.025682,2.6790824
Fedratinib,0,0,0,1.5930606117515955,0.15096530923428558,6.023426,2.6674967
C-75,0,0,-1,-2.5025010250073603,-2.532412050206413,1.8623501,-0.23545568
Vinorelbine,1,0,-1,4.556917246086992,1.899650507518799,7.014028,4.6030345
BAY-61-3606,0,0,0,-0.19725299172479246,0.25995908765449505,7.3417535,0.84891033
Alisertib,0,0,0,0.9946091575130915,1.7092600087353835,7.8605103,2.1924715
BMS-509744,0,0,0,2.1191651579638733,0.7271889215089119,6.3369684,2.9302697
IPA-3,0,0,0,-1.8457430261412973,1.9099012645106535,7.8514233,-0.5492506
PF-4708671,0,0,0,-1.313179059745575,-0.167613051086422,3.5195432,0.7240236
Etoposide,0,0,-1,2.7979236154038247,-0.9584043706815036,6.472052,4.1459827
BIX02189,0,0,0,-0.38816777256351986,1.3167075582297794,7.8049254,-0.09409633
Podophyllotoxin bromide,0,0,0,-0.5169959660773507,0.21789110055109426,3.9583251,1.6056788
OSI-027,0,0,0,0.1727089995715791,0.2278776085504037,6.793775,1.2761245
I-BET-151,0,0,0,-0.23771992010492932,1.4997829845501318,8.159947,0.91569954
5-azacytidine,0,0,1,-1.1772404151870122,-4.375830525275378,0.59973,-0.6551377
CZC24832,0,0,0,-1.192050210492467,-1.0906137762690642,3.5676003,-0.4766735
CX-5461,0,0,0,1.07598814995831,1.57665021924024,7.4769235,3.2621965
AR-42,0,0,0,-2.095177973690583,-0.9543183274222437,2.8773556,-0.76616514
WYE-125132,0,0,0,1.3025750565735004,0.39190759313448137,6.7440386,3.8971734
STF-62247,0,0,0,-3.1659706282328104,0.4157250482932335,3.8517814,-2.2066782
GW-2580,0,0,0,-0.861195469225857,-0.5378480773641625,4.0345535,-0.26922932
Paclitaxel,1,0,-1,6.246369240602383,0.5185119510585835,6.9044857,5.0011425
Irinotecan,0,0,0,1.7811254879337237,1.096436799471524,6.89182,3.859134
NSC-87877,0,0,-1,0.8926363194548131,0.5416651273806093,7.2446265,1.9315186
Amuvatinib,0,0,0,-0.006921354863904905,1.217692384937351,8.016858,1.22093
JQ1,0,0,0,-0.6901624620999552,0.9103256162928393,4.2667007,1.4624511
Uprosertib,0,0,0,-0.8920619339191822,-0.19015885017539502,4.534316,-0.35337484
GSK2256098C,0,0,0,-0.22064627901464592,-0.07260132933457136,5.1393504,0.6191322
PFI-3,0,0,0,-2.1190831913351467,-0.42335276906948727,3.2358694,-1.6419318
EHT-1864,0,0,0,0.728409716755861,0.8214289978115927,5.933275,2.153816
RVX-208,0,0,0,-1.0917316586913262,-0.6684427280114482,3.9086642,-0.110661194
Pyridostatin,0,0,-1,4.219593237695432,0.3521935937599702,7.618415,3.5182657
PFI-1,0,0,0,-2.0757655805642865,-0.9943676196946165,2.863044,-1.7553263
GSK591,0,0,0,-0.9044403335559985,-1.0911949402239516,3.2437186,0.24556322
N-acetyl cysteine,0,0,-1,-3.515149766304756,-4.007537658658748,1.2626251,-0.6544861
kb NB 142-70,0,0,0,-3.3431399742317485,-0.8319540733485994,2.3860579,-1.8365225
Lestaurtinib,0,0,-1,0.18258497025236772,2.082761649778929,8.718929,1.2305151
GSK690693,0,0,0,0.6287411669593999,-1.2937839690259723,4.3952317,2.5459714
CI-1040,0,0,0,-1.1954028796189495,0.15521630804420897,4.767864,-0.23170729
AMG-319,0,0,0,-0.43044046159965915,1.5257692896445552,8.367159,0.6136664
SGC0946,0,0,-1,2.832502492482675,-0.6307056718664666,6.042461,3.271247
Voxtalisib,0,0,0,-2.201235624837654,-1.1263132577290982,2.7406774,-1.3662626
UNC0638,0,0,-1,0.8628493857546337,0.3446973427818582,3.4896905,2.6729174
GDC0810,0,0,0,-0.5379687653379993,2.1815033928714476,8.030346,-0.2109547
Apitolisib,0,0,0,1.4440028199309283,-1.0214946335644655,4.225071,2.55546
CUDC-101,0,0,0,0.8600003961959876,-0.08459091707811275,5.670586,2.6141336
MN-64,0,0,0,-3.5610308040632495,0.7574064585435197,3.732801,-2.1484225
L-Oxonoreleagnine,0,0,0,-3.983556194802484,-0.905837953120222,2.3372257,-1.7830504
NG-25,0,0,0,1.0064680862719775,1.7553940233427907,8.369077,2.9722867
Ipatasertib,0,0,0,-0.34351666350401644,-0.8044857059545327,3.1603987,2.0138009
PHA-665752,0,0,0,1.9113820656275244,1.626230682982399,8.277614,3.1535187
Mirin,0,0,0,-3.4955745920706685,-1.5775536330166253,2.1141274,-1.7298936
I-BET-762,0,0,0,-0.9354715898134979,0.25208241904932793,4.039468,0.5300156
Bromosporine,0,0,0,-0.38108747069689697,-0.9473130595209851,3.8943791,-0.2913869
BI-2536,0,0,0,1.0678678997091156,-0.4469617081984328,3.2585802,2.547556
Avagacestat,0,0,-1,0.7342111619825114,-0.09654048459315971,5.4262567,1.9348555
CAY10566,0,0,0,-1.159082971866261,0.08904059885589355,3.858452,0.85674673
AZD8931,0,0,0,0.28996198457445016,0.001982867508164103,4.8943458,1.8519518
MIRA-1,0,0,-1,-3.582024802660025,-2.8251675959787823,1.3970187,-0.9089373
Sorafenib,0,0,0,-0.27276351584210845,0.5619187094086706,5.4648037,0.4214292
Tretinoin,0,0,-1,-3.1652345792223966,-1.0250766467654921,2.1839054,-0.24652791
FMK,0,0,0,-1.3737476451853166,-0.6729330030283883,3.942414,-0.2331029
Mitoxantrone,0,0,-1,2.441889258577642,-2.7639466236211656,5.622652,3.3863997
UNC1215,0,0,-1,0.26320277614292065,0.7410489310015058,3.2643137,2.4323397
KIN001-266,0,0,0,1.3612318814247417,1.5582056953503378,8.221481,3.0203447
GSK1059615,0,0,0,-2.1910756667118556,0.5890510752380531,4.188812,-1.9779916
CPI-613,0,0,-1,-1.2227264254305563,0.14964218463000917,4.526233,0.8842433
Nilotinib,0,0,0,1.2153922329852767,2.3632334121626686,8.287549,2.3459973
Cyclophosphamide,0,0,-1,-2.999384985561021,-3.364466324685748,1.6605501,-0.24894467
XMD11-50,0,0,0,1.5399059705799074,0.7093068158962959,6.822158,3.8036764
GSK2606414,0,0,0,-0.5229479014695863,1.4073764683390242,7.9507217,0.8708543
XMD11-85h,0,0,0,1.2032452482674154,-0.31987812463509513,3.2484229,2.5717745
GSK319347A,0,0,0,0.3224395705308673,0.917343418044743,7.3548226,1.547095
Sabutoclax,1,0,-1,4.609525404060352,2.4905748748391416,7.7347937,3.6171265
Z-LLNle-CHO,0,0,-1,0.7914092419408698,-1.9929870451463332,5.0523415,2.8936734
Dihydrorotenone,0,0,0,-1.5803196707900278,0.045994821989915904,3.2718704,0.81854546
Vismodegib,0,0,0,-1.5621430785411692,0.6338152576757632,4.677192,-1.2350172
HG-5-88-01,0,0,-1,2.6963203839806753,-0.34803276894987495,6.098721,3.2620592
Salubrinal,0,0,0,-0.22074153703374588,0.8781953286808457,5.751894,0.41847584
Taselisib,0,0,0,0.3946997275435867,0.5742057233974396,6.942369,1.4152794
PFI3,0,0,0,-2.1190831913351467,-0.42335276906948727,3.2905335,-1.5894438
Mitomycin-C,0,0,-1,-0.4280245487369653,-3.3276477743202646,0.5713374,-0.57990015
GSK-LSD1,0,0,-1,-3.71254941130961,-1.7905139220329012,2.3504465,-1.3916767
CP466722,0,0,0,-0.7739987826828255,0.02283739873545229,7.325336,0.754495
Veliparib,0,0,0,-2.755057049333597,-1.6924301707213154,2.471588,-1.4829333
AGK2,0,0,0,-0.733262464443645,2.0968058184272222,8.039578,-0.32275826
AST-1306,0,0,0,-0.08892382375655077,1.675773313268269,7.877723,-0.015467435
Ruxolitinib,0,0,0,-2.1042989521030786,-0.26987433456525595,3.2293992,-1.3717388
Sinularin,0,0,-1,-2.0741208014830868,-1.4699180521436626,1.7574033,0.033705633
LJI308,0,0,0,-2.0747407976279453,0.6299057428354475,3.8272226,-1.8665595
PD0325901,0,0,0,-0.2591168842396794,-1.2184455173413757,5.4309645,0.49800596
CMK,0,0,0,-1.0856002778871081,-0.4726169651500626,4.1723237,-0.16319442
BMS-536924,0,0,0,0.9709119993675911,0.6859869190030553,7.312216,2.6750798
GSK2578215A,0,0,0,-1.0549800028556948,1.6242028342284336,7.7532024,-0.46904448
MK-2206,0,0,0,-0.49530304164662897,1.949745311160205,8.648747,0.832443
KIN001-260,0,0,0,-1.0498840094899542,-1.0175569907314095,3.168446,0.085710436
GSK-LSD1-2HCl,0,0,-1,-3.71254941130961,-1.7905139220329012,2.34729,-1.3152554
GSK343,0,0,0,1.432405155086294,1.0565833066179011,7.9512167,3.0836146
Ribociclib,0,0,0,0.020862251674636633,-0.2346542029868589,3.4233656,1.7165465
BIBR-1532,0,0,0,-2.402605473758283,0.585618272396681,3.988931,-1.9851036
Tipifarnib,0,0,0,-0.2918885369483855,2.5445856277575905,9.069096,0.501992
AZD8835,0,0,0,1.2548852800966284,-1.3576478756038406,4.268359,2.6200318
Venetoclax,1,0,-1,6.299228665539627,3.3241855115802883,7.2125278,4.956259
Doramapimod,0,0,0,0.9660526750831263,1.7326821153517524,8.366868,2.8448017
IWP-2,0,0,0,0.1906977362307213,1.453332098181004,7.9140882,1.6996267
Sunitinib,0,0,0,-1.028859518262954,-0.7798510129688564,3.477038,0.16375443
KU-55933,0,0,0,-1.458008115243651,1.3368509165699203,7.0689344,-0.061399754
CP724714,0,0,0,0.7204493721485236,1.09754150966625,7.586838,2.4738092
Tamoxifen,0,0,-1,-2.0307829544554967,1.4397898179377713,7.289318,-0.59307355
Niraparib,0,0,0,-2.212421103026729,-0.182787264103901,3.3859336,-1.5189706
GSK1904529A,1,0,-1,5.9415375911712305,3.49789450407058,7.2216673,4.9458776
"eEF2K Inhibitor, A-484954",0,0,0,-1.9013633497215319,-2.2707298260044277,2.5034482,-1.1895108
WZ3105,0,0,0,0.7957992863409525,0.011792895669435718,5.21093,2.3452852
EPZ5676,0,0,-1,2.882825366400401,0.16275730723372772,6.411375,3.4368925
QS11,0,0,-1,2.069535091815058,3.554409444628251,8.780087,2.7514212
Venotoclax,1,0,-1,6.299228665539627,3.3241855115802883,7.216966,4.9275355
AZD3514,0,0,0,0.38078089777083113,-0.3840069479422227,3.1974123,2.453715
Selumetinib,0,0,0,-0.2811832959740896,-0.1406773224207656,5.554246,0.34971952
Wee1 Inhibitor,0,0,0,-1.3755463212057475,1.3946321240823727,8.302754,-0.0785366
CGP-082996,0,0,0,0.9155372937972992,1.110628573099039,7.5547037,2.6729484
Tozasertib,0,0,0,0.894372847844797,-0.043220544859564,4.9735756,2.2714984
Teniposide,0,0,-1,3.78118674968197,0.279271182110404,6.802191,4.293581
AS605240,0,0,0,-3.1315574290475734,-0.6906410117881654,2.3091397,-1.8536494
P22077,0,0,0,-2.363568069619004,-0.14640238833472763,4.492593,-1.0163869
AZD8055,0,0,0,0.32492842886084783,-0.14458378976040656,3.4568741,1.8643302
LMP744,0,0,0,0.7696996570723789,-0.21267870824193102,4.884887,2.2940092
GSK2110183B,0,0,0,-1.0420910837763246,-0.01256839856675166,4.6647854,-0.36480096
I-CBP112,0,0,0,-0.4873277033030498,0.007156833556911138,3.410427,2.1842015
Oxaliplatin,0,0,-1,-2.69042327348895,-3.363403075660235,1.4988283,-0.3687512
UNC0642,0,0,-1,1.3772895458335002,0.052154408385612444,3.4289505,2.716069
MIM1,0,0,0,-1.3169870051833703,-1.172855744403887,3.0520284,-0.22602612
Kobe2602,0,0,-1,0.004210048007246991,-0.7428728710304965,5.6019692,0.4026854
glutathione,0,0,-1,-0.15843564496797718,-5.131942424067539,0.40035138,-0.72171617
FR-180204,0,0,0,-1.2063787018921293,1.267133135907836,8.257612,0.4236456
NVP-BHG712,0,0,0,0.8891113001591453,2.1114403063329186,7.918973,2.1076593
Fulvestrant,0,0,-1,1.5413976279672814,0.4989903746924528,3.672904,2.7846777
SB505124,0,0,0,-2.262033595999051,0.44503308529120794,3.604649,-1.8883166
SU11274,0,0,0,0.967295809871332,0.7497421891635531,7.950924,2.7611432
MPS-1-IN-1,0,0,0,2.025467505311669,0.9577092649104021,7.2370296,2.9854097
YM201636,0,0,0,1.1200632172502605,1.4038675083733483,8.065556,1.5244266
T0901317,0,0,-1,-1.085722982990654,-0.4079229907312027,4.576562,-0.4025283
WEHI-539,0,0,-1,2.8053090933378857,2.360467530604362,8.07578,3.5249875
AKT inhibitor VIII,0,0,-1,1.7246048843808468,4.0507197604697085,8.951084,2.4238536
Erlotinib,0,0,0,-0.3459325531684418,-0.057947463175989304,4.786728,1.2093016
OF-1,0,0,0,-1.3499138827752764,-0.2220523107134154,4.4536757,-0.30948308
Picolinici-acid,0,0,-1,-4.7730362695742805,-1.7602076897693288,1.7696548,-1.4472445
AZD5153,0,0,0,0.564004054165977,-0.12009364573575684,3.3759959,2.1658325
Ara-G,0,0,1,-0.4178087370023422,-3.547588577199858,0.49161938,-0.60833967
Torin 2,0,0,0,-0.6574836420942406,2.3497200837021484,9.002499,0.47939813
GW441756,0,0,0,-3.1140449858096257,0.5754726749083879,3.9326816,-2.1615644
NPK76-II-72-1,0,0,0,0.9535625071111234,-0.4447168363449005,3.162674,2.6000924
XMD14-99,0,0,0,0.38989349354573655,0.4401923459867591,5.143117,1.821928
Ispinesib Mesylate,0,0,0,0.5064729664286611,1.5818476512265673,8.350352,2.6545548
Lenalidomide,0,0,-1,-2.511949593909786,-2.0339725196535547,1.566186,-0.8584312
WHI-P97,0,0,0,-1.1225879126177638,0.2871052312056824,4.6802325,-0.82188493
CPI-637,0,0,0,-1.01276879718137,1.0297245832901174,7.4842596,0.500347
PRIMA-1MET,0,0,-1,-3.2387039407211726,-3.3526022499005204,1.6125861,-0.36808908
Acetalax,0,0,0,-1.1517798240370891,0.6759233322478624,7.039083,-0.098054044
Fludarabine,0,0,1,-0.7897667034083711,-3.175907316645522,0.5883314,-0.6065253
Flavopiridol,0,0,0,-0.905174664010297,-0.17445901851993673,3.674773,-0.81226283
GNF-2,0,0,0,-1.3736229722318942,0.008866740177905424,4.5767555,-0.9652298
ACY-1215,0,0,0,0.6572365468986432,-0.03996880093526163,5.6386337,2.5050137
Zoledronate,0,0,-1,-1.35796507610546,-3.8779053877868157,0.5381106,-0.6646456
alpha-lipoic acid,0,0,-1,-3.4099680824642946,-2.9167291299158364,1.7046857,-0.32708853
Lapatinib,0,0,-1,2.2831706143163975,2.144883116036933,8.184179,3.3909423
GSK626616AC,0,0,0,-1.593579811507465,1.0357305897124296,4.450279,-1.8016717
Panobinostat,0,0,-1,-0.8032310486775163,-0.056277138296012434,5.544174,0.6896266
EPZ004777,0,0,-1,2.435272057101582,-0.9044218717184044,6.009517,3.1724443
Trichostatin A,0,0,-1,-1.8798296459109218,-1.5300894759039179,2.4098036,-0.3741566
Wnt-C59,0,0,0,-1.5616189228854365,1.7240104360087303,7.603472,-0.60531485
KRAS (G12C) Inhibitor-12,0,0,-1,-1.3492333266609875,-1.5145518426197262,2.7703633,-0.22813214
SGC-CBP30,0,0,0,0.5923987593957597,1.6590443305202223,8.448199,2.4821773
GSK2830371,0,0,0,0.12631116836867487,-0.43510926440313363,3.9228551,2.4077547
Crizotinib,0,0,0,-0.44890343477223127,0.45695046173193027,4.610687,1.3530648
Enzastaurin,0,0,0,0.6279249920500187,2.809423426451017,8.896495,1.9393289
Dabrafenib,0,0,0,0.8370896343199812,1.110876762808855,7.5317016,1.8895667
PHA-793887,0,0,-1,-1.751858230801926,-2.130992147348657,2.766085,0.36846218
Alectinib,0,0,-1,-0.274547423097057,1.149759591194288,3.5536335,2.015881
ZSTK474,0,0,0,-0.3517896539670874,-0.3473713978217382,3.330621,1.6484842
GW843682X,0,0,0,0.23987852347248326,1.092841423641448,7.455889,1.6453747
A-83-01,0,0,0,-0.8014934213839955,2.6337079640216214,9.061251,0.4526023
Nelarabine,0,0,1,-0.4654239476340658,-3.358019043001576,0.5142055,-0.5654681
MK-8776,0,0,0,-1.5050840387094555,-0.7190900699598867,3.3010347,-0.56950605
VE821,0,0,0,-1.301957169199666,-0.46088537160689474,4.1932516,-0.7478565
Osimertinib,0,0,0,1.182148556263359,1.012879500453954,7.6870723,2.7253134
AZD3759,0,0,0,-0.36473101019073156,0.32410960295244456,4.1649823,1.3496096
AGI-6780,0,0,0,0.07439202007689454,0.7044312978180828,5.432426,0.46653882
PAC-1,0,0,0,-0.7139970567626278,-0.657546947690184,4.492703,0.6109277
5-Fluorouracil,0,0,-1,-4.295395455679887,-2.3270846843099116,1.706627,-1.3644793
GSK1070916,0,0,0,0.8212209922828708,2.2939406334282606,8.463776,2.7523258
Tubastatin A,0,0,0,-1.9244985952767375,0.12749906412832399,3.6654224,-1.5828259
SB590885,0,0,0,0.4378588923019904,1.4305843652654047,7.999814,2.329927
NVP-ADW742,0,0,0,0.09996287921558764,1.802084026400127,8.596828,2.045044
Imatinib,0,0,0,0.8192311295410621,1.320792283490372,7.870505,2.6204786
AICA Ribonucleotide,0,0,-1,0.611268867765462,-4.593606450803513,0.44658712,-0.59874684
Pilaralisib,0,0,0,2.046064348303852,0.5662391045671443,7.029538,2.5007572
LGK974,0,0,0,-0.7422360169682656,0.8770467958666983,7.384017,0.2623006
Pelitinib,0,0,0,0.11339175880363817,0.4233875136939431,5.2661815,1.4480029
GSK2830371A,0,0,0,0.12631116836867487,-0.43510926440313363,3.9041262,2.3560076
SCH772984,0,0,0,2.5053372870761046,1.9318810555402672,7.7955866,3.4443212
VX-11e,0,0,0,0.8747250044245654,1.1114604914388253,7.258319,2.3459837
GSK2801,0,0,0,-1.7671638389950928,0.3168229792039882,4.4788113,-0.031028818
A-366,0,0,-1,-1.9518265561832646,-1.362642520844086,2.793909,0.36146307
AZD5582,1,0,-1,8.119506485192245,0.4941311470111897,6.913802,5.0881257
Pemetrexed,0,0,-1,1.4303305719578048,-1.8187734630477885,5.535779,3.236158
VX-702,0,0,0,-1.2869439703091738,0.15682426970115293,4.651114,-0.92793334
PF-00299804,0,0,0,0.13340343002655208,0.6134135769297638,5.1068735,1.608778
Dacarbazine,0,0,-1,-2.96723104335749,-2.8613469339577287,1.3316927,-0.97014403
I-BRD9,0,0,0,0.04578138975382869,0.3642824576440065,4.650145,1.5711062
WZ4003,0,0,0,0.8033050924612218,0.37159240368521707,5.338137,1.975812
PRT062607,0,0,0,0.536658315532325,-1.1791715878104083,4.660559,2.6557658
Gefitinib,0,0,0,-0.10022764864864095,0.28353177664565304,4.8668747,1.6328161
TPCA-1,0,0,0,-2.7385057552673677,-1.2453647135548516,2.3722117,-1.9049314
NSC-207895,0,0,-1,-1.6476404883535523,-1.7747074128441063,1.3589556,-0.712619
Methotrexate,0,0,-1,2.1692002250921427,-2.0207355235720126,5.6929593,3.451009
UNC0379,0,0,0,-0.24289769351900936,-0.6485503958915935,3.4885998,2.2483027
Alpelisib,0,0,0,-0.7622708225804421,-1.0164688939383588,3.0885062,1.3701215
Ibrutinib,0,0,0,-0.042269213669192396,1.245499181175994,7.912249,1.0753801
Dacinostat,0,0,0,-0.2332963753799436,-0.37907365821477196,5.4331574,0.9227949
Elephantin,0,0,-1,-1.0728632260552318,-1.5535105814700452,1.6512163,0.039313503
Vorinostat,0,0,-1,-2.0226973832965296,-2.141207363877442,2.117957,-0.27303442
Leflunomide,0,0,0,-3.4946109676171577,-0.8859006671481527,2.5251627,-1.9751586
Sapitinib,0,0,0,0.28996198457445016,0.001982867508164103,4.9210596,1.8577014
PCI-34051,0,0,0,-2.3191873669249876,-0.0734147335466879,3.6533806,-1.5810977
ABT737,1,0,-1,5.228834638030792,3.0502096569104187,7.249662,4.982103
NSC319726,0,0,-1,-3.1855860541665355,-1.628591905236864,1.5956634,-0.8304185
ICL-SIRT078,0,0,0,0.41826957963079603,2.205517406814643,8.784858,1.9719956
Afatinib,0,0,0,0.5524341078160243,0.32771471076445957,5.1909432,1.8732214
AZD1208,0,0,0,-1.6805972673991252,-0.24962303236988487,3.2829394,-1.6783719
HKMTI-1-005,0,0,0,0.35651840413962815,0.3056018799187385,3.5540924,1.9399885
AT-7519,0,0,0,-1.1069180969545183,-1.3417680322839454,3.2890608,-0.2013478
VE-822,0,0,0,0.6717396679065858,0.5597365425707567,7.32811,1.6672003
Entinostat,0,0,0,-0.8731580913625163,-0.19029049695980244,4.2735915,-0.78145736
AZD5991,0,0,-1,2.1008396701797363,4.1004945639622745,8.940985,2.383073
ML323,0,0,0,-0.9591577825108133,1.1403125103425338,7.4421873,-0.13261364
Ulixertinib,0,0,0,-0.26924375197728273,0.00906444716887778,5.267349,0.6918792
BMS-345541,0,0,0,-2.6511754000873102,-0.8289450415622293,2.7476804,-1.6123943
Bosutinib,0,0,0,1.001965462789668,0.639301144248984,5.741244,2.2195592
CD532,0,0,0,1.9245552920453608,1.4341043686329833,7.203203,2.8906708
RU-SKI 43,0,0,0,-1.6705183261063081,-0.47468326162399566,3.1813707,0.48925877
Linsitinib,0,0,0,-0.2332386887498284,2.0583211237011914,8.722581,0.9327591
CI-1033,0,0,0,0.7953615043081291,0.3878007109864393,5.585612,2.080769
S-Trityl-L-cysteine,0,0,0,-1.7599167315798658,0.3525962454234718,4.22788,-1.4971458
Navitoclax,1,0,-1,6.60183244378066,3.0371244708904053,7.1925445,4.9836764
MK-1775,0,0,0,1.2926532331923668,0.5835290093173028,7.340315,3.3362231
Pyrimethamine,0,0,0,-3.253449223094819,-1.241372103338912,2.342844,-1.849912
TAK-715,0,0,0,-1.19597429232825,1.8182430181842135,7.796477,-0.3984794
Remodelin,0,0,0,-2.869874764259203,-0.5294486398062922,2.7107613,-1.9028319
POMHEX,0,0,-1,0.17535493774781052,-3.052305399703071,4.840156,3.188634
