drug_a,drug_b,total_score,target_diversity,pathway_complementarity,potency,structural_novelty,tanimoto,targets_a,targets_b,pathway_a,pathway_b,rationale,excluded_reason,rank
TGX221,WH-4-023,0.9783333333333333,1.0,1.0,0.9833333333333334,0.8333333333333334,0.16666666666666666,PI3KBETA,LCK;SRC,PI3K/MTOR signaling,"Other, kinases",distinct targets; different GDSC pathways,,1
TGX221,Staurosporine,0.972,1.0,1.0,0.95,0.87,0.13,PI3KBETA,BROAD SPECTRUM KINASE INHIBITOR,PI3K/MTOR signaling,RTK signaling,distinct targets; different GDSC pathways; both GBM-selective,,2
TGX221,GSK269962A,0.9707339449541283,1.0,1.0,0.9666666666666667,0.8073394495412844,0.1926605504587156,PI3KBETA,ROCK1;ROCK2,PI3K/MTOR signaling,Cytoskeleton,distinct targets; different GDSC pathways; both GBM-selective,,3
WH-4-023,Staurosporine,0.9688888888888888,1.0,1.0,0.9333333333333333,0.8888888888888888,0.1111111111111111,LCK;SRC,BROAD SPECTRUM KINASE INHIBITOR,"Other, kinases",RTK signaling,distinct targets; different GDSC pathways,,4
TGX221,Pazopanib,0.9674999999999999,1.0,1.0,0.9333333333333333,0.875,0.125,PI3KBETA,CSF1R;KIT;PDGFRA;PDGFRB,PI3K/MTOR signaling,RTK signaling,distinct targets; different GDSC pathways; both GBM-selective,,5
GSK269962A,Staurosporine,0.96484375,1.0,1.0,0.9166666666666667,0.8984375,0.1015625,ROCK1;ROCK2,BROAD SPECTRUM KINASE INHIBITOR,Cytoskeleton,RTK signaling,distinct targets; different GDSC pathways; both GBM-selective,,6
WH-4-023,GSK269962A,0.9645081967213114,1.0,1.0,0.95,0.7950819672131147,0.20491803278688525,LCK;SRC,ROCK1;ROCK2,"Other, kinases",Cytoskeleton,distinct targets; different GDSC pathways,,7
GSK269962A,Pazopanib,0.9566666666666667,1.0,1.0,0.9,0.8666666666666667,0.13333333333333333,ROCK1;ROCK2,CSF1R;KIT;PDGFRA;PDGFRB,Cytoskeleton,RTK signaling,distinct targets; different GDSC pathways; both GBM-selective,,8
TGX221,"CAP-232, TT-232, TLN-232",0.95484375,1.0,1.0,0.8833333333333333,0.8984375,0.1015625,PI3KBETA,GLYCOLYSIS,PI3K/MTOR signaling,Metabolism,distinct targets; different GDSC pathways; both GBM-selective,,9
TGX221,Tanespimycin,0.9533884297520661,1.0,1.0,0.8666666666666667,0.9338842975206612,0.06611570247933884,PI3KBETA,HSP90,PI3K/MTOR signaling,Protein stability and degradation,distinct targets; different GDSC pathways; both GBM-selective,,10
WH-4-023,"CAP-232, TT-232, TLN-232",0.9525170068027211,1.0,1.0,0.8666666666666667,0.9251700680272109,0.07482993197278912,LCK;SRC,GLYCOLYSIS,"Other, kinases",Metabolism,distinct targets; different GDSC pathways,,11
WH-4-023,Pazopanib,0.9474489795918367,1.0,1.0,0.9166666666666667,0.7244897959183674,0.2755102040816326,LCK;SRC,CSF1R;KIT;PDGFRA;PDGFRB,"Other, kinases",RTK signaling,distinct targets; different GDSC pathways,,12
WH-4-023,Tanespimycin,0.946044776119403,1.0,1.0,0.85,0.9104477611940298,0.08955223880597014,LCK;SRC,HSP90,"Other, kinases",Protein stability and degradation,distinct targets; different GDSC pathways,,13
GSK269962A,"CAP-232, TT-232, TLN-232",0.9459677419354838,1.0,1.0,0.8500000000000001,0.9096774193548387,0.09032258064516129,ROCK1;ROCK2,GLYCOLYSIS,Cytoskeleton,Metabolism,distinct targets; different GDSC pathways; both GBM-selective,,14
GSK269962A,Tanespimycin,0.9417241379310345,1.0,1.0,0.8333333333333333,0.9172413793103449,0.08275862068965517,ROCK1;ROCK2,HSP90,Cytoskeleton,Protein stability and degradation,distinct targets; different GDSC pathways; both GBM-selective,,15
Staurosporine,"CAP-232, TT-232, TLN-232",0.9382352941176471,1.0,1.0,0.8333333333333334,0.8823529411764706,0.11764705882352941,BROAD SPECTRUM KINASE INHIBITOR,GLYCOLYSIS,RTK signaling,Metabolism,distinct targets; different GDSC pathways; both GBM-selective,,16
Pazopanib,"CAP-232, TT-232, TLN-232",0.9377007299270073,1.0,1.0,0.8166666666666667,0.927007299270073,0.072992700729927,CSF1R;KIT;PDGFRA;PDGFRB,GLYCOLYSIS,RTK signaling,Metabolism,distinct targets; different GDSC pathways; both GBM-selective,,17
TGX221,BX795,0.9362745098039216,1.0,1.0,0.8333333333333333,0.8627450980392157,0.13725490196078433,PI3KBETA,AURKB;AURKC;IKK;PDK1 (PDPK1);TBK1,PI3K/MTOR signaling,"Other, kinases",distinct targets; different GDSC pathways; both GBM-selective,,18
TGX221,Bleomycin (10 uM),0.9332584269662921,1.0,1.0,0.8,0.9325842696629214,0.06741573033707865,PI3KBETA,DSDNA BREAK INDUCTION,PI3K/MTOR signaling,DNA replication,distinct targets; different GDSC pathways; both GBM-selective,,19
WH-4-023,AZD6482,0.9331775700934579,1.0,1.0,0.8333333333333333,0.8317757009345794,0.16822429906542055,LCK;SRC,PI3KBETA,"Other, kinases",PI3K/MTOR signaling,distinct targets; different GDSC pathways,,20
Pazopanib,Tanespimycin,0.9328571428571428,1.0,1.0,0.8,0.9285714285714286,0.07142857142857142,CSF1R;KIT;PDGFRA;PDGFRB,HSP90,RTK signaling,Protein stability and degradation,distinct targets; different GDSC pathways; both GBM-selective,,21
Staurosporine,Tanespimycin,0.9302459016393443,1.0,1.0,0.8166666666666667,0.8524590163934427,0.14754098360655737,BROAD SPECTRUM KINASE INHIBITOR,HSP90,RTK signaling,Protein stability and degradation,distinct targets; different GDSC pathways; both GBM-selective,,22
WH-4-023,Bleomycin (10 uM),0.9288461538461539,1.0,1.0,0.7833333333333333,0.9384615384615385,0.06153846153846154,LCK;SRC,DSDNA BREAK INDUCTION,"Other, kinases",DNA replication,distinct targets; different GDSC pathways,,23
Staurosporine,BX795,0.9282773109243697,1.0,1.0,0.7833333333333333,0.9327731092436975,0.06722689075630252,BROAD SPECTRUM KINASE INHIBITOR,AURKB;AURKC;IKK;PDK1 (PDPK1);TBK1,RTK signaling,"Other, kinases",distinct targets; different GDSC pathways; both GBM-selective,,24
WH-4-023,torin2,0.9279629629629629,1.0,1.0,0.8,0.8796296296296297,0.12037037037037036,LCK;SRC,ATM;ATR;DNAPK;MTOR,"Other, kinases",PI3K/MTOR signaling,distinct targets; different GDSC pathways,,25
GSK269962A,AZD6482,0.9267391304347826,1.0,1.0,0.8166666666666667,0.817391304347826,0.1826086956521739,ROCK1;ROCK2,PI3KBETA,Cytoskeleton,PI3K/MTOR signaling,distinct targets; different GDSC pathways; both GBM-selective,,26
Staurosporine,AZD6482,0.9255769230769231,1.0,1.0,0.8,0.8557692307692308,0.14423076923076922,BROAD SPECTRUM KINASE INHIBITOR,PI3KBETA,RTK signaling,PI3K/MTOR signaling,distinct targets; different GDSC pathways; both GBM-selective,,27
Pazopanib,AZD6482,0.9243203883495146,1.0,1.0,0.7833333333333333,0.8932038834951457,0.10679611650485436,CSF1R;KIT;PDGFRA;PDGFRB,PI3KBETA,RTK signaling,PI3K/MTOR signaling,distinct targets; different GDSC pathways; both GBM-selective,,28
TGX221,Bleomycin (50 uM),0.9232584269662921,1.0,1.0,0.7666666666666666,0.9325842696629214,0.06741573033707865,PI3KBETA,DSDNA BREAK INDUCTION,PI3K/MTOR signaling,DNA replication,distinct targets; different GDSC pathways; both GBM-selective,,29
Staurosporine,torin2,0.9215094339622641,1.0,1.0,0.7666666666666666,0.9150943396226415,0.08490566037735849,BROAD SPECTRUM KINASE INHIBITOR,ATM;ATR;DNAPK;MTOR,RTK signaling,PI3K/MTOR signaling,distinct targets; different GDSC pathways; both GBM-selective,,30
GSK269962A,torin2,0.9212068965517242,1.0,1.0,0.7833333333333333,0.8620689655172413,0.13793103448275862,ROCK1;ROCK2,ATM;ATR;DNAPK;MTOR,Cytoskeleton,PI3K/MTOR signaling,distinct targets; different GDSC pathways; both GBM-selective,,31
GSK269962A,BX795,0.92099173553719,1.0,1.0,0.8,0.8099173553719008,0.19008264462809918,ROCK1;ROCK2,AURKB;AURKC;IKK;PDK1 (PDPK1);TBK1,Cytoskeleton,"Other, kinases",distinct targets; different GDSC pathways; both GBM-selective,,32
Staurosporine,Bleomycin (10 uM),0.9203125,1.0,1.0,0.75,0.953125,0.046875,BROAD SPECTRUM KINASE INHIBITOR,DSDNA BREAK INDUCTION,RTK signaling,DNA replication,distinct targets; different GDSC pathways; both GBM-selective,,33
WH-4-023,Bleomycin (50 uM),0.9188461538461539,1.0,1.0,0.75,0.9384615384615385,0.06153846153846154,LCK;SRC,DSDNA BREAK INDUCTION,"Other, kinases",DNA replication,distinct targets; different GDSC pathways,,34
GSK269962A,Bleomycin (10 uM),0.9187755102040815,1.0,1.0,0.7666666666666666,0.8877551020408163,0.11224489795918367,ROCK1;ROCK2,DSDNA BREAK INDUCTION,Cytoskeleton,DNA replication,distinct targets; different GDSC pathways; both GBM-selective,,35
"CAP-232, TT-232, TLN-232",Tanespimycin,0.9159090909090909,1.0,1.0,0.75,0.9090909090909091,0.09090909090909091,GLYCOLYSIS,HSP90,Metabolism,Protein stability and degradation,distinct targets; different GDSC pathways; both GBM-selective,,36
Pazopanib,Bleomycin (10 uM),0.9146236559139784,1.0,1.0,0.7333333333333334,0.946236559139785,0.053763440860215055,CSF1R;KIT;PDGFRA;PDGFRB,DSDNA BREAK INDUCTION,RTK signaling,DNA replication,distinct targets; different GDSC pathways; both GBM-selective,,37
Pazopanib,BX795,0.9138095238095237,1.0,1.0,0.7666666666666666,0.8380952380952381,0.1619047619047619,CSF1R;KIT;PDGFRA;PDGFRB,AURKB;AURKC;IKK;PDK1 (PDPK1);TBK1,RTK signaling,"Other, kinases",distinct targets; different GDSC pathways; both GBM-selective,,38
TGX221,HG6-64-1,0.9132882882882882,1.0,1.0,0.75,0.8828828828828829,0.11711711711711711,PI3KBETA,BRAF,PI3K/MTOR signaling,ERK MAPK signaling,distinct targets; different GDSC pathways; both GBM-selective,,39
Pazopanib,torin2,0.9127551020408162,1.0,1.0,0.75,0.8775510204081632,0.12244897959183673,CSF1R;KIT;PDGFRA;PDGFRB,ATM;ATR;DNAPK;MTOR,RTK signaling,PI3K/MTOR signaling,distinct targets; different GDSC pathways; both GBM-selective,,40
Staurosporine,CRT0105446,0.9115887850467289,1.0,1.0,0.7333333333333334,0.9158878504672897,0.08411214953271028,BROAD SPECTRUM KINASE INHIBITOR,LCK;MTOR,RTK signaling,PI3K/MTOR signaling,distinct targets; different GDSC pathways; both GBM-selective,,41
GSK269962A,CRT0105446,0.9103448275862068,1.0,1.0,0.75,0.853448275862069,0.14655172413793102,ROCK1;ROCK2,LCK;MTOR,Cytoskeleton,PI3K/MTOR signaling,distinct targets; different GDSC pathways; both GBM-selective,,42
Staurosporine,Bleomycin (50 uM),0.9103125,1.0,1.0,0.7166666666666667,0.953125,0.046875,BROAD SPECTRUM KINASE INHIBITOR,DSDNA BREAK INDUCTION,RTK signaling,DNA replication,distinct targets; different GDSC pathways; both GBM-selective,,43
GSK269962A,Bleomycin (50 uM),0.9087755102040816,1.0,1.0,0.7333333333333334,0.8877551020408163,0.11224489795918367,ROCK1;ROCK2,DSDNA BREAK INDUCTION,Cytoskeleton,DNA replication,distinct targets; different GDSC pathways; both GBM-selective,,44
"CAP-232, TT-232, TLN-232",AZD6482,0.9086363636363636,1.0,1.0,0.7333333333333334,0.8863636363636364,0.11363636363636363,GLYCOLYSIS,PI3KBETA,Metabolism,PI3K/MTOR signaling,distinct targets; different GDSC pathways; both GBM-selective,,45
Tanespimycin,AZD6482,0.9069999999999999,1.0,1.0,0.7166666666666666,0.92,0.08,HSP90,PI3KBETA,Protein stability and degradation,PI3K/MTOR signaling,distinct targets; different GDSC pathways; both GBM-selective,,46
"CAP-232, TT-232, TLN-232",BX795,0.9050709219858156,1.0,1.0,0.7166666666666667,0.900709219858156,0.09929078014184398,GLYCOLYSIS,AURKB;AURKC;IKK;PDK1 (PDPK1);TBK1,Metabolism,"Other, kinases",distinct targets; different GDSC pathways; both GBM-selective,,47
Pazopanib,Bleomycin (50 uM),0.9046236559139784,1.0,1.0,0.7,0.946236559139785,0.053763440860215055,CSF1R;KIT;PDGFRA;PDGFRB,DSDNA BREAK INDUCTION,RTK signaling,DNA replication,distinct targets; different GDSC pathways; both GBM-selective,,48
Pazopanib,CRT0105446,0.904,1.0,1.0,0.7166666666666667,0.89,0.11,CSF1R;KIT;PDGFRA;PDGFRB,LCK;MTOR,RTK signaling,PI3K/MTOR signaling,distinct targets; different GDSC pathways; both GBM-selective,,49
"CAP-232, TT-232, TLN-232",torin2,0.9032835820895522,1.0,1.0,0.7,0.9328358208955224,0.06716417910447761,GLYCOLYSIS,ATM;ATR;DNAPK;MTOR,Metabolism,PI3K/MTOR signaling,distinct targets; different GDSC pathways; both GBM-selective,,50
Tanespimycin,BX795,0.9024812030075188,1.0,1.0,0.7,0.924812030075188,0.07518796992481203,HSP90,AURKB;AURKC;IKK;PDK1 (PDPK1);TBK1,Protein stability and degradation,"Other, kinases",distinct targets; different GDSC pathways; both GBM-selective,,51
TGX221,A-770041,0.9016071428571428,1.0,1.0,0.7166666666666667,0.8660714285714286,0.13392857142857142,PI3KBETA,FYN;LCK,PI3K/MTOR signaling,"Other, kinases",distinct targets; different GDSC pathways,,52
WH-4-023,HG6-64-1,0.9015126050420168,1.0,1.0,0.7333333333333334,0.8151260504201681,0.18487394957983194,LCK;SRC,BRAF,"Other, kinases",ERK MAPK signaling,distinct targets; different GDSC pathways,,53
Tanespimycin,torin2,0.8993548387096774,1.0,1.0,0.6833333333333333,0.9435483870967742,0.056451612903225805,HSP90,ATM;ATR;DNAPK;MTOR,Protein stability and degradation,PI3K/MTOR signaling,distinct targets; different GDSC pathways; both GBM-selective,,54
Staurosporine,HG6-64-1,0.8993442622950819,1.0,1.0,0.7,0.8934426229508197,0.10655737704918032,BROAD SPECTRUM KINASE INHIBITOR,BRAF,RTK signaling,ERK MAPK signaling,distinct targets; different GDSC pathways; both GBM-selective,,55
WH-4-023,Temsirolimus,0.8957975460122699,1.0,1.0,0.6833333333333333,0.9079754601226994,0.09202453987730061,LCK;SRC,MTOR,"Other, kinases",PI3K/MTOR signaling,distinct targets; different GDSC pathways,,56
AZD6482,BX795,0.892037037037037,1.0,1.0,0.6833333333333333,0.8703703703703703,0.12962962962962962,PI3KBETA,AURKB;AURKC;IKK;PDK1 (PDPK1);TBK1,PI3K/MTOR signaling,"Other, kinases",distinct targets; different GDSC pathways; both GBM-selective,,57
GSK269962A,HG6-64-1,0.8914227642276422,1.0,1.0,0.7166666666666667,0.7642276422764227,0.23577235772357724,ROCK1;ROCK2,BRAF,Cytoskeleton,ERK MAPK signaling,distinct targets; different GDSC pathways; both GBM-selective,,58
Pazopanib,HG6-64-1,0.8909649122807017,1.0,1.0,0.6833333333333333,0.8596491228070176,0.14035087719298245,CSF1R;KIT;PDGFRA;PDGFRB,BRAF,RTK signaling,ERK MAPK signaling,distinct targets; different GDSC pathways; both GBM-selective,,59
GSK269962A,Temsirolimus,0.8901162790697674,1.0,1.0,0.6666666666666667,0.9011627906976745,0.09883720930232558,ROCK1;ROCK2,MTOR,Cytoskeleton,PI3K/MTOR signaling,distinct targets; different GDSC pathways; both GBM-selective,,60
"CAP-232, TT-232, TLN-232",Bleomycin (10 uM),0.8893434343434343,1.0,1.0,0.6833333333333333,0.8434343434343434,0.15656565656565657,GLYCOLYSIS,DSDNA BREAK INDUCTION,Metabolism,DNA replication,distinct targets; different GDSC pathways; both GBM-selective,,61
"CAP-232, TT-232, TLN-232",CRT0105446,0.8892307692307693,1.0,1.0,0.6666666666666667,0.8923076923076922,0.1076923076923077,GLYCOLYSIS,LCK;MTOR,Metabolism,PI3K/MTOR signaling,distinct targets; different GDSC pathways; both GBM-selective,,62
Tanespimycin,Bleomycin (10 uM),0.8881443298969072,1.0,1.0,0.6666666666666666,0.8814432989690721,0.11855670103092783,HSP90,DSDNA BREAK INDUCTION,Protein stability and degradation,DNA replication,distinct targets; different GDSC pathways; both GBM-selective,,63
WH-4-023,Luminespib,0.887719298245614,1.0,1.0,0.6666666666666666,0.8771929824561404,0.12280701754385964,LCK;SRC,HSP90,"Other, kinases",Protein stability and degradation,distinct targets; different GDSC pathways,,64
AZD6482,Bleomycin (10 uM),0.8873076923076922,1.0,1.0,0.6499999999999999,0.9230769230769231,0.07692307692307693,PI3KBETA,DSDNA BREAK INDUCTION,PI3K/MTOR signaling,DNA replication,distinct targets; different GDSC pathways; both GBM-selective,,65
Staurosporine,A-770041,0.8868852459016393,1.0,1.0,0.6666666666666667,0.8688524590163934,0.13114754098360656,BROAD SPECTRUM KINASE INHIBITOR,FYN;LCK,RTK signaling,"Other, kinases",distinct targets; different GDSC pathways,,66
Staurosporine,Temsirolimus,0.8854458598726115,1.0,1.0,0.65,0.9044585987261147,0.09554140127388536,BROAD SPECTRUM KINASE INHIBITOR,MTOR,RTK signaling,PI3K/MTOR signaling,distinct targets; different GDSC pathways; both GBM-selective,,67
Tanespimycin,CRT0105446,0.885,1.0,1.0,0.6499999999999999,0.9,0.1,HSP90,LCK;MTOR,Protein stability and degradation,PI3K/MTOR signaling,distinct targets; different GDSC pathways; both GBM-selective,,68
GSK269962A,A-770041,0.8848449612403101,1.0,1.0,0.6833333333333333,0.7984496124031008,0.20155038759689922,ROCK1;ROCK2,FYN;LCK,Cytoskeleton,"Other, kinases",distinct targets; different GDSC pathways,,69
TGX221,Luminespib,0.8843478260869565,1.0,1.0,0.6833333333333333,0.7934782608695652,0.20652173913043478,PI3KBETA,HSP90,PI3K/MTOR signaling,Protein stability and degradation,distinct targets; different GDSC pathways; both GBM-selective,,70
Pazopanib,Temsirolimus,0.8843037974683544,1.0,1.0,0.6333333333333333,0.9430379746835443,0.056962025316455694,CSF1R;KIT;PDGFRA;PDGFRB,MTOR,RTK signaling,PI3K/MTOR signaling,distinct targets; different GDSC pathways; both GBM-selective,,71
TGX221,Cabozantinib,0.8841304347826087,1.0,1.0,0.65,0.8913043478260869,0.10869565217391304,PI3KBETA,AXL;FLT1;FLT3;FLT4;KIT;MET;RET;TIE2;VEGFR,PI3K/MTOR signaling,RTK signaling,distinct targets; different GDSC pathways,,72
BX795,torin2,0.8836792452830189,1.0,1.0,0.6499999999999999,0.8867924528301887,0.11320754716981132,AURKB;AURKC;IKK;PDK1 (PDPK1);TBK1,ATM;ATR;DNAPK;MTOR,"Other, kinases",PI3K/MTOR signaling,distinct targets; different GDSC pathways; both GBM-selective,,73
Pazopanib,A-770041,0.8822881355932204,1.0,1.0,0.65,0.8728813559322034,0.1271186440677966,CSF1R;KIT;PDGFRA;PDGFRB,FYN;LCK,RTK signaling,"Other, kinases",distinct targets; different GDSC pathways,,74
"CAP-232, TT-232, TLN-232",HG6-64-1,0.8798648648648648,1.0,1.0,0.6333333333333333,0.8986486486486487,0.10135135135135136,GLYCOLYSIS,BRAF,Metabolism,ERK MAPK signaling,distinct targets; different GDSC pathways; both GBM-selective,,75
BX795,Bleomycin (10 uM),0.8797297297297297,1.0,1.0,0.6333333333333333,0.8972972972972972,0.10270270270270271,AURKB;AURKC;IKK;PDK1 (PDPK1);TBK1,DSDNA BREAK INDUCTION,"Other, kinases",DNA replication,distinct targets; different GDSC pathways; both GBM-selective,,76
"CAP-232, TT-232, TLN-232",Bleomycin (50 uM),0.8793434343434343,1.0,1.0,0.65,0.8434343434343434,0.15656565656565657,GLYCOLYSIS,DSDNA BREAK INDUCTION,Metabolism,DNA replication,distinct targets; different GDSC pathways; both GBM-selective,,77
Staurosporine,Luminespib,0.879090909090909,1.0,1.0,0.6333333333333333,0.8909090909090909,0.10909090909090909,BROAD SPECTRUM KINASE INHIBITOR,HSP90,RTK signaling,Protein stability and degradation,distinct targets; different GDSC pathways; both GBM-selective,,78
torin2,Bleomycin (10 uM),0.8789226519337017,1.0,1.0,0.6166666666666667,0.9392265193370166,0.06077348066298342,ATM;ATR;DNAPK;MTOR,DSDNA BREAK INDUCTION,PI3K/MTOR signaling,DNA replication,distinct targets; different GDSC pathways; both GBM-selective,,79
Tanespimycin,Bleomycin (50 uM),0.8781443298969072,1.0,1.0,0.6333333333333333,0.8814432989690721,0.11855670103092783,HSP90,DSDNA BREAK INDUCTION,Protein stability and degradation,DNA replication,distinct targets; different GDSC pathways; both GBM-selective,,80
AZD6482,Bleomycin (50 uM),0.8773076923076923,1.0,1.0,0.6166666666666667,0.9230769230769231,0.07692307692307693,PI3KBETA,DSDNA BREAK INDUCTION,PI3K/MTOR signaling,DNA replication,distinct targets; different GDSC pathways; both GBM-selective,,81
Pazopanib,Luminespib,0.8756542056074766,1.0,1.0,0.6166666666666667,0.9065420560747663,0.09345794392523364,CSF1R;KIT;PDGFRA;PDGFRB,HSP90,RTK signaling,Protein stability and degradation,distinct targets; different GDSC pathways; both GBM-selective,,82
GSK269962A,Luminespib,0.8741304347826087,1.0,1.0,0.65,0.7913043478260869,0.20869565217391303,ROCK1;ROCK2,HSP90,Cytoskeleton,Protein stability and degradation,distinct targets; different GDSC pathways; both GBM-selective,,83
Tanespimycin,HG6-64-1,0.8731481481481481,1.0,1.0,0.6166666666666667,0.8814814814814815,0.11851851851851852,HSP90,BRAF,Protein stability and degradation,ERK MAPK signaling,distinct targets; different GDSC pathways; both GBM-selective,,84
TGX221,Dasatinib,0.8716326530612244,1.0,1.0,0.6333333333333333,0.8163265306122449,0.1836734693877551,PI3KBETA,ABL;EPHRINS;KIT;PDGFR;SRC,PI3K/MTOR signaling,"Other, kinases",distinct targets; different GDSC pathways,,85
BX795,Bleomycin (50 uM),0.8697297297297297,1.0,1.0,0.6,0.8972972972972972,0.10270270270270271,AURKB;AURKC;IKK;PDK1 (PDPK1);TBK1,DSDNA BREAK INDUCTION,"Other, kinases",DNA replication,distinct targets; different GDSC pathways; both GBM-selective,,86
BX795,CRT0105446,0.8694660194174757,1.0,1.0,0.6166666666666667,0.8446601941747574,0.1553398058252427,AURKB;AURKC;IKK;PDK1 (PDPK1);TBK1,LCK;MTOR,"Other, kinases",PI3K/MTOR signaling,distinct targets; different GDSC pathways; both GBM-selective,,87
"CAP-232, TT-232, TLN-232",A-770041,0.8693333333333333,1.0,1.0,0.6000000000000001,0.8933333333333333,0.10666666666666667,GLYCOLYSIS,FYN;LCK,Metabolism,"Other, kinases",distinct targets; different GDSC pathways,,88
torin2,Bleomycin (50 uM),0.8689226519337017,1.0,1.0,0.5833333333333333,0.9392265193370166,0.06077348066298342,ATM;ATR;DNAPK;MTOR,DSDNA BREAK INDUCTION,PI3K/MTOR signaling,DNA replication,distinct targets; different GDSC pathways; both GBM-selective,,89
TGX221,JNJ38877605,0.8681720430107527,1.0,1.0,0.6,0.8817204301075269,0.11827956989247312,PI3KBETA,MET,PI3K/MTOR signaling,RTK signaling,distinct targets; different GDSC pathways,,90
AZD6482,HG6-64-1,0.8679310344827587,1.0,1.0,0.6,0.8793103448275862,0.1206896551724138,PI3KBETA,BRAF,PI3K/MTOR signaling,ERK MAPK signaling,distinct targets; different GDSC pathways; both GBM-selective,,91
Staurosporine,Dasatinib,0.8673728813559322,1.0,1.0,0.5833333333333334,0.923728813559322,0.07627118644067797,BROAD SPECTRUM KINASE INHIBITOR,ABL;EPHRINS;KIT;PDGFR;SRC,RTK signaling,"Other, kinases",distinct targets; different GDSC pathways,,92
Bleomycin (10 uM),CRT0105446,0.8665730337078651,1.0,1.0,0.5833333333333333,0.9157303370786517,0.08426966292134831,DSDNA BREAK INDUCTION,LCK;MTOR,DNA replication,PI3K/MTOR signaling,distinct targets; different GDSC pathways; both GBM-selective,,93
Tanespimycin,A-770041,0.8665492957746478,1.0,1.0,0.5833333333333333,0.9154929577464789,0.08450704225352113,HSP90,FYN;LCK,Protein stability and degradation,"Other, kinases",distinct targets; different GDSC pathways,,94
"CAP-232, TT-232, TLN-232",Temsirolimus,0.866304347826087,1.0,1.0,0.5833333333333334,0.9130434782608696,0.08695652173913043,GLYCOLYSIS,MTOR,Metabolism,PI3K/MTOR signaling,distinct targets; different GDSC pathways; both GBM-selective,,95
GSK269962A,Cabozantinib,0.8657339449541284,1.0,1.0,0.6166666666666667,0.8073394495412844,0.1926605504587156,ROCK1;ROCK2,AXL;FLT1;FLT3;FLT4;KIT;MET;RET;TIE2;VEGFR,Cytoskeleton,RTK signaling,distinct targets; different GDSC pathways,,96
WH-4-023,Cabozantinib,0.8647368421052631,1.0,1.0,0.6333333333333333,0.7473684210526316,0.25263157894736843,LCK;SRC,AXL;FLT1;FLT3;FLT4;KIT;MET;RET;TIE2;VEGFR,"Other, kinases",RTK signaling,distinct targets; different GDSC pathways,,97
WH-4-023,JNJ38877605,0.8629629629629629,1.0,1.0,0.5833333333333334,0.8796296296296297,0.12037037037037036,LCK;SRC,MET,"Other, kinases",RTK signaling,distinct targets; different GDSC pathways,,98
TGX221,Bortezomib,0.8615168539325843,1.0,1.0,0.5833333333333334,0.8651685393258427,0.1348314606741573,PI3KBETA,PROTEASOME,PI3K/MTOR signaling,Protein stability and degradation,distinct targets; different GDSC pathways; both GBM-selective,,99
GSK269962A,Dasatinib,0.8589915966386554,1.0,1.0,0.6,0.7899159663865546,0.21008403361344538,ROCK1;ROCK2,ABL;EPHRINS;KIT;PDGFR;SRC,Cytoskeleton,"Other, kinases",distinct targets; different GDSC pathways,,100
BX795,HG6-64-1,0.858050847457627,1.0,1.0,0.5833333333333333,0.8305084745762712,0.1694915254237288,AURKB;AURKC;IKK;PDK1 (PDPK1);TBK1,BRAF,"Other, kinases",ERK MAPK signaling,distinct targets; different GDSC pathways; both GBM-selective,,101
"CAP-232, TT-232, TLN-232",Luminespib,0.8572180451127819,1.0,1.0,0.5666666666666667,0.8721804511278195,0.12781954887218044,GLYCOLYSIS,HSP90,Metabolism,Protein stability and degradation,distinct targets; different GDSC pathways; both GBM-selective,,102
GSK269962A,JNJ38877605,0.8571794871794871,1.0,1.0,0.5666666666666667,0.8717948717948718,0.1282051282051282,ROCK1;ROCK2,MET,Cytoskeleton,RTK signaling,distinct targets; different GDSC pathways,,103
Bleomycin (10 uM),HG6-64-1,0.8568367346938776,1.0,1.0,0.55,0.9183673469387755,0.08163265306122448,DSDNA BREAK INDUCTION,BRAF,DNA replication,ERK MAPK signaling,distinct targets; different GDSC pathways; both GBM-selective,,104
CRT0105446,Bleomycin (50 uM),0.8565730337078652,1.0,1.0,0.55,0.9157303370786517,0.08426966292134831,LCK;MTOR,DSDNA BREAK INDUCTION,PI3K/MTOR signaling,DNA replication,distinct targets; different GDSC pathways; both GBM-selective,,105
torin2,HG6-64-1,0.8564864864864865,1.0,1.0,0.5666666666666667,0.8648648648648649,0.13513513513513514,ATM;ATR;DNAPK;MTOR,BRAF,PI3K/MTOR signaling,ERK MAPK signaling,distinct targets; different GDSC pathways; both GBM-selective,,106
WH-4-023,Bortezomib,0.8554368932038835,1.0,1.0,0.5666666666666667,0.854368932038835,0.14563106796116504,LCK;SRC,PROTEASOME,"Other, kinases",Protein stability and degradation,distinct targets; different GDSC pathways,,107
AZD6482,A-770041,0.8533333333333333,1.0,1.0,0.5666666666666667,0.8333333333333334,0.16666666666666666,PI3KBETA,FYN;LCK,PI3K/MTOR signaling,"Other, kinases",distinct targets; different GDSC pathways,,108
GSK269962A,Bortezomib,0.8528260869565217,1.0,1.0,0.55,0.8782608695652174,0.12173913043478261,ROCK1;ROCK2,PROTEASOME,Cytoskeleton,Protein stability and degradation,distinct targets; different GDSC pathways; both GBM-selective,,109
TGX221,XMD8-92,0.8526530612244898,1.0,1.0,0.5666666666666667,0.826530612244898,0.17346938775510204,PI3KBETA,ERK5,PI3K/MTOR signaling,ERK MAPK signaling,distinct targets; different GDSC pathways,,110
TGX221,AZD6094,0.8518131868131869,1.0,1.0,0.55,0.8681318681318682,0.13186813186813187,PI3KBETA,MET,PI3K/MTOR signaling,RTK signaling,distinct targets; different GDSC pathways,,111
Tanespimycin,Temsirolimus,0.8517610062893082,1.0,1.0,0.5666666666666667,0.8176100628930818,0.18238993710691823,HSP90,MTOR,Protein stability and degradation,PI3K/MTOR signaling,distinct targets; different GDSC pathways; both GBM-selective,,112
"CAP-232, TT-232, TLN-232",Cabozantinib,0.8515384615384616,1.0,1.0,0.5333333333333333,0.9153846153846154,0.08461538461538462,GLYCOLYSIS,AXL;FLT1;FLT3;FLT4;KIT;MET;RET;TIE2;VEGFR,Metabolism,RTK signaling,distinct targets; different GDSC pathways,,113
Staurosporine,Bortezomib,0.8512621359223301,1.0,1.0,0.5333333333333333,0.912621359223301,0.08737864077669903,BROAD SPECTRUM KINASE INHIBITOR,PROTEASOME,RTK signaling,Protein stability and degradation,distinct targets; different GDSC pathways; both GBM-selective,,114
BX795,Temsirolimus,0.850625,1.0,1.0,0.5333333333333333,0.90625,0.09375,AURKB;AURKC;IKK;PDK1 (PDPK1);TBK1,MTOR,"Other, kinases",PI3K/MTOR signaling,distinct targets; different GDSC pathways; both GBM-selective,,115
WH-4-023,AZD6094,0.8488888888888889,1.0,1.0,0.5333333333333333,0.8888888888888888,0.1111111111111111,LCK;SRC,MET,"Other, kinases",RTK signaling,distinct targets; different GDSC pathways,,116
torin2,A-770041,0.8478260869565217,1.0,1.0,0.5333333333333333,0.8782608695652174,0.12173913043478261,ATM;ATR;DNAPK;MTOR,FYN;LCK,PI3K/MTOR signaling,"Other, kinases",distinct targets; different GDSC pathways,,117
Bleomycin (50 uM),HG6-64-1,0.8468367346938775,1.0,1.0,0.5166666666666666,0.9183673469387755,0.08163265306122448,DSDNA BREAK INDUCTION,BRAF,DNA replication,ERK MAPK signaling,distinct targets; different GDSC pathways; both GBM-selective,,118
"CAP-232, TT-232, TLN-232",Dasatinib,0.8466083916083916,1.0,1.0,0.5166666666666667,0.916083916083916,0.08391608391608392,GLYCOLYSIS,ABL;EPHRINS;KIT;PDGFR;SRC,Metabolism,"Other, kinases",distinct targets; different GDSC pathways,,119
Bleomycin (10 uM),A-770041,0.8458629441624365,1.0,1.0,0.5166666666666666,0.9086294416243654,0.09137055837563451,DSDNA BREAK INDUCTION,FYN;LCK,DNA replication,"Other, kinases",distinct targets; different GDSC pathways,,120
GSK269962A,AZD6094,0.8458333333333333,1.0,1.0,0.5166666666666667,0.9083333333333333,0.09166666666666666,ROCK1;ROCK2,MET,Cytoskeleton,RTK signaling,distinct targets; different GDSC pathways,,121
Tanespimycin,Cabozantinib,0.8447435897435898,1.0,1.0,0.5166666666666666,0.8974358974358975,0.10256410256410256,HSP90,AXL;FLT1;FLT3;FLT4;KIT;MET;RET;TIE2;VEGFR,Protein stability and degradation,RTK signaling,distinct targets; different GDSC pathways,,122
Pazopanib,Bortezomib,0.8446907216494846,1.0,1.0,0.5166666666666667,0.8969072164948454,0.10309278350515463,CSF1R;KIT;PDGFRA;PDGFRB,PROTEASOME,RTK signaling,Protein stability and degradation,distinct targets; different GDSC pathways; both GBM-selective,,123
GSK269962A,XMD8-92,0.8427868852459016,1.0,1.0,0.5333333333333333,0.8278688524590164,0.1721311475409836,ROCK1;ROCK2,ERK5,Cytoskeleton,ERK MAPK signaling,distinct targets; different GDSC pathways,,124
TGX221,CRT0105950,0.8425,1.0,1.0,0.5166666666666667,0.875,0.125,PI3KBETA,JNK1;JNK2;JNK3,PI3K/MTOR signaling,JNK and p38 signaling,distinct targets; different GDSC pathways,,125
WH-4-023,XMD8-92,0.8416355140186915,1.0,1.0,0.55,0.7663551401869159,0.2336448598130841,LCK;SRC,ERK5,"Other, kinases",ERK MAPK signaling,distinct targets; different GDSC pathways,,126
Staurosporine,XMD8-92,0.8414864864864865,1.0,1.0,0.5166666666666667,0.8648648648648649,0.13513513513513514,BROAD SPECTRUM KINASE INHIBITOR,ERK5,RTK signaling,ERK MAPK signaling,distinct targets; different GDSC pathways,,127
BX795,Luminespib,0.8413636363636363,1.0,1.0,0.5166666666666666,0.8636363636363636,0.13636363636363635,AURKB;AURKC;IKK;PDK1 (PDPK1);TBK1,HSP90,"Other, kinases",Protein stability and degradation,distinct targets; different GDSC pathways; both GBM-selective,,128
WH-4-023,Dactolisib,0.8413636363636363,1.0,1.0,0.5166666666666667,0.8636363636363636,0.13636363636363635,LCK;SRC,MTORC1;MTORC2;PI3K (CLASS 1),"Other, kinases",PI3K/MTOR signaling,distinct targets; different GDSC pathways,,128
Tanespimycin,Dasatinib,0.8408396946564886,1.0,1.0,0.5,0.9083969465648855,0.0916030534351145,HSP90,ABL;EPHRINS;KIT;PDGFR;SRC,Protein stability and degradation,"Other, kinases",distinct targets; different GDSC pathways,,130
Bleomycin (10 uM),Temsirolimus,0.8407894736842105,1.0,1.0,0.5,0.9078947368421053,0.09210526315789473,DSDNA BREAK INDUCTION,MTOR,DNA replication,PI3K/MTOR signaling,distinct targets; different GDSC pathways; both GBM-selective,,131
torin2,Luminespib,0.8402912621359223,1.0,1.0,0.5,0.9029126213592233,0.0970873786407767,ATM;ATR;DNAPK;MTOR,HSP90,PI3K/MTOR signaling,Protein stability and degradation,distinct targets; different GDSC pathways; both GBM-selective,,132
"CAP-232, TT-232, TLN-232",JNJ38877605,0.8398529411764706,1.0,1.0,0.4833333333333334,0.9485294117647058,0.051470588235294115,GLYCOLYSIS,MET,Metabolism,RTK signaling,distinct targets; different GDSC pathways,,133
AZD6482,Luminespib,0.838125,1.0,1.0,0.5333333333333333,0.78125,0.21875,PI3KBETA,HSP90,PI3K/MTOR signaling,Protein stability and degradation,distinct targets; different GDSC pathways; both GBM-selective,,134
TGX221,Midostaurin,0.837962962962963,1.0,0.5,0.9166666666666667,0.8796296296296297,0.12037037037037036,PI3KBETA,C-FGR;FLT1;PKC;PPK,PI3K/MTOR signaling,Other,distinct targets; both GBM-selective,,135
CRT0105446,HG6-64-1,0.8378846153846153,1.0,1.0,0.5333333333333333,0.7788461538461539,0.22115384615384615,LCK;MTOR,BRAF,PI3K/MTOR signaling,ERK MAPK signaling,distinct targets; different GDSC pathways; both GBM-selective,,136
AZD6482,Cabozantinib,0.8375,1.0,1.0,0.5,0.875,0.125,PI3KBETA,AXL;FLT1;FLT3;FLT4;KIT;MET;RET;TIE2;VEGFR,PI3K/MTOR signaling,RTK signaling,distinct targets; different GDSC pathways,,137
Bleomycin (10 uM),Luminespib,0.8362568306010929,1.0,1.0,0.4833333333333333,0.912568306010929,0.08743169398907104,DSDNA BREAK INDUCTION,HSP90,DNA replication,Protein stability and degradation,distinct targets; different GDSC pathways; both GBM-selective,,138
Bleomycin (50 uM),A-770041,0.8358629441624366,1.0,1.0,0.48333333333333334,0.9086294416243654,0.09137055837563451,DSDNA BREAK INDUCTION,FYN;LCK,DNA replication,"Other, kinases",distinct targets; different GDSC pathways,,139
Pazopanib,XMD8-92,0.8358490566037735,1.0,1.0,0.5,0.8584905660377359,0.14150943396226415,CSF1R;KIT;PDGFRA;PDGFRB,ERK5,RTK signaling,ERK MAPK signaling,distinct targets; different GDSC pathways,,140
GSK269962A,Dactolisib,0.8357142857142857,1.0,1.0,0.5,0.8571428571428572,0.14285714285714285,ROCK1;ROCK2,MTORC1;MTORC2;PI3K (CLASS 1),Cytoskeleton,PI3K/MTOR signaling,distinct targets; different GDSC pathways,,141
Tanespimycin,JNJ38877605,0.8351999999999999,1.0,1.0,0.4666666666666667,0.952,0.048,HSP90,MET,Protein stability and degradation,RTK signaling,distinct targets; different GDSC pathways,,142
WH-4-023,CRT0105950,0.834,1.0,1.0,0.5,0.84,0.16,LCK;SRC,JNK1;JNK2;JNK3,"Other, kinases",JNK and p38 signaling,distinct targets; different GDSC pathways,,143
Staurosporine,Dactolisib,0.8337850467289719,1.0,1.0,0.48333333333333334,0.8878504672897196,0.11214953271028037,BROAD SPECTRUM KINASE INHIBITOR,MTORC1;MTORC2;PI3K (CLASS 1),RTK signaling,PI3K/MTOR signaling,distinct targets; different GDSC pathways,,144
GSK269962A,CRT0105950,0.8335964912280701,1.0,1.0,0.48333333333333334,0.8859649122807017,0.11403508771929824,ROCK1;ROCK2,JNK1;JNK2;JNK3,Cytoskeleton,JNK and p38 signaling,distinct targets; different GDSC pathways,,145
Staurosporine,CRT0105950,0.8332038834951456,1.0,1.0,0.4666666666666667,0.9320388349514563,0.06796116504854369,BROAD SPECTRUM KINASE INHIBITOR,JNK1;JNK2;JNK3,RTK signaling,JNK and p38 signaling,distinct targets; different GDSC pathways,,146
WH-4-023,Midostaurin,0.8328048780487805,1.0,0.5,0.9,0.8780487804878049,0.12195121951219512,LCK;SRC,C-FGR;FLT1;PKC;PPK,"Other, kinases",Other,distinct targets,,147
BX795,Cabozantinib,0.832378640776699,1.0,1.0,0.4833333333333333,0.8737864077669903,0.1262135922330097,AURKB;AURKC;IKK;PDK1 (PDPK1);TBK1,AXL;FLT1;FLT3;FLT4;KIT;MET;RET;TIE2;VEGFR,"Other, kinases",RTK signaling,distinct targets; different GDSC pathways,,148
Bleomycin (50 uM),Temsirolimus,0.8307894736842105,1.0,1.0,0.4666666666666667,0.9078947368421053,0.09210526315789473,DSDNA BREAK INDUCTION,MTOR,DNA replication,PI3K/MTOR signaling,distinct targets; different GDSC pathways; both GBM-selective,,149
Bleomycin (10 uM),Cabozantinib,0.8294444444444444,1.0,1.0,0.44999999999999996,0.9444444444444444,0.05555555555555555,DSDNA BREAK INDUCTION,AXL;FLT1;FLT3;FLT4;KIT;MET;RET;TIE2;VEGFR,DNA replication,RTK signaling,distinct targets; different GDSC pathways,,150
torin2,Cabozantinib,0.8293617021276596,1.0,1.0,0.4666666666666667,0.8936170212765957,0.10638297872340426,ATM;ATR;DNAPK;MTOR,AXL;FLT1;FLT3;FLT4;KIT;MET;RET;TIE2;VEGFR,PI3K/MTOR signaling,RTK signaling,distinct targets; different GDSC pathways,,151
GSK269962A,Midostaurin,0.8288059701492536,1.0,0.5,0.8833333333333333,0.8880597014925373,0.11194029850746269,ROCK1;ROCK2,C-FGR;FLT1;PKC;PPK,Cytoskeleton,Other,distinct targets; both GBM-selective,,152
TGX221,XMD8-85,0.8277956989247311,1.0,0.5,0.9,0.8279569892473118,0.17204301075268819,PI3KBETA,BET;ERK5,PI3K/MTOR signaling,Other,distinct targets,,153
Bleomycin (50 uM),Luminespib,0.8262568306010929,1.0,1.0,0.44999999999999996,0.912568306010929,0.08743169398907104,DSDNA BREAK INDUCTION,HSP90,DNA replication,Protein stability and degradation,distinct targets; different GDSC pathways; both GBM-selective,,154
CRT0105446,Luminespib,0.826,1.0,1.0,0.4666666666666667,0.86,0.14,LCK;MTOR,HSP90,PI3K/MTOR signaling,Protein stability and degradation,distinct targets; different GDSC pathways; both GBM-selective,,155
AZD6482,Dasatinib,0.825392156862745,1.0,1.0,0.4833333333333333,0.803921568627451,0.19607843137254902,PI3KBETA,ABL;EPHRINS;KIT;PDGFR;SRC,PI3K/MTOR signaling,"Other, kinases",distinct targets; different GDSC pathways,,156
HG6-64-1,A-770041,0.8253846153846154,1.0,1.0,0.4666666666666667,0.8538461538461538,0.14615384615384616,BRAF,FYN;LCK,ERK MAPK signaling,"Other, kinases",distinct targets; different GDSC pathways,,157
Pazopanib,Dactolisib,0.8248484848484848,1.0,1.0,0.4666666666666667,0.8484848484848485,0.15151515151515152,CSF1R;KIT;PDGFRA;PDGFRB,MTORC1;MTORC2;PI3K (CLASS 1),RTK signaling,PI3K/MTOR signaling,distinct targets; different GDSC pathways,,158
HG6-64-1,Temsirolimus,0.8247590361445784,1.0,1.0,0.45,0.8975903614457832,0.10240963855421686,BRAF,MTOR,ERK MAPK signaling,PI3K/MTOR signaling,distinct targets; different GDSC pathways; both GBM-selective,,159
AZD6482,JNJ38877605,0.8238888888888889,1.0,1.0,0.44999999999999996,0.8888888888888888,0.1111111111111111,PI3KBETA,MET,PI3K/MTOR signaling,RTK signaling,distinct targets; different GDSC pathways,,160
torin2,Dasatinib,0.8236792452830188,1.0,1.0,0.44999999999999996,0.8867924528301887,0.11320754716981132,ATM;ATR;DNAPK;MTOR,ABL;EPHRINS;KIT;PDGFR;SRC,PI3K/MTOR signaling,"Other, kinases",distinct targets; different GDSC pathways,,161
"CAP-232, TT-232, TLN-232",XMD8-92,0.8234057971014492,1.0,1.0,0.45,0.8840579710144928,0.11594202898550725,GLYCOLYSIS,ERK5,Metabolism,ERK MAPK signaling,distinct targets; different GDSC pathways,,162
"CAP-232, TT-232, TLN-232",AZD6094,0.8232330827067669,1.0,1.0,0.43333333333333335,0.9323308270676691,0.06766917293233082,GLYCOLYSIS,MET,Metabolism,RTK signaling,distinct targets; different GDSC pathways,,163
"CAP-232, TT-232, TLN-232",Bortezomib,0.8223529411764705,1.0,1.0,0.4666666666666667,0.8235294117647058,0.17647058823529413,GLYCOLYSIS,PROTEASOME,Metabolism,Protein stability and degradation,distinct targets; different GDSC pathways; both GBM-selective,,164
Pazopanib,Midostaurin,0.8214529914529914,1.0,0.5,0.8500000000000001,0.9145299145299145,0.08547008547008547,CSF1R;KIT;PDGFRA;PDGFRB,C-FGR;FLT1;PKC;PPK,RTK signaling,Other,distinct targets; both GBM-selective,,165
Tanespimycin,AZD6094,0.821,1.0,1.0,0.41666666666666663,0.96,0.04,HSP90,MET,Protein stability and degradation,RTK signaling,distinct targets; different GDSC pathways,,166
GSK269962A,XMD8-85,0.8208333333333333,1.0,0.5,0.8666666666666667,0.8583333333333334,0.14166666666666666,ROCK1;ROCK2,BET;ERK5,Cytoskeleton,Other,distinct targets,,167
Bleomycin (10 uM),Dasatinib,0.8203225806451613,1.0,1.0,0.43333333333333335,0.9032258064516129,0.0967741935483871,DSDNA BREAK INDUCTION,ABL;EPHRINS;KIT;PDGFR;SRC,DNA replication,"Other, kinases",distinct targets; different GDSC pathways,,168
BX795,JNJ38877605,0.8197196261682242,1.0,1.0,0.43333333333333335,0.897196261682243,0.102803738317757,AURKB;AURKC;IKK;PDK1 (PDPK1);TBK1,MET,"Other, kinases",RTK signaling,distinct targets; different GDSC pathways,,169
Pazopanib,CRT0105950,0.8196153846153846,1.0,1.0,0.45,0.8461538461538461,0.15384615384615385,CSF1R;KIT;PDGFRA;PDGFRB,JNK1;JNK2;JNK3,RTK signaling,JNK and p38 signaling,distinct targets; different GDSC pathways,,170
Bleomycin (50 uM),Cabozantinib,0.8194444444444444,1.0,1.0,0.41666666666666663,0.9444444444444444,0.05555555555555555,DSDNA BREAK INDUCTION,AXL;FLT1;FLT3;FLT4;KIT;MET;RET;TIE2;VEGFR,DNA replication,RTK signaling,distinct targets; different GDSC pathways,,171
Tanespimycin,XMD8-92,0.8190624999999999,1.0,1.0,0.4333333333333333,0.890625,0.109375,HSP90,ERK5,Protein stability and degradation,ERK MAPK signaling,distinct targets; different GDSC pathways,,172
"CAP-232, TT-232, TLN-232",Dactolisib,0.8177007299270073,1.0,1.0,0.4166666666666667,0.927007299270073,0.072992700729927,GLYCOLYSIS,MTORC1;MTORC2;PI3K (CLASS 1),Metabolism,PI3K/MTOR signaling,distinct targets; different GDSC pathways,,173
A-770041,Temsirolimus,0.8168604651162791,1.0,1.0,0.4166666666666667,0.9186046511627907,0.08139534883720931,FYN;LCK,MTOR,"Other, kinases",PI3K/MTOR signaling,distinct targets; different GDSC pathways,,174
Bleomycin (10 uM),JNJ38877605,0.8156521739130435,1.0,1.0,0.4,0.9565217391304348,0.043478260869565216,DSDNA BREAK INDUCTION,MET,DNA replication,RTK signaling,distinct targets; different GDSC pathways,,175
AZD6482,Bortezomib,0.8149462365591398,1.0,1.0,0.4333333333333333,0.8494623655913979,0.15053763440860216,PI3KBETA,PROTEASOME,PI3K/MTOR signaling,Protein stability and degradation,distinct targets; different GDSC pathways; both GBM-selective,,176
Staurosporine,XMD8-85,0.8146153846153846,1.0,0.5,0.8500000000000001,0.8461538461538461,0.15384615384615385,BROAD SPECTRUM KINASE INHIBITOR,BET;ERK5,RTK signaling,Other,distinct targets,,177
Tanespimycin,Dactolisib,0.8137007874015748,1.0,1.0,0.39999999999999997,0.937007874015748,0.06299212598425197,HSP90,MTORC1;MTORC2;PI3K (CLASS 1),Protein stability and degradation,PI3K/MTOR signaling,distinct targets; different GDSC pathways,,178
HG6-64-1,Luminespib,0.8133333333333334,1.0,1.0,0.43333333333333335,0.8333333333333334,0.16666666666666666,BRAF,HSP90,ERK MAPK signaling,Protein stability and degradation,distinct targets; different GDSC pathways; both GBM-selective,,179
torin2,Bortezomib,0.8104255319148936,1.0,1.0,0.39999999999999997,0.9042553191489362,0.09574468085106383,ATM;ATR;DNAPK;MTOR,PROTEASOME,PI3K/MTOR signaling,Protein stability and degradation,distinct targets; different GDSC pathways; both GBM-selective,,180
Bleomycin (50 uM),Dasatinib,0.8103225806451613,1.0,1.0,0.4,0.9032258064516129,0.0967741935483871,DSDNA BREAK INDUCTION,ABL;EPHRINS;KIT;PDGFR;SRC,DNA replication,"Other, kinases",distinct targets; different GDSC pathways,,181
BX795,Bortezomib,0.8099999999999999,1.0,1.0,0.41666666666666663,0.85,0.15,AURKB;AURKC;IKK;PDK1 (PDPK1);TBK1,PROTEASOME,"Other, kinases",Protein stability and degradation,distinct targets; different GDSC pathways; both GBM-selective,,182
Pazopanib,XMD8-85,0.8099999999999999,1.0,0.5,0.8333333333333334,0.85,0.15,CSF1R;KIT;PDGFRA;PDGFRB,BET;ERK5,RTK signaling,Other,distinct targets,,182
"CAP-232, TT-232, TLN-232",CRT0105950,0.8087096774193548,1.0,1.0,0.4,0.8870967741935484,0.11290322580645161,GLYCOLYSIS,JNK1;JNK2;JNK3,Metabolism,JNK and p38 signaling,distinct targets; different GDSC pathways,,184
CRT0105446,Cabozantinib,0.807906976744186,1.0,1.0,0.43333333333333335,0.7790697674418605,0.22093023255813954,LCK;MTOR,AXL;FLT1;FLT3;FLT4;KIT;MET;RET;TIE2;VEGFR,PI3K/MTOR signaling,RTK signaling,distinct targets; different GDSC pathways,,185
AZD6482,AZD6094,0.8076288659793814,1.0,1.0,0.39999999999999997,0.8762886597938144,0.12371134020618557,PI3KBETA,MET,PI3K/MTOR signaling,RTK signaling,distinct targets; different GDSC pathways,,186
WH-4-023,XMD8-85,0.8073684210526315,1.0,0.5,0.8833333333333333,0.6736842105263158,0.3263157894736842,LCK;SRC,BET;ERK5,"Other, kinases",Other,distinct targets,,187
Tanespimycin,CRT0105950,0.8073076923076923,1.0,1.0,0.3833333333333333,0.9230769230769231,0.07692307692307693,HSP90,JNK1;JNK2;JNK3,Protein stability and degradation,JNK and p38 signaling,distinct targets; different GDSC pathways,,188
CRT0105446,Dasatinib,0.8071782178217821,1.0,1.0,0.41666666666666663,0.8217821782178218,0.1782178217821782,LCK;MTOR,ABL;EPHRINS;KIT;PDGFR;SRC,PI3K/MTOR signaling,"Other, kinases",distinct targets; different GDSC pathways,,189
Midostaurin,XMD8-85,0.8067256637168141,1.0,0.5,0.8166666666666667,0.8672566371681416,0.13274336283185842,C-FGR;FLT1;PKC;PPK,BET;ERK5,Other,Other,distinct targets,,190
BX795,AZD6094,0.8066666666666666,1.0,1.0,0.3833333333333333,0.9166666666666666,0.08333333333333333,AURKB;AURKC;IKK;PDK1 (PDPK1);TBK1,MET,"Other, kinases",RTK signaling,distinct targets; different GDSC pathways,,191
AZD6482,XMD8-92,0.8063725490196079,1.0,1.0,0.41666666666666663,0.8137254901960784,0.18627450980392157,PI3KBETA,ERK5,PI3K/MTOR signaling,ERK MAPK signaling,distinct targets; different GDSC pathways,,192
A-770041,Luminespib,0.8057142857142857,1.0,1.0,0.4,0.8571428571428572,0.14285714285714285,FYN;LCK,HSP90,"Other, kinases",Protein stability and degradation,distinct targets; different GDSC pathways,,193
Bleomycin (50 uM),JNJ38877605,0.8056521739130434,1.0,1.0,0.3666666666666667,0.9565217391304348,0.043478260869565216,DSDNA BREAK INDUCTION,MET,DNA replication,RTK signaling,distinct targets; different GDSC pathways,,194
Temsirolimus,Luminespib,0.8053225806451613,1.0,1.0,0.3833333333333333,0.9032258064516129,0.0967741935483871,MTOR,HSP90,PI3K/MTOR signaling,Protein stability and degradation,distinct targets; different GDSC pathways; both GBM-selective,,195
torin2,JNJ38877605,0.8045454545454545,1.0,1.0,0.41666666666666663,0.7954545454545454,0.20454545454545456,ATM;ATR;DNAPK;MTOR,MET,PI3K/MTOR signaling,RTK signaling,distinct targets; different GDSC pathways,,196
Bleomycin (10 uM),Bortezomib,0.8031656804733728,1.0,1.0,0.3833333333333333,0.8816568047337279,0.11834319526627218,DSDNA BREAK INDUCTION,PROTEASOME,DNA replication,Protein stability and degradation,distinct targets; different GDSC pathways; both GBM-selective,,197
CRT0105446,JNJ38877605,0.8023684210526316,1.0,1.0,0.3833333333333333,0.8736842105263158,0.12631578947368421,LCK;MTOR,MET,PI3K/MTOR signaling,RTK signaling,distinct targets; different GDSC pathways,,198
Midostaurin,"CAP-232, TT-232, TLN-232",0.8023239436619718,1.0,0.5,0.8,0.8732394366197183,0.1267605633802817,C-FGR;FLT1;PKC;PPK,GLYCOLYSIS,Other,Metabolism,distinct targets; both GBM-selective,,199
BX795,XMD8-92,0.8016513761467889,1.0,1.0,0.39999999999999997,0.8165137614678899,0.1834862385321101,AURKB;AURKC;IKK;PDK1 (PDPK1);TBK1,ERK5,"Other, kinases",ERK MAPK signaling,distinct targets; different GDSC pathways,,200
torin2,XMD8-92,0.8014077669902913,1.0,1.0,0.3833333333333333,0.8640776699029127,0.13592233009708737,ATM;ATR;DNAPK;MTOR,ERK5,PI3K/MTOR signaling,ERK MAPK signaling,distinct targets; different GDSC pathways,,201
Bleomycin (10 uM),XMD8-92,0.8008602150537634,1.0,1.0,0.36666666666666664,0.9086021505376344,0.0913978494623656,DSDNA BREAK INDUCTION,ERK5,DNA replication,ERK MAPK signaling,distinct targets; different GDSC pathways,,202
HG6-64-1,Cabozantinib,0.8007692307692308,1.0,1.0,0.4,0.8076923076923077,0.19230769230769232,BRAF,AXL;FLT1;FLT3;FLT4;KIT;MET;RET;TIE2;VEGFR,ERK MAPK signaling,RTK signaling,distinct targets; different GDSC pathways,,203
XMD8-85,"CAP-232, TT-232, TLN-232",0.8003703703703704,1.0,0.5,0.7833333333333334,0.9037037037037037,0.0962962962962963,BET;ERK5,GLYCOLYSIS,Other,Metabolism,distinct targets,,204
torin2,AZD6094,0.7994736842105263,1.0,1.0,0.36666666666666664,0.8947368421052632,0.10526315789473684,ATM;ATR;DNAPK;MTOR,MET,PI3K/MTOR signaling,RTK signaling,distinct targets; different GDSC pathways,,205
Bleomycin (10 uM),AZD6094,0.7988888888888889,1.0,1.0,0.35,0.9388888888888889,0.06111111111111111,DSDNA BREAK INDUCTION,MET,DNA replication,RTK signaling,distinct targets; different GDSC pathways,,206
AZD6482,CRT0105950,0.7982978723404255,1.0,1.0,0.36666666666666664,0.8829787234042553,0.11702127659574468,PI3KBETA,JNK1;JNK2;JNK3,PI3K/MTOR signaling,JNK and p38 signaling,distinct targets; different GDSC pathways,,207
BX795,Dactolisib,0.7980733944954128,1.0,1.0,0.36666666666666664,0.8807339449541285,0.11926605504587157,AURKB;AURKC;IKK;PDK1 (PDPK1);TBK1,MTORC1;MTORC2;PI3K (CLASS 1),"Other, kinases",PI3K/MTOR signaling,distinct targets; different GDSC pathways,,208
Temsirolimus,Cabozantinib,0.7962162162162162,1.0,1.0,0.35,0.9121621621621622,0.08783783783783784,MTOR,AXL;FLT1;FLT3;FLT4;KIT;MET;RET;TIE2;VEGFR,PI3K/MTOR signaling,RTK signaling,distinct targets; different GDSC pathways,,209
XMD8-85,Tanespimycin,0.7953225806451613,1.0,0.5,0.7666666666666666,0.9032258064516129,0.0967741935483871,BET;ERK5,HSP90,Other,Protein stability and degradation,distinct targets,,210
Bleomycin (10 uM),Dactolisib,0.795187165775401,1.0,1.0,0.3333333333333333,0.9518716577540107,0.0481283422459893,DSDNA BREAK INDUCTION,MTORC1;MTORC2;PI3K (CLASS 1),DNA replication,PI3K/MTOR signaling,distinct targets; different GDSC pathways,,211
HG6-64-1,Dasatinib,0.7949999999999999,1.0,1.0,0.3833333333333333,0.8,0.2,BRAF,ABL;EPHRINS;KIT;PDGFR;SRC,ERK MAPK signaling,"Other, kinases",distinct targets; different GDSC pathways,,212
Midostaurin,Tanespimycin,0.7943749999999999,1.0,0.5,0.7833333333333333,0.84375,0.15625,C-FGR;FLT1;PKC;PPK,HSP90,Other,Protein stability and degradation,distinct targets; both GBM-selective,,213
A-770041,Cabozantinib,0.7934862385321101,1.0,1.0,0.3666666666666667,0.8348623853211009,0.1651376146788991,FYN;LCK,AXL;FLT1;FLT3;FLT4;KIT;MET;RET;TIE2;VEGFR,"Other, kinases",RTK signaling,distinct targets; different GDSC pathways,,214
Bleomycin (50 uM),Bortezomib,0.7931656804733728,1.0,1.0,0.35,0.8816568047337279,0.11834319526627218,DSDNA BREAK INDUCTION,PROTEASOME,DNA replication,Protein stability and degradation,distinct targets; different GDSC pathways; both GBM-selective,,215
Midostaurin,BX795,0.7928571428571428,1.0,0.5,0.75,0.9285714285714286,0.07142857142857142,C-FGR;FLT1;PKC;PPK,AURKB;AURKC;IKK;PDK1 (PDPK1);TBK1,Other,"Other, kinases",distinct targets; both GBM-selective,,216
CRT0105446,XMD8-92,0.7926190476190476,1.0,1.0,0.35,0.8761904761904762,0.12380952380952381,LCK;MTOR,ERK5,PI3K/MTOR signaling,ERK MAPK signaling,distinct targets; different GDSC pathways,,217
HG6-64-1,JNJ38877605,0.7925,1.0,1.0,0.35,0.875,0.125,BRAF,MET,ERK MAPK signaling,RTK signaling,distinct targets; different GDSC pathways,,218
Bleomycin (50 uM),XMD8-92,0.7908602150537634,1.0,1.0,0.3333333333333333,0.9086021505376344,0.0913978494623656,DSDNA BREAK INDUCTION,ERK5,DNA replication,ERK MAPK signaling,distinct targets; different GDSC pathways,,219
BX795,CRT0105950,0.7908585858585858,1.0,1.0,0.35,0.8585858585858586,0.1414141414141414,AURKB;AURKC;IKK;PDK1 (PDPK1);TBK1,JNK1;JNK2;JNK3,"Other, kinases",JNK and p38 signaling,distinct targets; different GDSC pathways,,220
Temsirolimus,Dasatinib,0.790625,1.0,1.0,0.33333333333333337,0.90625,0.09375,MTOR,ABL;EPHRINS;KIT;PDGFR;SRC,PI3K/MTOR signaling,"Other, kinases",distinct targets; different GDSC pathways,,221
torin2,CRT0105950,0.7902173913043478,1.0,1.0,0.3333333333333333,0.9021739130434783,0.09782608695652174,ATM;ATR;DNAPK;MTOR,JNK1;JNK2;JNK3,PI3K/MTOR signaling,JNK and p38 signaling,distinct targets; different GDSC pathways,,222
CRT0105446,AZD6094,0.7895833333333333,1.0,1.0,0.3333333333333333,0.8958333333333334,0.10416666666666667,LCK;MTOR,MET,PI3K/MTOR signaling,RTK signaling,distinct targets; different GDSC pathways,,223
Midostaurin,AZD6482,0.7895454545454546,1.0,0.5,0.7666666666666666,0.8454545454545455,0.15454545454545454,C-FGR;FLT1;PKC;PPK,PI3KBETA,Other,PI3K/MTOR signaling,distinct targets; both GBM-selective,,224
CRT0105446,Bortezomib,0.7890697674418604,1.0,1.0,0.36666666666666664,0.7906976744186046,0.20930232558139536,LCK;MTOR,PROTEASOME,PI3K/MTOR signaling,Protein stability and degradation,distinct targets; different GDSC pathways; both GBM-selective,,225
Bleomycin (50 uM),AZD6094,0.7888888888888889,1.0,1.0,0.31666666666666665,0.9388888888888889,0.06111111111111111,DSDNA BREAK INDUCTION,MET,DNA replication,RTK signaling,distinct targets; different GDSC pathways,,226
Bleomycin (10 uM),CRT0105950,0.7881428571428571,1.0,1.0,0.31666666666666665,0.9314285714285714,0.06857142857142857,DSDNA BREAK INDUCTION,JNK1;JNK2;JNK3,DNA replication,JNK and p38 signaling,distinct targets; different GDSC pathways,,227
HG6-64-1,Bortezomib,0.7871559633027523,1.0,1.0,0.3333333333333333,0.8715596330275229,0.12844036697247707,BRAF,PROTEASOME,ERK MAPK signaling,Protein stability and degradation,distinct targets; different GDSC pathways; both GBM-selective,,228
Luminespib,Cabozantinib,0.786734693877551,1.0,1.0,0.3333333333333333,0.8673469387755102,0.1326530612244898,HSP90,AXL;FLT1;FLT3;FLT4;KIT;MET;RET;TIE2;VEGFR,Protein stability and degradation,RTK signaling,distinct targets; different GDSC pathways,,229
Temsirolimus,JNJ38877605,0.7855128205128206,1.0,1.0,0.30000000000000004,0.9551282051282052,0.04487179487179487,MTOR,MET,PI3K/MTOR signaling,RTK signaling,distinct targets; different GDSC pathways,,230
Bleomycin (50 uM),Dactolisib,0.785187165775401,1.0,1.0,0.3,0.9518716577540107,0.0481283422459893,DSDNA BREAK INDUCTION,MTORC1;MTORC2;PI3K (CLASS 1),DNA replication,PI3K/MTOR signaling,distinct targets; different GDSC pathways,,231
Midostaurin,torin2,0.7851785714285714,1.0,0.5,0.7333333333333334,0.9017857142857143,0.09821428571428571,C-FGR;FLT1;PKC;PPK,ATM;ATR;DNAPK;MTOR,Other,PI3K/MTOR signaling,distinct targets; both GBM-selective,,232
Midostaurin,Bleomycin (10 uM),0.7844444444444444,1.0,0.5,0.7166666666666667,0.9444444444444444,0.05555555555555555,C-FGR;FLT1;PKC;PPK,DSDNA BREAK INDUCTION,Other,DNA replication,distinct targets; both GBM-selective,,233
XMD8-85,AZD6482,0.7826530612244897,1.0,0.5,0.75,0.826530612244898,0.17346938775510204,BET;ERK5,PI3KBETA,Other,PI3K/MTOR signaling,distinct targets,,234
HG6-64-1,AZD6094,0.7822413793103448,1.0,1.0,0.3,0.9224137931034483,0.07758620689655173,BRAF,MET,ERK MAPK signaling,RTK signaling,distinct targets; different GDSC pathways,,235
A-770041,JNJ38877605,0.7808407079646017,1.0,1.0,0.31666666666666665,0.8584070796460177,0.1415929203539823,FYN;LCK,MET,"Other, kinases",RTK signaling,distinct targets; different GDSC pathways,,236
TGX221,LDN-193189,0.7802272727272728,1.0,0.5,0.7333333333333334,0.8522727272727273,0.14772727272727273,PI3KBETA,BMP,PI3K/MTOR signaling,Other,distinct targets; both GBM-selective,,237
Luminespib,Dasatinib,0.7792592592592592,1.0,1.0,0.31666666666666665,0.8425925925925926,0.1574074074074074,HSP90,ABL;EPHRINS;KIT;PDGFR;SRC,Protein stability and degradation,"Other, kinases",distinct targets; different GDSC pathways,,238
Temsirolimus,Bortezomib,0.7790397350993378,1.0,1.0,0.2833333333333333,0.9403973509933775,0.059602649006622516,MTOR,PROTEASOME,PI3K/MTOR signaling,Protein stability and degradation,distinct targets; different GDSC pathways; both GBM-selective,,239
Bleomycin (50 uM),CRT0105950,0.7781428571428571,1.0,1.0,0.2833333333333333,0.9314285714285714,0.06857142857142857,DSDNA BREAK INDUCTION,JNK1;JNK2;JNK3,DNA replication,JNK and p38 signaling,distinct targets; different GDSC pathways,,240
XMD8-85,Bleomycin (10 uM),0.7779347826086956,1.0,0.5,0.7,0.9293478260869565,0.07065217391304347,BET;ERK5,DSDNA BREAK INDUCTION,Other,DNA replication,distinct targets,,241
XMD8-85,BX795,0.7767307692307692,1.0,0.5,0.7333333333333334,0.8173076923076923,0.18269230769230768,BET;ERK5,AURKB;AURKC;IKK;PDK1 (PDPK1);TBK1,Other,"Other, kinases",distinct targets,,242
A-770041,Bortezomib,0.7764864864864864,1.0,1.0,0.3,0.8648648648648649,0.13513513513513514,FYN;LCK,PROTEASOME,"Other, kinases",Protein stability and degradation,distinct targets; different GDSC pathways,,243
Midostaurin,CRT0105446,0.7762280701754386,1.0,0.5,0.7,0.9122807017543859,0.08771929824561403,C-FGR;FLT1;PKC;PPK,LCK;MTOR,Other,PI3K/MTOR signaling,distinct targets; both GBM-selective,,244
XMD8-85,torin2,0.7755670103092783,1.0,0.5,0.7166666666666667,0.8556701030927836,0.14432989690721648,BET;ERK5,ATM;ATR;DNAPK;MTOR,Other,PI3K/MTOR signaling,distinct targets,,245
Luminespib,JNJ38877605,0.7752912621359223,1.0,1.0,0.2833333333333333,0.9029126213592233,0.0970873786407767,HSP90,MET,Protein stability and degradation,RTK signaling,distinct targets; different GDSC pathways,,246
GSK269962A,LDN-193189,0.7747435897435897,1.0,0.5,0.7,0.8974358974358975,0.10256410256410256,ROCK1;ROCK2,BMP,Cytoskeleton,Other,distinct targets; both GBM-selective,,247
Midostaurin,Bleomycin (50 uM),0.7744444444444444,1.0,0.5,0.6833333333333333,0.9444444444444444,0.05555555555555555,C-FGR;FLT1;PKC;PPK,DSDNA BREAK INDUCTION,Other,DNA replication,distinct targets; both GBM-selective,,248
WH-4-023,LDN-193189,0.7743137254901961,1.0,0.5,0.7166666666666667,0.8431372549019608,0.1568627450980392,LCK;SRC,BMP,"Other, kinases",Other,distinct targets,,249
HG6-64-1,Dactolisib,0.7729310344827586,1.0,1.0,0.2833333333333333,0.8793103448275862,0.1206896551724138,BRAF,MTORC1;MTORC2;PI3K (CLASS 1),ERK MAPK signaling,PI3K/MTOR signaling,distinct targets; different GDSC pathways,,250
Temsirolimus,XMD8-92,0.7705660377358491,1.0,1.0,0.26666666666666666,0.9056603773584906,0.09433962264150944,MTOR,ERK5,PI3K/MTOR signaling,ERK MAPK signaling,distinct targets; different GDSC pathways,,251
Temsirolimus,AZD6094,0.7698051948051948,1.0,1.0,0.25,0.948051948051948,0.05194805194805195,MTOR,MET,PI3K/MTOR signaling,RTK signaling,distinct targets; different GDSC pathways,,252
Staurosporine,LDN-193189,0.7691089108910891,1.0,0.5,0.6833333333333333,0.8910891089108911,0.10891089108910891,BROAD SPECTRUM KINASE INHIBITOR,BMP,RTK signaling,Other,distinct targets; both GBM-selective,,253
A-770041,AZD6094,0.768695652173913,1.0,1.0,0.26666666666666666,0.8869565217391304,0.11304347826086956,FYN;LCK,MET,"Other, kinases",RTK signaling,distinct targets; different GDSC pathways,,254
Pazopanib,Dasatinib,0.7684813084112149,0.75,1.0,0.5666666666666667,0.8598130841121495,0.14018691588785046,CSF1R;KIT;PDGFRA;PDGFRB,ABL;EPHRINS;KIT;PDGFR;SRC,RTK signaling,"Other, kinases",distinct targets; different GDSC pathways,,255
HG6-64-1,CRT0105950,0.767962962962963,1.0,1.0,0.26666666666666666,0.8796296296296297,0.12037037037037036,BRAF,JNK1;JNK2;JNK3,ERK MAPK signaling,JNK and p38 signaling,distinct targets; different GDSC pathways,,256
XMD8-85,Bleomycin (50 uM),0.7679347826086956,1.0,0.5,0.6666666666666667,0.9293478260869565,0.07065217391304347,BET;ERK5,DSDNA BREAK INDUCTION,Other,DNA replication,distinct targets,,257
Staurosporine,Midostaurin,0.7657692307692308,1.0,0.5,0.8666666666666667,0.3076923076923077,0.6923076923076923,BROAD SPECTRUM KINASE INHIBITOR,C-FGR;FLT1;PKC;PPK,RTK signaling,Other,distinct targets; both GBM-selective,,258
XMD8-85,CRT0105446,0.7657142857142857,1.0,0.5,0.6833333333333333,0.8571428571428572,0.14285714285714285,BET;ERK5,LCK;MTOR,Other,PI3K/MTOR signaling,distinct targets,,259
A-770041,XMD8-92,0.7653418803418803,1.0,1.0,0.2833333333333333,0.8034188034188035,0.19658119658119658,FYN;LCK,ERK5,"Other, kinases",ERK MAPK signaling,distinct targets; different GDSC pathways,,260
Pazopanib,LDN-193189,0.7646907216494845,1.0,0.5,0.6666666666666667,0.8969072164948454,0.10309278350515463,CSF1R;KIT;PDGFRA;PDGFRB,BMP,RTK signaling,Other,distinct targets; both GBM-selective,,261
Midostaurin,HG6-64-1,0.76328125,1.0,0.5,0.6666666666666667,0.8828125,0.1171875,C-FGR;FLT1;PKC;PPK,BRAF,Other,ERK MAPK signaling,distinct targets; both GBM-selective,,262
A-770041,CRT0105950,0.7621739130434783,1.0,1.0,0.23333333333333334,0.9217391304347826,0.0782608695652174,FYN;LCK,JNK1;JNK2;JNK3,"Other, kinases",JNK and p38 signaling,distinct targets; different GDSC pathways,,263
Temsirolimus,CRT0105950,0.760364238410596,1.0,1.0,0.21666666666666667,0.9536423841059603,0.046357615894039736,MTOR,JNK1;JNK2;JNK3,PI3K/MTOR signaling,JNK and p38 signaling,distinct targets; different GDSC pathways,,264
Luminespib,AZD6094,0.7601960784313725,1.0,1.0,0.23333333333333334,0.9019607843137255,0.09803921568627451,HSP90,MET,Protein stability and degradation,RTK signaling,distinct targets; different GDSC pathways,,265
Luminespib,XMD8-92,0.7591121495327102,1.0,1.0,0.25,0.8411214953271028,0.1588785046728972,HSP90,ERK5,Protein stability and degradation,ERK MAPK signaling,distinct targets; different GDSC pathways,,266
TGX221,CCT245232,0.7589080459770114,1.0,0.5,0.6666666666666666,0.8390804597701149,0.16091954022988506,PI3KBETA,HSF1,PI3K/MTOR signaling,Unclassified,distinct targets; both GBM-selective,,267
Midostaurin,LDN-193189,0.7588888888888888,1.0,0.5,0.65,0.8888888888888888,0.1111111111111111,C-FGR;FLT1;PKC;PPK,BMP,Other,Other,distinct targets; both GBM-selective,,268
A-770041,Dactolisib,0.7583333333333333,1.0,1.0,0.25,0.8333333333333334,0.16666666666666666,FYN;LCK,MTORC1;MTORC2;PI3K (CLASS 1),"Other, kinases",PI3K/MTOR signaling,distinct targets; different GDSC pathways,,269
Cabozantinib,Bortezomib,0.7577777777777778,1.0,1.0,0.23333333333333334,0.8777777777777778,0.12222222222222222,AXL;FLT1;FLT3;FLT4;KIT;MET;RET;TIE2;VEGFR,PROTEASOME,RTK signaling,Protein stability and degradation,distinct targets; different GDSC pathways,,270
Dasatinib,JNJ38877605,0.7576190476190476,1.0,1.0,0.23333333333333334,0.8761904761904762,0.12380952380952381,ABL;EPHRINS;KIT;PDGFR;SRC,MET,"Other, kinases",RTK signaling,distinct targets; different GDSC pathways,,271
XMD8-85,HG6-64-1,0.7550877192982456,1.0,0.5,0.65,0.8508771929824561,0.14912280701754385,BET;ERK5,BRAF,Other,ERK MAPK signaling,distinct targets,,272
Luminespib,Dactolisib,0.7546226415094339,1.0,1.0,0.21666666666666665,0.8962264150943396,0.10377358490566038,HSP90,MTORC1;MTORC2;PI3K (CLASS 1),Protein stability and degradation,PI3K/MTOR signaling,distinct targets; different GDSC pathways,,273
WH-4-023,CCT245232,0.754313725490196,1.0,0.5,0.65,0.8431372549019608,0.1568627450980392,LCK;SRC,HSF1,"Other, kinases",Unclassified,distinct targets,,274
"CAP-232, TT-232, TLN-232",LDN-193189,0.7523076923076923,1.0,0.5,0.6166666666666667,0.9230769230769231,0.07692307692307693,GLYCOLYSIS,BMP,Metabolism,Other,distinct targets; both GBM-selective,,275
Cabozantinib,XMD8-92,0.7522549019607843,1.0,1.0,0.21666666666666667,0.8725490196078431,0.12745098039215685,AXL;FLT1;FLT3;FLT4;KIT;MET;RET;TIE2;VEGFR,ERK5,RTK signaling,ERK MAPK signaling,distinct targets; different GDSC pathways,,276
CRT0105446,CRT0105950,0.7521621621621621,1.0,1.0,0.3,0.6216216216216216,0.3783783783783784,LCK;MTOR,JNK1;JNK2;JNK3,PI3K/MTOR signaling,JNK and p38 signaling,distinct targets; different GDSC pathways,,277
Midostaurin,A-770041,0.7518217054263565,1.0,0.5,0.6333333333333333,0.8682170542635659,0.13178294573643412,C-FGR;FLT1;PKC;PPK,FYN;LCK,Other,"Other, kinases",distinct targets,,278
Staurosporine,CCT245232,0.75126213592233,1.0,0.5,0.6166666666666667,0.912621359223301,0.08737864077669903,BROAD SPECTRUM KINASE INHIBITOR,HSF1,RTK signaling,Unclassified,distinct targets; both GBM-selective,,279
Dasatinib,Bortezomib,0.7511386138613861,1.0,1.0,0.21666666666666667,0.8613861386138614,0.13861386138613863,ABL;EPHRINS;KIT;PDGFR;SRC,PROTEASOME,"Other, kinases",Protein stability and degradation,distinct targets; different GDSC pathways,,280
TGX221,Bryostatin 1,0.7503703703703704,1.0,0.5,0.6166666666666667,0.9037037037037037,0.0962962962962963,PI3KBETA,PKC,PI3K/MTOR signaling,Other,distinct targets,,281
Midostaurin,Temsirolimus,0.7495705521472392,1.0,0.5,0.6166666666666667,0.8957055214723927,0.10429447852760736,C-FGR;FLT1;PKC;PPK,MTOR,Other,PI3K/MTOR signaling,distinct targets; both GBM-selective,,282
Tanespimycin,LDN-193189,0.7492148760330578,1.0,0.5,0.6,0.9421487603305785,0.05785123966942149,HSP90,BMP,Protein stability and degradation,Other,distinct targets; both GBM-selective,,283
Luminespib,CRT0105950,0.7474999999999999,1.0,1.0,0.19999999999999998,0.875,0.125,HSP90,JNK1;JNK2;JNK3,Protein stability and degradation,JNK and p38 signaling,distinct targets; different GDSC pathways,,284
XMD8-85,Temsirolimus,0.7473076923076923,1.0,0.5,0.6000000000000001,0.9230769230769231,0.07692307692307693,BET;ERK5,MTOR,Other,PI3K/MTOR signaling,distinct targets,,285
XMD8-85,LDN-193189,0.7463186813186813,1.0,0.5,0.6333333333333333,0.8131868131868132,0.18681318681318682,BET;ERK5,BMP,Other,Other,distinct targets,,286
WH-4-023,Bryostatin 1,0.745728476821192,1.0,0.5,0.6,0.9072847682119205,0.09271523178807947,LCK;SRC,PKC,"Other, kinases",Other,distinct targets,,287
JNJ38877605,Bortezomib,0.7454255319148936,1.0,1.0,0.18333333333333335,0.9042553191489362,0.09574468085106383,MET,PROTEASOME,RTK signaling,Protein stability and degradation,distinct targets; different GDSC pathways,,288
Cabozantinib,Dactolisib,0.7447959183673469,1.0,1.0,0.18333333333333332,0.8979591836734694,0.10204081632653061,AXL;FLT1;FLT3;FLT4;KIT;MET;RET;TIE2;VEGFR,MTORC1;MTORC2;PI3K (CLASS 1),RTK signaling,PI3K/MTOR signaling,distinct targets; different GDSC pathways,,289
Midostaurin,Luminespib,0.7438888888888888,1.0,0.5,0.6,0.8888888888888888,0.1111111111111111,C-FGR;FLT1;PKC;PPK,HSP90,Other,Protein stability and degradation,distinct targets; both GBM-selective,,290
Dasatinib,AZD6094,0.7424999999999999,1.0,1.0,0.18333333333333335,0.875,0.125,ABL;EPHRINS;KIT;PDGFR;SRC,MET,"Other, kinases",RTK signaling,distinct targets; different GDSC pathways,,291
GSK269962A,Bryostatin 1,0.7420245398773007,1.0,0.5,0.5833333333333334,0.9202453987730062,0.07975460122699386,ROCK1;ROCK2,PKC,Cytoskeleton,Other,distinct targets,,292
Dasatinib,XMD8-92,0.741651376146789,1.0,1.0,0.2,0.8165137614678899,0.1834862385321101,ABL;EPHRINS;KIT;PDGFR;SRC,ERK5,"Other, kinases",ERK MAPK signaling,distinct targets; different GDSC pathways,,293
GSK269962A,CCT245232,0.7409615384615384,1.0,0.5,0.6333333333333333,0.7596153846153846,0.2403846153846154,ROCK1;ROCK2,HSF1,Cytoskeleton,Unclassified,distinct targets; both GBM-selective,,294
Midostaurin,CCT245232,0.7399082568807339,1.0,0.5,0.5833333333333334,0.8990825688073394,0.10091743119266056,C-FGR;FLT1;PKC;PPK,HSF1,Other,Unclassified,distinct targets; both GBM-selective,,295
XMD8-85,A-770041,0.7381818181818182,1.0,0.5,0.6166666666666667,0.7818181818181819,0.21818181818181817,BET;ERK5,FYN;LCK,Other,"Other, kinases",distinct targets,,296
XMD8-85,Luminespib,0.7376190476190476,1.0,0.5,0.5833333333333334,0.8761904761904762,0.12380952380952381,BET;ERK5,HSP90,Other,Protein stability and degradation,distinct targets,,297
JNJ38877605,XMD8-92,0.7375,1.0,1.0,0.16666666666666669,0.875,0.125,MET,ERK5,RTK signaling,ERK MAPK signaling,distinct targets; different GDSC pathways,,298
Pazopanib,CCT245232,0.7374175824175824,1.0,0.5,0.6,0.8241758241758241,0.17582417582417584,CSF1R;KIT;PDGFRA;PDGFRB,HSF1,RTK signaling,Unclassified,distinct targets; both GBM-selective,,299
AZD6482,LDN-193189,0.7361702127659574,1.0,0.5,0.5833333333333333,0.8617021276595744,0.13829787234042554,PI3KBETA,BMP,PI3K/MTOR signaling,Other,distinct targets; both GBM-selective,,300
Dasatinib,Dactolisib,0.7359813084112149,1.0,1.0,0.16666666666666666,0.8598130841121495,0.14018691588785046,ABL;EPHRINS;KIT;PDGFR;SRC,MTORC1;MTORC2;PI3K (CLASS 1),"Other, kinases",PI3K/MTOR signaling,distinct targets; different GDSC pathways,,301
Pazopanib,Bryostatin 1,0.735945945945946,1.0,0.5,0.55,0.9594594594594594,0.04054054054054054,CSF1R;KIT;PDGFRA;PDGFRB,PKC,RTK signaling,Other,distinct targets,,302
BX795,LDN-193189,0.7354761904761904,1.0,0.5,0.5666666666666667,0.9047619047619048,0.09523809523809523,AURKB;AURKC;IKK;PDK1 (PDPK1);TBK1,BMP,"Other, kinases",Other,distinct targets; both GBM-selective,,303
WH-4-023,CRT0105446,0.7353921568627451,0.5,1.0,0.7666666666666666,0.803921568627451,0.19607843137254902,LCK;SRC,LCK;MTOR,"Other, kinases",PI3K/MTOR signaling,different GDSC pathways,,304
Cabozantinib,CRT0105950,0.7348837209302326,1.0,1.0,0.16666666666666666,0.8488372093023255,0.1511627906976744,AXL;FLT1;FLT3;FLT4;KIT;MET;RET;TIE2;VEGFR,JNK1;JNK2;JNK3,RTK signaling,JNK and p38 signaling,distinct targets; different GDSC pathways,,305
Staurosporine,Bryostatin 1,0.7338111888111888,1.0,0.5,0.5666666666666667,0.8881118881118881,0.11188811188811189,BROAD SPECTRUM KINASE INHIBITOR,PKC,RTK signaling,Other,distinct targets,,306
"CAP-232, TT-232, TLN-232",CCT245232,0.7331297709923664,1.0,0.5,0.55,0.9312977099236641,0.06870229007633588,GLYCOLYSIS,HSF1,Metabolism,Unclassified,distinct targets; both GBM-selective,,307
Midostaurin,Dasatinib,0.732,1.0,0.5,0.55,0.92,0.08,C-FGR;FLT1;PKC;PPK,ABL;EPHRINS;KIT;PDGFR;SRC,Other,"Other, kinases",distinct targets,,308
XMD8-85,CCT245232,0.7313157894736841,1.0,0.5,0.5666666666666667,0.8631578947368421,0.1368421052631579,BET;ERK5,HSF1,Other,Unclassified,distinct targets,,309
Bortezomib,XMD8-92,0.731,1.0,1.0,0.15,0.86,0.14,PROTEASOME,ERK5,Protein stability and degradation,ERK MAPK signaling,distinct targets; different GDSC pathways,,310
Bleomycin (10 uM),LDN-193189,0.7305801104972376,1.0,0.5,0.5333333333333333,0.9558011049723757,0.04419889502762431,DSDNA BREAK INDUCTION,BMP,DNA replication,Other,distinct targets; both GBM-selective,,311
Bortezomib,AZD6094,0.7291304347826086,1.0,1.0,0.13333333333333333,0.8913043478260869,0.10869565217391304,PROTEASOME,MET,Protein stability and degradation,RTK signaling,distinct targets; different GDSC pathways,,312
Tanespimycin,CCT245232,0.7255982905982906,1.0,0.5,0.5333333333333333,0.905982905982906,0.09401709401709402,HSP90,HSF1,Protein stability and degradation,Unclassified,distinct targets; both GBM-selective,,313
JNJ38877605,CRT0105950,0.7252173913043478,1.0,1.0,0.11666666666666667,0.9021739130434783,0.09782608695652174,MET,JNK1;JNK2;JNK3,RTK signaling,JNK and p38 signaling,distinct targets; different GDSC pathways,,314
XMD8-85,Cabozantinib,0.7240425531914894,1.0,0.5,0.55,0.8404255319148937,0.1595744680851064,BET;ERK5,AXL;FLT1;FLT3;FLT4;KIT;MET;RET;TIE2;VEGFR,Other,RTK signaling,distinct targets,,315
Bortezomib,Dactolisib,0.7235416666666666,1.0,1.0,0.11666666666666667,0.8854166666666666,0.11458333333333333,PROTEASOME,MTORC1;MTORC2;PI3K (CLASS 1),Protein stability and degradation,PI3K/MTOR signaling,distinct targets; different GDSC pathways,,316
Dasatinib,CRT0105950,0.723494623655914,1.0,1.0,0.15,0.7849462365591398,0.21505376344086022,ABL;EPHRINS;KIT;PDGFR;SRC,JNK1;JNK2;JNK3,"Other, kinases",JNK and p38 signaling,distinct targets; different GDSC pathways,,317
XMD8-92,AZD6094,0.7234615384615385,1.0,1.0,0.11666666666666667,0.8846153846153846,0.11538461538461539,ERK5,MET,ERK MAPK signaling,RTK signaling,distinct targets; different GDSC pathways,,318
torin2,LDN-193189,0.7229545454545454,1.0,0.5,0.55,0.8295454545454546,0.17045454545454544,ATM;ATR;DNAPK;MTOR,BMP,PI3K/MTOR signaling,Other,distinct targets; both GBM-selective,,319
Midostaurin,JNJ38877605,0.7221052631578947,1.0,0.5,0.5166666666666667,0.9210526315789473,0.07894736842105263,C-FGR;FLT1;PKC;PPK,MET,Other,RTK signaling,distinct targets,,320
XMD8-85,Bryostatin 1,0.7216083916083916,1.0,0.5,0.5166666666666667,0.916083916083916,0.08391608391608392,BET;ERK5,PKC,Other,Other,distinct targets,,321
Bleomycin (50 uM),LDN-193189,0.7205801104972376,1.0,0.5,0.5,0.9558011049723757,0.04419889502762431,DSDNA BREAK INDUCTION,BMP,DNA replication,Other,distinct targets; both GBM-selective,,322
CRT0105446,LDN-193189,0.7205263157894737,1.0,0.5,0.5166666666666666,0.9052631578947369,0.09473684210526316,LCK;MTOR,BMP,PI3K/MTOR signaling,Other,distinct targets; both GBM-selective,,323
XMD8-85,Dasatinib,0.7167307692307692,1.0,0.5,0.5333333333333333,0.8173076923076923,0.18269230769230768,BET;ERK5,ABL;EPHRINS;KIT;PDGFR;SRC,Other,"Other, kinases",distinct targets,,324
"CAP-232, TT-232, TLN-232",Bryostatin 1,0.715,1.0,0.5,0.5,0.9,0.1,GLYCOLYSIS,PKC,Metabolism,Other,distinct targets,,325
JNJ38877605,Dactolisib,0.715,1.0,1.0,0.13333333333333333,0.75,0.25,MET,MTORC1;MTORC2;PI3K (CLASS 1),RTK signaling,PI3K/MTOR signaling,distinct targets; different GDSC pathways,,325
Midostaurin,Bortezomib,0.7138888888888889,1.0,0.5,0.5,0.8888888888888888,0.1111111111111111,C-FGR;FLT1;PKC;PPK,PROTEASOME,Other,Protein stability and degradation,distinct targets; both GBM-selective,,327
AZD6094,Dactolisib,0.7137755102040816,1.0,1.0,0.08333333333333334,0.8877551020408163,0.11224489795918367,MET,MTORC1;MTORC2;PI3K (CLASS 1),RTK signaling,PI3K/MTOR signaling,distinct targets; different GDSC pathways,,328
Bortezomib,CRT0105950,0.7133333333333333,1.0,1.0,0.09999999999999999,0.8333333333333334,0.16666666666666666,PROTEASOME,JNK1;JNK2;JNK3,Protein stability and degradation,JNK and p38 signaling,distinct targets; different GDSC pathways,,329
XMD8-92,CRT0105950,0.713,1.0,1.0,0.08333333333333333,0.88,0.12,ERK5,JNK1;JNK2;JNK3,ERK MAPK signaling,JNK and p38 signaling,distinct targets; different GDSC pathways,,330
XMD8-92,Dactolisib,0.7125242718446602,1.0,1.0,0.1,0.8252427184466019,0.17475728155339806,ERK5,MTORC1;MTORC2;PI3K (CLASS 1),ERK MAPK signaling,PI3K/MTOR signaling,distinct targets; different GDSC pathways,,331
AZD6482,CCT245232,0.7124175824175824,1.0,0.5,0.5166666666666666,0.8241758241758241,0.17582417582417584,PI3KBETA,HSF1,PI3K/MTOR signaling,Unclassified,distinct targets; both GBM-selective,,332
XMD8-85,JNJ38877605,0.711734693877551,1.0,0.5,0.5,0.8673469387755102,0.1326530612244898,BET;ERK5,MET,Other,RTK signaling,distinct targets,,333
HG6-64-1,LDN-193189,0.7101785714285714,1.0,0.5,0.48333333333333334,0.9017857142857143,0.09821428571428571,BRAF,BMP,ERK MAPK signaling,Other,distinct targets; both GBM-selective,,334
torin2,CCT245232,0.709247311827957,1.0,0.5,0.4833333333333333,0.8924731182795699,0.10752688172043011,ATM;ATR;DNAPK;MTOR,HSF1,PI3K/MTOR signaling,Unclassified,distinct targets; both GBM-selective,,335
Midostaurin,AZD6094,0.7089130434782609,1.0,0.5,0.4666666666666667,0.9391304347826087,0.06086956521739131,C-FGR;FLT1;PKC;PPK,MET,Other,RTK signaling,distinct targets,,336
AZD6094,CRT0105950,0.7088888888888889,1.0,1.0,0.06666666666666667,0.8888888888888888,0.1111111111111111,MET,JNK1;JNK2;JNK3,RTK signaling,JNK and p38 signaling,distinct targets; different GDSC pathways,,337
BX795,CCT245232,0.7088383838383838,1.0,0.5,0.5,0.8383838383838383,0.16161616161616163,AURKB;AURKC;IKK;PDK1 (PDPK1);TBK1,HSF1,"Other, kinases",Unclassified,distinct targets; both GBM-selective,,338
XMD8-85,Bortezomib,0.7075,1.0,0.5,0.48333333333333334,0.875,0.125,BET;ERK5,PROTEASOME,Other,Protein stability and degradation,distinct targets,,339
Midostaurin,XMD8-92,0.7073949579831933,1.0,0.5,0.48333333333333334,0.8739495798319328,0.12605042016806722,C-FGR;FLT1;PKC;PPK,ERK5,Other,ERK MAPK signaling,distinct targets,,340
Tanespimycin,Bryostatin 1,0.7070967741935483,1.0,0.5,0.4833333333333333,0.8709677419354839,0.12903225806451613,HSP90,PKC,Protein stability and degradation,Other,distinct targets,,341
Bleomycin (10 uM),CCT245232,0.707,1.0,0.5,0.4666666666666667,0.92,0.08,DSDNA BREAK INDUCTION,HSF1,DNA replication,Unclassified,distinct targets; both GBM-selective,,342
Staurosporine,Pazopanib,0.7068181818181818,1.0,0.0,0.8833333333333333,0.9181818181818182,0.08181818181818182,BROAD SPECTRUM KINASE INHIBITOR,CSF1R;KIT;PDGFRA;PDGFRB,RTK signaling,RTK signaling,distinct targets; same GDSC pathway; both GBM-selective,,343
Dactolisib,CRT0105950,0.7067525773195876,1.0,1.0,0.05,0.9175257731958762,0.08247422680412371,MTORC1;MTORC2;PI3K (CLASS 1),JNK1;JNK2;JNK3,PI3K/MTOR signaling,JNK and p38 signaling,distinct targets; different GDSC pathways,,344
BX795,Bryostatin 1,0.7048051948051948,1.0,0.5,0.44999999999999996,0.948051948051948,0.05194805194805195,AURKB;AURKC;IKK;PDK1 (PDPK1);TBK1,PKC,"Other, kinases",Other,distinct targets,,345
AZD6482,Bryostatin 1,0.7042086330935251,1.0,0.5,0.4666666666666667,0.8920863309352518,0.1079136690647482,PI3KBETA,PKC,PI3K/MTOR signaling,Other,distinct targets,,346
torin2,Bryostatin 1,0.701551724137931,1.0,0.5,0.43333333333333335,0.9655172413793104,0.034482758620689655,ATM;ATR;DNAPK;MTOR,PKC,PI3K/MTOR signaling,Other,distinct targets,,347
Cabozantinib,Dasatinib,0.7012745098039216,0.8,1.0,0.2833333333333333,0.8627450980392157,0.13725490196078433,AXL;FLT1;FLT3;FLT4;KIT;MET;RET;TIE2;VEGFR,ABL;EPHRINS;KIT;PDGFR;SRC,RTK signaling,"Other, kinases",distinct targets; different GDSC pathways,,348
LDN-193189,Temsirolimus,0.7011038961038961,1.0,0.5,0.43333333333333335,0.961038961038961,0.03896103896103896,BMP,MTOR,Other,PI3K/MTOR signaling,distinct targets; both GBM-selective,,349
Midostaurin,CRT0105950,0.6986936936936937,1.0,0.5,0.43333333333333335,0.9369369369369369,0.06306306306306306,C-FGR;FLT1;PKC;PPK,JNK1;JNK2;JNK3,Other,JNK and p38 signaling,distinct targets,,350
Midostaurin,Dactolisib,0.6985964912280702,1.0,0.5,0.45,0.8859649122807017,0.11403508771929824,C-FGR;FLT1;PKC;PPK,MTORC1;MTORC2;PI3K (CLASS 1),Other,PI3K/MTOR signaling,distinct targets,,351
LDN-193189,A-770041,0.698495575221239,1.0,0.5,0.45,0.8849557522123894,0.11504424778761062,BMP,FYN;LCK,Other,"Other, kinases",distinct targets,,352
CRT0105446,CCT245232,0.6981720430107526,1.0,0.5,0.44999999999999996,0.8817204301075269,0.11827956989247312,LCK;MTOR,HSF1,PI3K/MTOR signaling,Unclassified,distinct targets; both GBM-selective,,353
XMD8-85,AZD6094,0.6977551020408164,1.0,0.5,0.45,0.8775510204081632,0.12244897959183673,BET;ERK5,MET,Other,RTK signaling,distinct targets,,354
Bleomycin (50 uM),CCT245232,0.697,1.0,0.5,0.43333333333333335,0.92,0.08,DSDNA BREAK INDUCTION,HSF1,DNA replication,Unclassified,distinct targets; both GBM-selective,,355
Bleomycin (10 uM),Bryostatin 1,0.6902325581395349,1.0,0.5,0.41666666666666663,0.9023255813953488,0.09767441860465116,DSDNA BREAK INDUCTION,PKC,DNA replication,Other,distinct targets,,356
LDN-193189,Luminespib,0.6888888888888889,1.0,0.5,0.41666666666666663,0.8888888888888888,0.1111111111111111,BMP,HSP90,Other,Protein stability and degradation,distinct targets; both GBM-selective,,357
LDN-193189,CCT245232,0.6886170212765957,1.0,0.5,0.4,0.9361702127659575,0.06382978723404255,BMP,HSF1,Other,Unclassified,distinct targets; both GBM-selective,,358
XMD8-85,CRT0105950,0.6884210526315789,1.0,0.5,0.4166666666666667,0.8842105263157894,0.11578947368421053,BET;ERK5,JNK1;JNK2;JNK3,Other,JNK and p38 signaling,distinct targets,,359
XMD8-85,Dactolisib,0.6864432989690722,1.0,0.5,0.43333333333333335,0.8144329896907216,0.18556701030927836,BET;ERK5,MTORC1;MTORC2;PI3K (CLASS 1),Other,PI3K/MTOR signaling,distinct targets,,360
CRT0105446,Bryostatin 1,0.6847810218978102,1.0,0.5,0.4,0.8978102189781022,0.10218978102189781,LCK;MTOR,PKC,PI3K/MTOR signaling,Other,distinct targets,,361
TGX221,torin2,0.6819565217391304,1.0,0.0,0.8166666666666667,0.8695652173913043,0.13043478260869565,PI3KBETA,ATM;ATR;DNAPK;MTOR,PI3K/MTOR signaling,PI3K/MTOR signaling,distinct targets; same GDSC pathway; both GBM-selective,,362
Bleomycin (50 uM),Bryostatin 1,0.6802325581395349,1.0,0.5,0.3833333333333333,0.9023255813953488,0.09767441860465116,DSDNA BREAK INDUCTION,PKC,DNA replication,Other,distinct targets,,363
LDN-193189,Cabozantinib,0.6777777777777778,1.0,0.5,0.3833333333333333,0.8777777777777778,0.12222222222222222,BMP,AXL;FLT1;FLT3;FLT4;KIT;MET;RET;TIE2;VEGFR,Other,RTK signaling,distinct targets,,364
Temsirolimus,CCT245232,0.6768918918918919,1.0,0.5,0.3666666666666667,0.9189189189189189,0.08108108108108109,MTOR,HSF1,PI3K/MTOR signaling,Unclassified,distinct targets; both GBM-selective,,365
LDN-193189,Bryostatin 1,0.6764788732394366,1.0,0.5,0.35,0.9647887323943662,0.035211267605633804,BMP,PKC,Other,Other,distinct targets,,366
HG6-64-1,Bryostatin 1,0.676025641025641,1.0,0.5,0.3666666666666667,0.9102564102564102,0.08974358974358974,BRAF,PKC,ERK MAPK signaling,Other,distinct targets,,367
HG6-64-1,CCT245232,0.6744897959183673,1.0,0.5,0.41666666666666663,0.7448979591836735,0.25510204081632654,BRAF,HSF1,ERK MAPK signaling,Unclassified,distinct targets; both GBM-selective,,368
TGX221,CRT0105446,0.6744736842105263,1.0,0.0,0.7833333333333333,0.8947368421052632,0.10526315789473684,PI3KBETA,LCK;MTOR,PI3K/MTOR signaling,PI3K/MTOR signaling,distinct targets; same GDSC pathway; both GBM-selective,,369
LDN-193189,Dasatinib,0.6744230769230769,1.0,0.5,0.3666666666666667,0.8942307692307693,0.10576923076923077,BMP,ABL;EPHRINS;KIT;PDGFR;SRC,Other,"Other, kinases",distinct targets,,370
A-770041,CCT245232,0.6744036697247706,1.0,0.5,0.3833333333333333,0.8440366972477065,0.1559633027522936,FYN;LCK,HSF1,"Other, kinases",Unclassified,distinct targets,,371
WH-4-023,BX795,0.6740909090909091,1.0,0.0,0.8166666666666667,0.7909090909090909,0.20909090909090908,LCK;SRC,AURKB;AURKC;IKK;PDK1 (PDPK1);TBK1,"Other, kinases","Other, kinases",distinct targets; same GDSC pathway,,372
A-770041,Bryostatin 1,0.666875,1.0,0.5,0.33333333333333337,0.91875,0.08125,FYN;LCK,PKC,"Other, kinases",Other,distinct targets,,373
Luminespib,CCT245232,0.6654166666666667,1.0,0.5,0.35,0.8541666666666666,0.14583333333333334,HSP90,HSF1,Protein stability and degradation,Unclassified,distinct targets; both GBM-selective,,374
CRT0105446,A-770041,0.6609649122807018,0.5,1.0,0.5,0.8596491228070176,0.14035087719298245,LCK;MTOR,FYN;LCK,PI3K/MTOR signaling,"Other, kinases",different GDSC pathways,,375
LDN-193189,Bortezomib,0.6601098901098901,1.0,0.5,0.31666666666666665,0.9010989010989011,0.0989010989010989,BMP,PROTEASOME,Other,Protein stability and degradation,distinct targets; both GBM-selective,,376
LDN-193189,JNJ38877605,0.6566091954022988,1.0,0.5,0.33333333333333337,0.8160919540229885,0.1839080459770115,BMP,MET,Other,RTK signaling,distinct targets,,377
Luminespib,Bryostatin 1,0.6552097902097902,1.0,0.5,0.3,0.9020979020979021,0.0979020979020979,HSP90,PKC,Protein stability and degradation,Other,distinct targets,,378
Temsirolimus,Bryostatin 1,0.6543575418994413,1.0,0.5,0.31666666666666665,0.8435754189944134,0.1564245810055866,MTOR,PKC,PI3K/MTOR signaling,Other,distinct targets,,379
CCT245232,Cabozantinib,0.6525581395348837,1.0,0.5,0.31666666666666665,0.8255813953488372,0.1744186046511628,HSF1,AXL;FLT1;FLT3;FLT4;KIT;MET;RET;TIE2;VEGFR,Unclassified,RTK signaling,distinct targets,,380
CCT245232,Bryostatin 1,0.6511111111111111,1.0,0.5,0.2833333333333333,0.9111111111111111,0.08888888888888889,HSF1,PKC,Unclassified,Other,distinct targets,,381
TGX221,Temsirolimus,0.6504761904761904,1.0,0.0,0.7,0.9047619047619048,0.09523809523809523,PI3KBETA,MTOR,PI3K/MTOR signaling,PI3K/MTOR signaling,distinct targets; same GDSC pathway; both GBM-selective,,382
CCT245232,Dasatinib,0.6476530612244897,1.0,0.5,0.3,0.826530612244898,0.17346938775510204,HSF1,ABL;EPHRINS;KIT;PDGFR;SRC,Unclassified,"Other, kinases",distinct targets,,383
LDN-193189,XMD8-92,0.6474742268041237,1.0,0.5,0.3,0.8247422680412371,0.17525773195876287,BMP,ERK5,Other,ERK MAPK signaling,distinct targets,,384
Midostaurin,Cabozantinib,0.6454629629629629,0.75,0.5,0.5666666666666667,0.8796296296296297,0.12037037037037036,C-FGR;FLT1;PKC;PPK,AXL;FLT1;FLT3;FLT4;KIT;MET;RET;TIE2;VEGFR,Other,RTK signaling,distinct targets,,385
LDN-193189,AZD6094,0.6453932584269663,1.0,0.5,0.2833333333333333,0.8539325842696629,0.14606741573033707,BMP,MET,Other,RTK signaling,distinct targets,,386
Cabozantinib,Bryostatin 1,0.6453703703703704,1.0,0.5,0.26666666666666666,0.9037037037037037,0.0962962962962963,AXL;FLT1;FLT3;FLT4;KIT;MET;RET;TIE2;VEGFR,PKC,RTK signaling,Other,distinct targets,,387
CCT245232,JNJ38877605,0.6430434782608696,1.0,0.5,0.26666666666666666,0.8804347826086957,0.11956521739130435,HSF1,MET,Unclassified,RTK signaling,distinct targets,,388
Dasatinib,Bryostatin 1,0.642,1.0,0.5,0.25,0.92,0.08,ABL;EPHRINS;KIT;PDGFR;SRC,PKC,"Other, kinases",Other,distinct targets,,389
LDN-193189,CRT0105950,0.6398876404494381,1.0,0.5,0.25,0.898876404494382,0.10112359550561797,BMP,JNK1;JNK2;JNK3,Other,JNK and p38 signaling,distinct targets,,390
AZD6482,torin2,0.6377551020408163,1.0,0.0,0.6666666666666666,0.8775510204081632,0.12244897959183673,PI3KBETA,ATM;ATR;DNAPK;MTOR,PI3K/MTOR signaling,PI3K/MTOR signaling,distinct targets; same GDSC pathway; both GBM-selective,,391
CCT245232,Bortezomib,0.6376404494382022,1.0,0.5,0.25,0.8764044943820225,0.12359550561797752,HSF1,PROTEASOME,Unclassified,Protein stability and degradation,distinct targets; both GBM-selective,,392
Bryostatin 1,JNJ38877605,0.636551724137931,1.0,0.5,0.21666666666666667,0.9655172413793104,0.034482758620689655,PKC,MET,Other,RTK signaling,distinct targets,,393
LDN-193189,Dactolisib,0.6334090909090909,1.0,0.5,0.26666666666666666,0.7840909090909091,0.2159090909090909,BMP,MTORC1;MTORC2;PI3K (CLASS 1),Other,PI3K/MTOR signaling,distinct targets,,394
CCT245232,AZD6094,0.6326315789473684,1.0,0.5,0.21666666666666667,0.9263157894736842,0.07368421052631578,HSF1,MET,Unclassified,RTK signaling,distinct targets,,395
CCT245232,XMD8-92,0.6298484848484849,1.0,0.5,0.23333333333333334,0.8484848484848485,0.15151515151515152,HSF1,ERK5,Unclassified,ERK MAPK signaling,distinct targets,,396
AZD6482,CRT0105446,0.6278787878787878,1.0,0.0,0.6333333333333333,0.8787878787878788,0.12121212121212122,PI3KBETA,LCK;MTOR,PI3K/MTOR signaling,PI3K/MTOR signaling,distinct targets; same GDSC pathway; both GBM-selective,,397
Bryostatin 1,Bortezomib,0.6261111111111111,1.0,0.5,0.2,0.9111111111111111,0.08888888888888889,PKC,PROTEASOME,Other,Protein stability and degradation,distinct targets,,398
CCT245232,Dactolisib,0.6235416666666667,1.0,0.5,0.19999999999999998,0.8854166666666666,0.11458333333333333,HSF1,MTORC1;MTORC2;PI3K (CLASS 1),Unclassified,PI3K/MTOR signaling,distinct targets,,399
Bryostatin 1,AZD6094,0.6193262411347518,1.0,0.5,0.16666666666666669,0.9432624113475178,0.05673758865248227,PKC,MET,Other,RTK signaling,distinct targets,,400
Bryostatin 1,XMD8-92,0.6189655172413793,1.0,0.5,0.18333333333333335,0.8896551724137931,0.1103448275862069,PKC,ERK5,Other,ERK MAPK signaling,distinct targets,,401
Staurosporine,Cabozantinib,0.6181188118811881,1.0,0.0,0.6,0.8811881188118812,0.1188118811881188,BROAD SPECTRUM KINASE INHIBITOR,AXL;FLT1;FLT3;FLT4;KIT;MET;RET;TIE2;VEGFR,RTK signaling,RTK signaling,distinct targets; same GDSC pathway,,402
CCT245232,CRT0105950,0.6173563218390804,1.0,0.5,0.18333333333333332,0.8735632183908046,0.12643678160919541,HSF1,JNK1;JNK2;JNK3,Unclassified,JNK and p38 signaling,distinct targets,,403
Bryostatin 1,Dactolisib,0.6166442953020134,1.0,0.5,0.15,0.9664429530201343,0.03355704697986577,PKC,MTORC1;MTORC2;PI3K (CLASS 1),Other,PI3K/MTOR signaling,distinct targets,,404
Bryostatin 1,CRT0105950,0.609927536231884,1.0,0.5,0.13333333333333333,0.9492753623188406,0.050724637681159424,PKC,JNK1;JNK2;JNK3,Other,JNK and p38 signaling,distinct targets,,405
Staurosporine,JNJ38877605,0.6065094339622641,1.0,0.0,0.55,0.9150943396226415,0.08490566037735849,BROAD SPECTRUM KINASE INHIBITOR,MET,RTK signaling,RTK signaling,distinct targets; same GDSC pathway,,406
AZD6482,Temsirolimus,0.6051315789473684,1.0,0.0,0.55,0.9013157894736842,0.09868421052631579,PI3KBETA,MTOR,PI3K/MTOR signaling,PI3K/MTOR signaling,distinct targets; same GDSC pathway; both GBM-selective,,407
BX795,A-770041,0.5994262295081967,1.0,0.0,0.55,0.8442622950819672,0.1557377049180328,AURKB;AURKC;IKK;PDK1 (PDPK1);TBK1,FYN;LCK,"Other, kinases","Other, kinases",distinct targets; same GDSC pathway,,408
TGX221,Dactolisib,0.5963157894736842,1.0,0.0,0.5333333333333333,0.8631578947368421,0.1368421052631579,PI3KBETA,MTORC1;MTORC2;PI3K (CLASS 1),PI3K/MTOR signaling,PI3K/MTOR signaling,distinct targets; same GDSC pathway,,409
Pazopanib,JNJ38877605,0.5954166666666667,1.0,0.0,0.5333333333333333,0.8541666666666666,0.14583333333333334,CSF1R;KIT;PDGFRA;PDGFRB,MET,RTK signaling,RTK signaling,distinct targets; same GDSC pathway,,410
Staurosporine,AZD6094,0.5934579439252337,1.0,0.0,0.5,0.9345794392523364,0.06542056074766354,BROAD SPECTRUM KINASE INHIBITOR,MET,RTK signaling,RTK signaling,distinct targets; same GDSC pathway,,411
Pazopanib,AZD6094,0.5837755102040816,1.0,0.0,0.48333333333333334,0.8877551020408163,0.11224489795918367,CSF1R;KIT;PDGFRA;PDGFRB,MET,RTK signaling,RTK signaling,distinct targets; same GDSC pathway,,412
Tanespimycin,Bortezomib,0.5783333333333333,1.0,0.0,0.44999999999999996,0.9333333333333333,0.06666666666666667,HSP90,PROTEASOME,Protein stability and degradation,Protein stability and degradation,distinct targets; same GDSC pathway; both GBM-selective,,413
BX795,Dasatinib,0.5685046728971962,1.0,0.0,0.4666666666666667,0.7850467289719626,0.21495327102803738,AURKB;AURKC;IKK;PDK1 (PDPK1);TBK1,ABL;EPHRINS;KIT;PDGFR;SRC,"Other, kinases","Other, kinases",distinct targets; same GDSC pathway,,414
AZD6482,Dactolisib,0.5521287128712871,1.0,0.0,0.3833333333333333,0.8712871287128713,0.12871287128712872,PI3KBETA,MTORC1;MTORC2;PI3K (CLASS 1),PI3K/MTOR signaling,PI3K/MTOR signaling,distinct targets; same GDSC pathway,,415
A-770041,Dasatinib,0.5384710743801653,1.0,0.0,0.35,0.8347107438016529,0.1652892561983471,FYN;LCK,ABL;EPHRINS;KIT;PDGFR;SRC,"Other, kinases","Other, kinases",distinct targets; same GDSC pathway,,416
CRT0105446,Dactolisib,0.53509900990099,1.0,0.0,0.31666666666666665,0.900990099009901,0.09900990099009901,LCK;MTOR,MTORC1;MTORC2;PI3K (CLASS 1),PI3K/MTOR signaling,PI3K/MTOR signaling,distinct targets; same GDSC pathway,,417
HG6-64-1,XMD8-92,0.5288983050847458,1.0,0.0,0.31666666666666665,0.8389830508474576,0.16101694915254236,BRAF,ERK5,ERK MAPK signaling,ERK MAPK signaling,distinct targets; same GDSC pathway,,418
Pazopanib,Cabozantinib,0.5213709677419355,0.75,0.0,0.5833333333333334,0.8387096774193549,0.16129032258064516,CSF1R;KIT;PDGFRA;PDGFRB,AXL;FLT1;FLT3;FLT4;KIT;MET;RET;TIE2;VEGFR,RTK signaling,RTK signaling,distinct targets; same GDSC pathway,,419
torin2,Dactolisib,0.5208536585365853,1.0,0.0,0.35,0.6585365853658536,0.34146341463414637,ATM;ATR;DNAPK;MTOR,MTORC1;MTORC2;PI3K (CLASS 1),PI3K/MTOR signaling,PI3K/MTOR signaling,distinct targets; same GDSC pathway,,420
Luminespib,Bortezomib,0.5154166666666666,1.0,0.0,0.26666666666666666,0.8541666666666666,0.14583333333333334,HSP90,PROTEASOME,Protein stability and degradation,Protein stability and degradation,distinct targets; same GDSC pathway; both GBM-selective,,421
Temsirolimus,Dactolisib,0.5143037974683544,1.0,0.0,0.23333333333333334,0.9430379746835443,0.056962025316455694,MTOR,MTORC1;MTORC2;PI3K (CLASS 1),PI3K/MTOR signaling,PI3K/MTOR signaling,distinct targets; same GDSC pathway,,422
WH-4-023,A-770041,0.4669672131147541,0.5,0.0,0.7,0.819672131147541,0.18032786885245902,LCK;SRC,FYN;LCK,"Other, kinases","Other, kinases",same GDSC pathway,,423
torin2,CRT0105446,0.4399462365591398,0.5,0.0,0.6,0.8494623655913979,0.15053763440860216,ATM;ATR;DNAPK;MTOR,LCK;MTOR,PI3K/MTOR signaling,PI3K/MTOR signaling,same GDSC pathway; both GBM-selective,,424
WH-4-023,Dasatinib,0.43798165137614675,0.5,0.0,0.6166666666666667,0.7798165137614679,0.22018348623853212,LCK;SRC,ABL;EPHRINS;KIT;PDGFR;SRC,"Other, kinases","Other, kinases",same GDSC pathway,,425
Midostaurin,Bryostatin 1,0.3736666666666667,0.0,0.5,0.5333333333333333,0.8866666666666667,0.11333333333333333,C-FGR;FLT1;PKC;PPK,PKC,Other,Other,identical target profile,,426
Tanespimycin,Luminespib,0.25802325581395347,0.0,0.0,0.5499999999999999,0.9302325581395349,0.06976744186046512,HSP90,HSP90,Protein stability and degradation,Protein stability and degradation,identical target profile; same GDSC pathway; both GBM-selective,,427
torin2,Temsirolimus,0.2505128205128205,0.0,0.0,0.5166666666666666,0.9551282051282052,0.04487179487179487,ATM;ATR;DNAPK;MTOR,MTOR,PI3K/MTOR signaling,PI3K/MTOR signaling,identical target profile; same GDSC pathway; both GBM-selective,,428
CRT0105446,Temsirolimus,0.2363907284768212,0.0,0.0,0.48333333333333334,0.9139072847682119,0.08609271523178808,LCK;MTOR,MTOR,PI3K/MTOR signaling,PI3K/MTOR signaling,identical target profile; same GDSC pathway; both GBM-selective,,429
Cabozantinib,JNJ38877605,0.16071428571428573,0.0,0.0,0.25,0.8571428571428572,0.14285714285714285,AXL;FLT1;FLT3;FLT4;KIT;MET;RET;TIE2;VEGFR,MET,RTK signaling,RTK signaling,identical target profile; same GDSC pathway,,430
Cabozantinib,AZD6094,0.1504255319148936,0.0,0.0,0.2,0.9042553191489362,0.09574468085106383,AXL;FLT1;FLT3;FLT4;KIT;MET;RET;TIE2;VEGFR,MET,RTK signaling,RTK signaling,identical target profile; same GDSC pathway,,431
JNJ38877605,AZD6094,0.11537037037037037,0.0,0.0,0.15000000000000002,0.7037037037037037,0.2962962962962963,MET,MET,RTK signaling,RTK signaling,identical target profile; same GDSC pathway,,432
TGX221,AZD6482,,0.0,0.0,0.85,0.2295081967213115,0.7704918032786885,PI3KBETA,PI3KBETA,PI3K/MTOR signaling,PI3K/MTOR signaling,identical target profile; same GDSC pathway; both GBM-selective,near-duplicate structures (Tanimoto 0.77 > 0.7),
XMD8-85,XMD8-92,,0.0,0.5,0.4666666666666667,0.2816901408450704,0.7183098591549296,BET;ERK5,ERK5,Other,ERK MAPK signaling,identical target profile,near-duplicate structures (Tanimoto 0.72 > 0.7),
Bleomycin (10 uM),Bleomycin (50 uM),,0.0,0.0,0.5666666666666667,0.0,1.0,DSDNA BREAK INDUCTION,DSDNA BREAK INDUCTION,DNA replication,DNA replication,identical target profile; same GDSC pathway; both GBM-selective,near-duplicate structures (Tanimoto 1.00 > 0.7),
