,A-770041,AZD6094,AZD6482,BX795,Bleomycin (10 uM),Bleomycin (50 uM),Bortezomib,Bryostatin 1,"CAP-232, TT-232, TLN-232",CCT245232,CRT0105446,CRT0105950,Cabozantinib,Dactolisib,Dasatinib,GSK269962A,HG6-64-1,JNJ38877605,LDN-193189,Luminespib,Midostaurin,Pazopanib,Staurosporine,TGX221,Tanespimycin,Temsirolimus,WH-4-023,XMD8-85,XMD8-92,torin2
A-770041,,0.768695652173913,0.8533333333333333,0.5994262295081967,0.8458629441624365,0.8358629441624366,0.7764864864864864,0.666875,0.8693333333333333,0.6744036697247706,0.6609649122807018,0.7621739130434783,0.7934862385321101,0.7583333333333333,0.5384710743801653,0.8848449612403101,0.8253846153846154,0.7808407079646017,0.698495575221239,0.8057142857142857,0.7518217054263565,0.8822881355932204,0.8868852459016393,0.9016071428571428,0.8665492957746478,0.8168604651162791,0.4669672131147541,0.7381818181818182,0.7653418803418803,0.8478260869565217
AZD6094,0.768695652173913,,0.8076288659793814,0.8066666666666666,0.7988888888888889,0.7888888888888889,0.7291304347826086,0.6193262411347518,0.8232330827067669,0.6326315789473684,0.7895833333333333,0.7088888888888889,0.1504255319148936,0.7137755102040816,0.7424999999999999,0.8458333333333333,0.7822413793103448,0.11537037037037037,0.6453932584269663,0.7601960784313725,0.7089130434782609,0.5837755102040816,0.5934579439252337,0.8518131868131869,0.821,0.7698051948051948,0.8488888888888889,0.6977551020408164,0.7234615384615385,0.7994736842105263
AZD6482,0.8533333333333333,0.8076288659793814,,0.892037037037037,0.8873076923076922,0.8773076923076923,0.8149462365591398,0.7042086330935251,0.9086363636363636,0.7124175824175824,0.6278787878787878,0.7982978723404255,0.8375,0.5521287128712871,0.825392156862745,0.9267391304347826,0.8679310344827587,0.8238888888888889,0.7361702127659574,0.838125,0.7895454545454546,0.9243203883495146,0.9255769230769231,,0.9069999999999999,0.6051315789473684,0.9331775700934579,0.7826530612244897,0.8063725490196079,0.6377551020408163
BX795,0.5994262295081967,0.8066666666666666,0.892037037037037,,0.8797297297297297,0.8697297297297297,0.8099999999999999,0.7048051948051948,0.9050709219858156,0.7088383838383838,0.8694660194174757,0.7908585858585858,0.832378640776699,0.7980733944954128,0.5685046728971962,0.92099173553719,0.858050847457627,0.8197196261682242,0.7354761904761904,0.8413636363636363,0.7928571428571428,0.9138095238095237,0.9282773109243697,0.9362745098039216,0.9024812030075188,0.850625,0.6740909090909091,0.7767307692307692,0.8016513761467889,0.8836792452830189
Bleomycin (10 uM),0.8458629441624365,0.7988888888888889,0.8873076923076922,0.8797297297297297,,,0.8031656804733728,0.6902325581395349,0.8893434343434343,0.707,0.8665730337078651,0.7881428571428571,0.8294444444444444,0.795187165775401,0.8203225806451613,0.9187755102040815,0.8568367346938776,0.8156521739130435,0.7305801104972376,0.8362568306010929,0.7844444444444444,0.9146236559139784,0.9203125,0.9332584269662921,0.8881443298969072,0.8407894736842105,0.9288461538461539,0.7779347826086956,0.8008602150537634,0.8789226519337017
Bleomycin (50 uM),0.8358629441624366,0.7888888888888889,0.8773076923076923,0.8697297297297297,,,0.7931656804733728,0.6802325581395349,0.8793434343434343,0.697,0.8565730337078652,0.7781428571428571,0.8194444444444444,0.785187165775401,0.8103225806451613,0.9087755102040816,0.8468367346938775,0.8056521739130434,0.7205801104972376,0.8262568306010929,0.7744444444444444,0.9046236559139784,0.9103125,0.9232584269662921,0.8781443298969072,0.8307894736842105,0.9188461538461539,0.7679347826086956,0.7908602150537634,0.8689226519337017
Bortezomib,0.7764864864864864,0.7291304347826086,0.8149462365591398,0.8099999999999999,0.8031656804733728,0.7931656804733728,,0.6261111111111111,0.8223529411764705,0.6376404494382022,0.7890697674418604,0.7133333333333333,0.7577777777777778,0.7235416666666666,0.7511386138613861,0.8528260869565217,0.7871559633027523,0.7454255319148936,0.6601098901098901,0.5154166666666666,0.7138888888888889,0.8446907216494846,0.8512621359223301,0.8615168539325843,0.5783333333333333,0.7790397350993378,0.8554368932038835,0.7075,0.731,0.8104255319148936
Bryostatin 1,0.666875,0.6193262411347518,0.7042086330935251,0.7048051948051948,0.6902325581395349,0.6802325581395349,0.6261111111111111,,0.715,0.6511111111111111,0.6847810218978102,0.609927536231884,0.6453703703703704,0.6166442953020134,0.642,0.7420245398773007,0.676025641025641,0.636551724137931,0.6764788732394366,0.6552097902097902,0.3736666666666667,0.735945945945946,0.7338111888111888,0.7503703703703704,0.7070967741935483,0.6543575418994413,0.745728476821192,0.7216083916083916,0.6189655172413793,0.701551724137931
"CAP-232, TT-232, TLN-232",0.8693333333333333,0.8232330827067669,0.9086363636363636,0.9050709219858156,0.8893434343434343,0.8793434343434343,0.8223529411764705,0.715,,0.7331297709923664,0.8892307692307693,0.8087096774193548,0.8515384615384616,0.8177007299270073,0.8466083916083916,0.9459677419354838,0.8798648648648648,0.8398529411764706,0.7523076923076923,0.8572180451127819,0.8023239436619718,0.9377007299270073,0.9382352941176471,0.95484375,0.9159090909090909,0.866304347826087,0.9525170068027211,0.8003703703703704,0.8234057971014492,0.9032835820895522
CCT245232,0.6744036697247706,0.6326315789473684,0.7124175824175824,0.7088383838383838,0.707,0.697,0.6376404494382022,0.6511111111111111,0.7331297709923664,,0.6981720430107526,0.6173563218390804,0.6525581395348837,0.6235416666666667,0.6476530612244897,0.7409615384615384,0.6744897959183673,0.6430434782608696,0.6886170212765957,0.6654166666666667,0.7399082568807339,0.7374175824175824,0.75126213592233,0.7589080459770114,0.7255982905982906,0.6768918918918919,0.754313725490196,0.7313157894736841,0.6298484848484849,0.709247311827957
CRT0105446,0.6609649122807018,0.7895833333333333,0.6278787878787878,0.8694660194174757,0.8665730337078651,0.8565730337078652,0.7890697674418604,0.6847810218978102,0.8892307692307693,0.6981720430107526,,0.7521621621621621,0.807906976744186,0.53509900990099,0.8071782178217821,0.9103448275862068,0.8378846153846153,0.8023684210526316,0.7205263157894737,0.826,0.7762280701754386,0.904,0.9115887850467289,0.6744736842105263,0.885,0.2363907284768212,0.7353921568627451,0.7657142857142857,0.7926190476190476,0.4399462365591398
CRT0105950,0.7621739130434783,0.7088888888888889,0.7982978723404255,0.7908585858585858,0.7881428571428571,0.7781428571428571,0.7133333333333333,0.609927536231884,0.8087096774193548,0.6173563218390804,0.7521621621621621,,0.7348837209302326,0.7067525773195876,0.723494623655914,0.8335964912280701,0.767962962962963,0.7252173913043478,0.6398876404494381,0.7474999999999999,0.6986936936936937,0.8196153846153846,0.8332038834951456,0.8425,0.8073076923076923,0.760364238410596,0.834,0.6884210526315789,0.713,0.7902173913043478
Cabozantinib,0.7934862385321101,0.1504255319148936,0.8375,0.832378640776699,0.8294444444444444,0.8194444444444444,0.7577777777777778,0.6453703703703704,0.8515384615384616,0.6525581395348837,0.807906976744186,0.7348837209302326,,0.7447959183673469,0.7012745098039216,0.8657339449541284,0.8007692307692308,0.16071428571428573,0.6777777777777778,0.786734693877551,0.6454629629629629,0.5213709677419355,0.6181188118811881,0.8841304347826087,0.8447435897435898,0.7962162162162162,0.8647368421052631,0.7240425531914894,0.7522549019607843,0.8293617021276596
Dactolisib,0.7583333333333333,0.7137755102040816,0.5521287128712871,0.7980733944954128,0.795187165775401,0.785187165775401,0.7235416666666666,0.6166442953020134,0.8177007299270073,0.6235416666666667,0.53509900990099,0.7067525773195876,0.7447959183673469,,0.7359813084112149,0.8357142857142857,0.7729310344827586,0.715,0.6334090909090909,0.7546226415094339,0.6985964912280702,0.8248484848484848,0.8337850467289719,0.5963157894736842,0.8137007874015748,0.5143037974683544,0.8413636363636363,0.6864432989690722,0.7125242718446602,0.5208536585365853
Dasatinib,0.5384710743801653,0.7424999999999999,0.825392156862745,0.5685046728971962,0.8203225806451613,0.8103225806451613,0.7511386138613861,0.642,0.8466083916083916,0.6476530612244897,0.8071782178217821,0.723494623655914,0.7012745098039216,0.7359813084112149,,0.8589915966386554,0.7949999999999999,0.7576190476190476,0.6744230769230769,0.7792592592592592,0.732,0.7684813084112149,0.8673728813559322,0.8716326530612244,0.8408396946564886,0.790625,0.43798165137614675,0.7167307692307692,0.741651376146789,0.8236792452830188
GSK269962A,0.8848449612403101,0.8458333333333333,0.9267391304347826,0.92099173553719,0.9187755102040815,0.9087755102040816,0.8528260869565217,0.7420245398773007,0.9459677419354838,0.7409615384615384,0.9103448275862068,0.8335964912280701,0.8657339449541284,0.8357142857142857,0.8589915966386554,,0.8914227642276422,0.8571794871794871,0.7747435897435897,0.8741304347826087,0.8288059701492536,0.9566666666666667,0.96484375,0.9707339449541283,0.9417241379310345,0.8901162790697674,0.9645081967213114,0.8208333333333333,0.8427868852459016,0.9212068965517242
HG6-64-1,0.8253846153846154,0.7822413793103448,0.8679310344827587,0.858050847457627,0.8568367346938776,0.8468367346938775,0.7871559633027523,0.676025641025641,0.8798648648648648,0.6744897959183673,0.8378846153846153,0.767962962962963,0.8007692307692308,0.7729310344827586,0.7949999999999999,0.8914227642276422,,0.7925,0.7101785714285714,0.8133333333333334,0.76328125,0.8909649122807017,0.8993442622950819,0.9132882882882882,0.8731481481481481,0.8247590361445784,0.9015126050420168,0.7550877192982456,0.5288983050847458,0.8564864864864865
JNJ38877605,0.7808407079646017,0.11537037037037037,0.8238888888888889,0.8197196261682242,0.8156521739130435,0.8056521739130434,0.7454255319148936,0.636551724137931,0.8398529411764706,0.6430434782608696,0.8023684210526316,0.7252173913043478,0.16071428571428573,0.715,0.7576190476190476,0.8571794871794871,0.7925,,0.6566091954022988,0.7752912621359223,0.7221052631578947,0.5954166666666667,0.6065094339622641,0.8681720430107527,0.8351999999999999,0.7855128205128206,0.8629629629629629,0.711734693877551,0.7375,0.8045454545454545
LDN-193189,0.698495575221239,0.6453932584269663,0.7361702127659574,0.7354761904761904,0.7305801104972376,0.7205801104972376,0.6601098901098901,0.6764788732394366,0.7523076923076923,0.6886170212765957,0.7205263157894737,0.6398876404494381,0.6777777777777778,0.6334090909090909,0.6744230769230769,0.7747435897435897,0.7101785714285714,0.6566091954022988,,0.6888888888888889,0.7588888888888888,0.7646907216494845,0.7691089108910891,0.7802272727272728,0.7492148760330578,0.7011038961038961,0.7743137254901961,0.7463186813186813,0.6474742268041237,0.7229545454545454
Luminespib,0.8057142857142857,0.7601960784313725,0.838125,0.8413636363636363,0.8362568306010929,0.8262568306010929,0.5154166666666666,0.6552097902097902,0.8572180451127819,0.6654166666666667,0.826,0.7474999999999999,0.786734693877551,0.7546226415094339,0.7792592592592592,0.8741304347826087,0.8133333333333334,0.7752912621359223,0.6888888888888889,,0.7438888888888888,0.8756542056074766,0.879090909090909,0.8843478260869565,0.25802325581395347,0.8053225806451613,0.887719298245614,0.7376190476190476,0.7591121495327102,0.8402912621359223
Midostaurin,0.7518217054263565,0.7089130434782609,0.7895454545454546,0.7928571428571428,0.7844444444444444,0.7744444444444444,0.7138888888888889,0.3736666666666667,0.8023239436619718,0.7399082568807339,0.7762280701754386,0.6986936936936937,0.6454629629629629,0.6985964912280702,0.732,0.8288059701492536,0.76328125,0.7221052631578947,0.7588888888888888,0.7438888888888888,,0.8214529914529914,0.7657692307692308,0.837962962962963,0.7943749999999999,0.7495705521472392,0.8328048780487805,0.8067256637168141,0.7073949579831933,0.7851785714285714
Pazopanib,0.8822881355932204,0.5837755102040816,0.9243203883495146,0.9138095238095237,0.9146236559139784,0.9046236559139784,0.8446907216494846,0.735945945945946,0.9377007299270073,0.7374175824175824,0.904,0.8196153846153846,0.5213709677419355,0.8248484848484848,0.7684813084112149,0.9566666666666667,0.8909649122807017,0.5954166666666667,0.7646907216494845,0.8756542056074766,0.8214529914529914,,0.7068181818181818,0.9674999999999999,0.9328571428571428,0.8843037974683544,0.9474489795918367,0.8099999999999999,0.8358490566037735,0.9127551020408162
Staurosporine,0.8868852459016393,0.5934579439252337,0.9255769230769231,0.9282773109243697,0.9203125,0.9103125,0.8512621359223301,0.7338111888111888,0.9382352941176471,0.75126213592233,0.9115887850467289,0.8332038834951456,0.6181188118811881,0.8337850467289719,0.8673728813559322,0.96484375,0.8993442622950819,0.6065094339622641,0.7691089108910891,0.879090909090909,0.7657692307692308,0.7068181818181818,,0.972,0.9302459016393443,0.8854458598726115,0.9688888888888888,0.8146153846153846,0.8414864864864865,0.9215094339622641
TGX221,0.9016071428571428,0.8518131868131869,,0.9362745098039216,0.9332584269662921,0.9232584269662921,0.8615168539325843,0.7503703703703704,0.95484375,0.7589080459770114,0.6744736842105263,0.8425,0.8841304347826087,0.5963157894736842,0.8716326530612244,0.9707339449541283,0.9132882882882882,0.8681720430107527,0.7802272727272728,0.8843478260869565,0.837962962962963,0.9674999999999999,0.972,,0.9533884297520661,0.6504761904761904,0.9783333333333333,0.8277956989247311,0.8526530612244898,0.6819565217391304
Tanespimycin,0.8665492957746478,0.821,0.9069999999999999,0.9024812030075188,0.8881443298969072,0.8781443298969072,0.5783333333333333,0.7070967741935483,0.9159090909090909,0.7255982905982906,0.885,0.8073076923076923,0.8447435897435898,0.8137007874015748,0.8408396946564886,0.9417241379310345,0.8731481481481481,0.8351999999999999,0.7492148760330578,0.25802325581395347,0.7943749999999999,0.9328571428571428,0.9302459016393443,0.9533884297520661,,0.8517610062893082,0.946044776119403,0.7953225806451613,0.8190624999999999,0.8993548387096774
Temsirolimus,0.8168604651162791,0.7698051948051948,0.6051315789473684,0.850625,0.8407894736842105,0.8307894736842105,0.7790397350993378,0.6543575418994413,0.866304347826087,0.6768918918918919,0.2363907284768212,0.760364238410596,0.7962162162162162,0.5143037974683544,0.790625,0.8901162790697674,0.8247590361445784,0.7855128205128206,0.7011038961038961,0.8053225806451613,0.7495705521472392,0.8843037974683544,0.8854458598726115,0.6504761904761904,0.8517610062893082,,0.8957975460122699,0.7473076923076923,0.7705660377358491,0.2505128205128205
WH-4-023,0.4669672131147541,0.8488888888888889,0.9331775700934579,0.6740909090909091,0.9288461538461539,0.9188461538461539,0.8554368932038835,0.745728476821192,0.9525170068027211,0.754313725490196,0.7353921568627451,0.834,0.8647368421052631,0.8413636363636363,0.43798165137614675,0.9645081967213114,0.9015126050420168,0.8629629629629629,0.7743137254901961,0.887719298245614,0.8328048780487805,0.9474489795918367,0.9688888888888888,0.9783333333333333,0.946044776119403,0.8957975460122699,,0.8073684210526315,0.8416355140186915,0.9279629629629629
XMD8-85,0.7381818181818182,0.6977551020408164,0.7826530612244897,0.7767307692307692,0.7779347826086956,0.7679347826086956,0.7075,0.7216083916083916,0.8003703703703704,0.7313157894736841,0.7657142857142857,0.6884210526315789,0.7240425531914894,0.6864432989690722,0.7167307692307692,0.8208333333333333,0.7550877192982456,0.711734693877551,0.7463186813186813,0.7376190476190476,0.8067256637168141,0.8099999999999999,0.8146153846153846,0.8277956989247311,0.7953225806451613,0.7473076923076923,0.8073684210526315,,,0.7755670103092783
XMD8-92,0.7653418803418803,0.7234615384615385,0.8063725490196079,0.8016513761467889,0.8008602150537634,0.7908602150537634,0.731,0.6189655172413793,0.8234057971014492,0.6298484848484849,0.7926190476190476,0.713,0.7522549019607843,0.7125242718446602,0.741651376146789,0.8427868852459016,0.5288983050847458,0.7375,0.6474742268041237,0.7591121495327102,0.7073949579831933,0.8358490566037735,0.8414864864864865,0.8526530612244898,0.8190624999999999,0.7705660377358491,0.8416355140186915,,,0.8014077669902913
torin2,0.8478260869565217,0.7994736842105263,0.6377551020408163,0.8836792452830189,0.8789226519337017,0.8689226519337017,0.8104255319148936,0.701551724137931,0.9032835820895522,0.709247311827957,0.4399462365591398,0.7902173913043478,0.8293617021276596,0.5208536585365853,0.8236792452830188,0.9212068965517242,0.8564864864864865,0.8045454545454545,0.7229545454545454,0.8402912621359223,0.7851785714285714,0.9127551020408162,0.9215094339622641,0.6819565217391304,0.8993548387096774,0.2505128205128205,0.9279629629629629,0.7755670103092783,0.8014077669902913,
