task,strategy,model,features,metric,mean,sd,n_folds,ci_low,ci_high
gbm_potency,grouped,Baseline,descriptors,mae,1.8177999080637386,0.17370033983894975,25.0,1.7496108152101686,1.8855023788116427
gbm_potency,grouped,Baseline,descriptors,pearson_r,0.0,0.0,25.0,0.0,0.0
gbm_potency,grouped,Baseline,descriptors,r2,-0.01768128471541229,0.021929812252341436,25.0,-0.02716907646620841,-0.010022453536880476
gbm_potency,grouped,Baseline,descriptors,rmse,2.4105641240848343,0.24212016277316642,25.0,2.318476592187012,2.5050294684038867
gbm_potency,grouped,Baseline,descriptors,spearman_rho,0.0,0.0,25.0,0.0,0.0
gbm_potency,grouped,GNN-GAT (smiles),smiles,mae,1.7455956752922566,0.18117334860526288,25.0,1.6733342758587963,1.80741874868425
gbm_potency,grouped,GNN-GAT (smiles),smiles,pearson_r,0.3317329226510467,0.1549652105527593,25.0,0.268434156580809,0.39353761380125013
gbm_potency,grouped,GNN-GAT (smiles),smiles,r2,0.06735933696094772,0.12455422760843249,25.0,0.02098999859104297,0.12102831360611348
gbm_potency,grouped,GNN-GAT (smiles),smiles,rmse,2.304182366004116,0.2924062837279559,25.0,2.191007860360377,2.417339236317357
gbm_potency,grouped,GNN-GAT (smiles),smiles,spearman_rho,0.212141008608239,0.13345557830940302,25.0,0.16108149558782356,0.26745298758761965
gbm_potency,grouped,GNN-GCN (smiles),smiles,mae,1.7463555174721044,0.19769779385140474,25.0,1.6742453343320862,1.82218350448901
gbm_potency,grouped,GNN-GCN (smiles),smiles,pearson_r,0.36526927847540486,0.1065166148776927,25.0,0.32395938824856785,0.40903290290674504
gbm_potency,grouped,GNN-GCN (smiles),smiles,r2,0.034283145941765306,0.16333161130015345,25.0,-0.03017793104064349,0.09609901583994446
gbm_potency,grouped,GNN-GCN (smiles),smiles,rmse,2.33673645501752,0.2754272854472674,25.0,2.230287531428667,2.4384430107509125
gbm_potency,grouped,GNN-GCN (smiles),smiles,spearman_rho,0.27873546181859055,0.10875075457785909,25.0,0.2356798744151197,0.3224206386736169
gbm_potency,grouped,KNN-Jaccard (morgan),morgan,mae,1.6942037741669538,0.1403573047998236,25.0,1.6430494596643108,1.7530286436762985
gbm_potency,grouped,KNN-Jaccard (morgan),morgan,pearson_r,0.3772856083543434,0.12012539421235541,25.0,0.3262798425216895,0.42530118861390787
gbm_potency,grouped,KNN-Jaccard (morgan),morgan,r2,0.10761850965366528,0.13389293141380965,25.0,0.05078892916174778,0.15434080715191503
gbm_potency,grouped,KNN-Jaccard (morgan),morgan,rmse,2.2461121884235884,0.2309108222911945,25.0,2.1583194595790918,2.338873223861757
gbm_potency,grouped,KNN-Jaccard (morgan),morgan,spearman_rho,0.3007030388474454,0.11695038466917587,25.0,0.24944464538334607,0.3428410731432901
gbm_potency,grouped,Linear (descriptors),descriptors,mae,1.7403899203118542,0.15119182944808432,25.0,1.6851081589904793,1.7983954952208618
gbm_potency,grouped,Linear (descriptors),descriptors,pearson_r,0.34740806088302784,0.09714802777807115,25.0,0.31133090935861407,0.38716390338251544
gbm_potency,grouped,Linear (descriptors),descriptors,r2,0.08937618718875814,0.07752312761014239,25.0,0.05878214714836492,0.12003854582228565
gbm_potency,grouped,Linear (descriptors),descriptors,rmse,2.2750130499136376,0.2126528045698921,25.0,2.1976620967756473,2.3571970800098616
gbm_potency,grouped,Linear (descriptors),descriptors,spearman_rho,0.29780871229570033,0.07690450708349564,25.0,0.26821294659566575,0.33013159929433383
gbm_potency,grouped,Linear (pathway one-hot),pathway,mae,1.7888146806581533,0.1439253679391153,25.0,1.735906858708949,1.8462793898948708
gbm_potency,grouped,Linear (pathway one-hot),pathway,pearson_r,0.32298480191388246,0.1005627806674457,25.0,0.2858953068696418,0.35971302772556646
gbm_potency,grouped,Linear (pathway one-hot),pathway,r2,0.05228631488581441,0.12136419167754937,25.0,0.006087437789960226,0.0948916445640823
gbm_potency,grouped,Linear (pathway one-hot),pathway,rmse,2.3170869678099915,0.2222627524168745,25.0,2.23038091139106,2.403138998682439
gbm_potency,grouped,Linear (pathway one-hot),pathway,spearman_rho,0.2483410231515688,0.10461512557593847,25.0,0.20704663241052515,0.2876158328867672
gbm_potency,grouped,MLP (descriptors),descriptors,mae,1.7355351385153552,0.15650525817621067,25.0,1.67280541706735,1.792094559448783
gbm_potency,grouped,MLP (descriptors),descriptors,pearson_r,0.3887133164017929,0.09250469881786241,25.0,0.35340426735125036,0.4239350057009163
gbm_potency,grouped,MLP (descriptors),descriptors,r2,0.11225121161685246,0.09123711268495124,25.0,0.0749486587882303,0.14595001975724897
gbm_potency,grouped,MLP (descriptors),descriptors,rmse,2.2440349126309753,0.20193950186022863,25.0,2.164958224222703,2.321860388840322
gbm_potency,grouped,MLP (descriptors),descriptors,spearman_rho,0.3418738336140275,0.08196049353309899,25.0,0.3086820974534872,0.3706957022553912
gbm_potency,grouped,Random Forest (descriptors + pathway),descriptors_pathway,mae,1.6333601451733646,0.15293915439267117,25.0,1.5750379778887575,1.693750759610595
gbm_potency,grouped,Random Forest (descriptors + pathway),descriptors_pathway,pearson_r,0.48151041791356086,0.11537932954541597,25.0,0.4347273436782055,0.5228970198693165
gbm_potency,grouped,Random Forest (descriptors + pathway),descriptors_pathway,r2,0.21309739924231155,0.11340886597552945,25.0,0.16697814903572789,0.2531919602179326
gbm_potency,grouped,Random Forest (descriptors + pathway),descriptors_pathway,rmse,2.1113609468302723,0.22329299586090123,25.0,2.0269512794839373,2.2015809931399657
gbm_potency,grouped,Random Forest (descriptors + pathway),descriptors_pathway,spearman_rho,0.4016053875374891,0.09757488294657982,25.0,0.3614375393621838,0.43739485974106956
gbm_potency,grouped,Random Forest (descriptors),descriptors,mae,1.6634156528247155,0.14078517596885076,25.0,1.610303833787821,1.719139504350683
gbm_potency,grouped,Random Forest (descriptors),descriptors,pearson_r,0.44537980795829646,0.11714017037584103,25.0,0.39692668676608966,0.48612999077370894
gbm_potency,grouped,Random Forest (descriptors),descriptors,r2,0.17773345900095613,0.11270858005432732,25.0,0.12947619391927503,0.2168893065707584
gbm_potency,grouped,Random Forest (descriptors),descriptors,rmse,2.1575256943698324,0.2056989246173148,25.0,2.080608670648811,2.2401066702897734
gbm_potency,grouped,Random Forest (descriptors),descriptors,spearman_rho,0.37746314735022096,0.1118938993765883,25.0,0.3312460513993623,0.41719512980607354
gbm_potency,grouped,Random Forest (morgan),morgan,mae,1.655675444528051,0.15298068600982603,25.0,1.5954408988106334,1.715318249712738
gbm_potency,grouped,Random Forest (morgan),morgan,pearson_r,0.44680605082972363,0.08489271845637261,25.0,0.4123681056036011,0.47889740181986395
gbm_potency,grouped,Random Forest (morgan),morgan,r2,0.1587632282388802,0.05745984886475048,25.0,0.1354519713609185,0.179431256494254
gbm_potency,grouped,Random Forest (morgan),morgan,rmse,2.1896036755965076,0.22247787529641816,25.0,2.1042094913084886,2.2754503059437723
gbm_potency,grouped,Random Forest (morgan),morgan,spearman_rho,0.3787595047473522,0.09135610099269238,25.0,0.34138323296489564,0.4112697110421469
gbm_potency,grouped,Random Forest (pathway one-hot),pathway,mae,1.786954842765294,0.14463239866418517,25.0,1.7329719395485128,1.8452629863007022
gbm_potency,grouped,Random Forest (pathway one-hot),pathway,pearson_r,0.32567498546429463,0.10192912411339827,25.0,0.28836380429448255,0.3631658829925829
gbm_potency,grouped,Random Forest (pathway one-hot),pathway,r2,0.05357860900059279,0.12322988771840253,25.0,0.006367471956522689,0.09784565352033814
gbm_potency,grouped,Random Forest (pathway one-hot),pathway,rmse,2.3152792531730375,0.2235433705724196,25.0,2.2280758018510243,2.401745960776339
gbm_potency,grouped,Random Forest (pathway one-hot),pathway,spearman_rho,0.24555946065601916,0.10224953241299069,25.0,0.20495682197053353,0.2839760076043405
gbm_potency,grouped,SVM (descriptors),descriptors,mae,1.647048587348185,0.17903705870308545,25.0,1.579178719956608,1.7168939759906294
gbm_potency,grouped,SVM (descriptors),descriptors,pearson_r,0.406016538019227,0.122064869030213,25.0,0.35743160180064,0.4529812344913811
gbm_potency,grouped,SVM (descriptors),descriptors,r2,0.12079282999746306,0.13255901596991404,25.0,0.06941445103633284,0.17215758873574175
gbm_potency,grouped,SVM (descriptors),descriptors,rmse,2.2345135605590896,0.27645762033351584,25.0,2.13208321885425,2.346487089901995
gbm_potency,grouped,SVM (descriptors),descriptors,spearman_rho,0.34840379536517624,0.1056831832744085,25.0,0.30576833139457255,0.38966426465438175
gbm_potency,grouped,XGBoost (descriptors),descriptors,mae,1.7171202249926227,0.14665348877287063,25.0,1.6612881734643652,1.7721348182133398
gbm_potency,grouped,XGBoost (descriptors),descriptors,pearson_r,0.416903375740038,0.11116872981758975,25.0,0.37410422521108855,0.45916549969017456
gbm_potency,grouped,XGBoost (descriptors),descriptors,r2,0.12135574447727546,0.13419909589331544,25.0,0.06936645577458671,0.1706112079851917
gbm_potency,grouped,XGBoost (descriptors),descriptors,rmse,2.227107870921592,0.2086312652714781,25.0,2.145634306851271,2.3053601872334566
gbm_potency,grouped,XGBoost (descriptors),descriptors,spearman_rho,0.33200902466783133,0.0960087961098265,25.0,0.29474135109456856,0.3690997937794053
gbm_potency,grouped,XGBoost (morgan),morgan,mae,1.7912665286846912,0.15705413547353478,25.0,1.7290844164120047,1.8512162799708214
gbm_potency,grouped,XGBoost (morgan),morgan,pearson_r,0.3470674093153508,0.08591780859127722,25.0,0.31091427138396005,0.3798101350588997
gbm_potency,grouped,XGBoost (morgan),morgan,r2,0.0036177655482006934,0.14818257150907685,25.0,-0.056076894810201,0.059331713845437735
gbm_potency,grouped,XGBoost (morgan),morgan,rmse,2.3729456841482848,0.23371848006839427,25.0,2.285065015856711,2.470720381353941
gbm_potency,grouped,XGBoost (morgan),morgan,spearman_rho,0.2746717915674048,0.09283808434300651,25.0,0.23843910164428886,0.3087501273550974
gbm_potency,scaffold,Baseline,descriptors,mae,1.8147748296220652,0.3021326488142456,5.0,1.6028705681398625,2.0747650888372084
gbm_potency,scaffold,Baseline,descriptors,pearson_r,0.0,0.0,5.0,0.0,0.0
gbm_potency,scaffold,Baseline,descriptors,r2,-0.017216638859138066,0.02318129797689413,5.0,-0.03843794764809179,-0.0031085271589263554
gbm_potency,scaffold,Baseline,descriptors,rmse,2.403333347094594,0.3542489961807946,5.0,2.158757368354601,2.7029223425755506
gbm_potency,scaffold,Baseline,descriptors,spearman_rho,0.0,0.0,5.0,0.0,0.0
gbm_potency,scaffold,GNN-GAT (smiles),smiles,mae,1.764566927375681,0.26469686976818935,5.0,1.5263651841461872,1.9459734588202757
gbm_potency,scaffold,GNN-GAT (smiles),smiles,pearson_r,0.3094161515156154,0.22108633214505824,5.0,0.10826817199472707,0.4392174309724245
gbm_potency,scaffold,GNN-GAT (smiles),smiles,r2,0.049896704029003904,0.1777149310943357,5.0,-0.11261640386019298,0.15450042327220526
gbm_potency,scaffold,GNN-GAT (smiles),smiles,rmse,2.306859402995318,0.3095409681826065,5.0,2.0271197786277177,2.530884567999595
gbm_potency,scaffold,GNN-GAT (smiles),smiles,spearman_rho,0.22350961138253173,0.1417225513919146,5.0,0.09166875635567735,0.31333933220418786
gbm_potency,scaffold,GNN-GCN (smiles),smiles,mae,1.795994168736928,0.19842168905769147,5.0,1.6525875575712035,1.9660526591991718
gbm_potency,scaffold,GNN-GCN (smiles),smiles,pearson_r,0.2908209686378547,0.16693260110753727,5.0,0.14346693290183993,0.3905621185983854
gbm_potency,scaffold,GNN-GCN (smiles),smiles,r2,-0.04873024039105667,0.1775951573509861,5.0,-0.18665077832082402,0.0849040738928563
gbm_potency,scaffold,GNN-GCN (smiles),smiles,rmse,2.416449830074093,0.24215462882166422,5.0,2.235625345627299,2.609995636837015
gbm_potency,scaffold,GNN-GCN (smiles),smiles,spearman_rho,0.22492422060474188,0.13197811174789129,5.0,0.12067361668003207,0.3312258646728547
gbm_potency,scaffold,KNN-Jaccard (morgan),morgan,mae,1.7263332914536362,0.21268114218181847,5.0,1.5664100500892446,1.8945672382976813
gbm_potency,scaffold,KNN-Jaccard (morgan),morgan,pearson_r,0.3376536363472609,0.09232062539152217,5.0,0.2673984868930375,0.4118679252581026
gbm_potency,scaffold,KNN-Jaccard (morgan),morgan,r2,0.06297812978606994,0.0878151997463189,5.0,-0.014716031068926027,0.12389853200887999
gbm_potency,scaffold,KNN-Jaccard (morgan),morgan,rmse,2.2989000366798407,0.2900684868325032,5.0,2.0779150203985046,2.5301218605001963
gbm_potency,scaffold,KNN-Jaccard (morgan),morgan,spearman_rho,0.28926741030672626,0.09321207294101116,5.0,0.21616883460186842,0.36610498594734053
gbm_potency,scaffold,Linear (descriptors),descriptors,mae,1.7330766826530588,0.23643023735686408,5.0,1.558721396445446,1.9345981416926499
gbm_potency,scaffold,Linear (descriptors),descriptors,pearson_r,0.3509885621913451,0.1115564575828955,5.0,0.2571567859000496,0.43355762742726434
gbm_potency,scaffold,Linear (descriptors),descriptors,r2,0.09530690227753995,0.07425027862550765,5.0,0.03991318128934975,0.15181005322964286
gbm_potency,scaffold,Linear (descriptors),descriptors,rmse,2.2618676395069053,0.3068543018417123,5.0,2.017116269976685,2.4975834320537085
gbm_potency,scaffold,Linear (descriptors),descriptors,spearman_rho,0.3236540395789632,0.09397283717279727,5.0,0.25283673596891204,0.4037282758334929
gbm_potency,scaffold,Linear (pathway one-hot),pathway,mae,1.7590120683364159,0.28603029155696513,5.0,1.5358805732937246,1.9821435633791071
gbm_potency,scaffold,Linear (pathway one-hot),pathway,pearson_r,0.32318963026478437,0.1252210513275185,5.0,0.21477149125800285,0.41899483127455006
gbm_potency,scaffold,Linear (pathway one-hot),pathway,r2,0.08446250896654303,0.10023905501666985,5.0,-0.00369176827125457,0.16389886455363362
gbm_potency,scaffold,Linear (pathway one-hot),pathway,rmse,2.2740199705373634,0.32586640502979236,5.0,2.0512538862439986,2.570553960716643
gbm_potency,scaffold,Linear (pathway one-hot),pathway,spearman_rho,0.2581831269933314,0.0820011900847284,5.0,0.1938352112345782,0.32253104275208455
gbm_potency,scaffold,MLP (descriptors),descriptors,mae,1.6918966544025094,0.14586540477157317,5.0,1.5791357012651848,1.8044987703925988
gbm_potency,scaffold,MLP (descriptors),descriptors,pearson_r,0.407209593691712,0.11681081142086355,5.0,0.31555231482881585,0.5036212385955846
gbm_potency,scaffold,MLP (descriptors),descriptors,r2,0.1289106299348375,0.10918316062204769,5.0,0.051707960569228315,0.2208580519475232
gbm_potency,scaffold,MLP (descriptors),descriptors,rmse,2.2049199156634907,0.18188699918108106,5.0,2.0560546145691796,2.336837722619304
gbm_potency,scaffold,MLP (descriptors),descriptors,spearman_rho,0.3552859164692053,0.14517238723119916,5.0,0.26069991741813636,0.49313382878195355
gbm_potency,scaffold,Random Forest (descriptors + pathway),descriptors_pathway,mae,1.6459974628047074,0.2315394520019143,5.0,1.4710236818730933,1.8377315637150844
gbm_potency,scaffold,Random Forest (descriptors + pathway),descriptors_pathway,pearson_r,0.4548607828774709,0.07404707814442969,5.0,0.3860038139627759,0.5002609002441927
gbm_potency,scaffold,Random Forest (descriptors + pathway),descriptors_pathway,r2,0.19445270927002783,0.056802132976461785,5.0,0.14613391854084268,0.23399371764565952
gbm_potency,scaffold,Random Forest (descriptors + pathway),descriptors_pathway,rmse,2.1357828670088668,0.29938676687030513,5.0,1.9053927634552974,2.370316824589836
gbm_potency,scaffold,Random Forest (descriptors + pathway),descriptors_pathway,spearman_rho,0.40706374342200957,0.05095413902050142,5.0,0.3710844168427664,0.45086188388166415
gbm_potency,scaffold,Random Forest (descriptors),descriptors,mae,1.6782069686879733,0.2366998956561814,5.0,1.496032450809102,1.8688764790755208
gbm_potency,scaffold,Random Forest (descriptors),descriptors,pearson_r,0.4165799784176124,0.09316119369307786,5.0,0.33010783238194125,0.47959500108825914
gbm_potency,scaffold,Random Forest (descriptors),descriptors,r2,0.16036903739963898,0.0742995990152935,5.0,0.09330779952282427,0.21439677235843088
gbm_potency,scaffold,Random Forest (descriptors),descriptors,rmse,2.1798876650122208,0.3078310102126957,5.0,1.9310020418874956,2.4145657285606457
gbm_potency,scaffold,Random Forest (descriptors),descriptors,spearman_rho,0.3723000716129955,0.04425573823491957,5.0,0.33988712408786514,0.40620587018737464
gbm_potency,scaffold,Random Forest (morgan),morgan,mae,1.6878392612909678,0.30445567791710326,5.0,1.4741057536994953,1.9400288541895612
gbm_potency,scaffold,Random Forest (morgan),morgan,pearson_r,0.345749687660787,0.10537981258222949,5.0,0.265798026835635,0.430382318775332
gbm_potency,scaffold,Random Forest (morgan),morgan,r2,0.10127740580413673,0.0802996916681125,5.0,0.037468656281216116,0.1596384133633109
gbm_potency,scaffold,Random Forest (morgan),morgan,rmse,2.2624412034994146,0.3924825964527931,5.0,1.9963734860433444,2.5942987389653736
gbm_potency,scaffold,Random Forest (morgan),morgan,spearman_rho,0.3483445257297098,0.08679291956029209,5.0,0.27935667766113753,0.4131682116123254
gbm_potency,scaffold,Random Forest (pathway one-hot),pathway,mae,1.760885197099552,0.2855040567196973,5.0,1.5377488455033523,1.9840215486957515
gbm_potency,scaffold,Random Forest (pathway one-hot),pathway,pearson_r,0.32237662072354284,0.12420490903300596,5.0,0.2148720186468603,0.41642613036565007
gbm_potency,scaffold,Random Forest (pathway one-hot),pathway,r2,0.0820105083613766,0.09834683349093218,5.0,-0.002762212467727099,0.15928012967625743
gbm_potency,scaffold,Random Forest (pathway one-hot),pathway,rmse,2.277007395147229,0.32380345681335987,5.0,2.055172043332381,2.5705830429268195
gbm_potency,scaffold,Random Forest (pathway one-hot),pathway,spearman_rho,0.2481808306807003,0.0751921388616697,5.0,0.1902861441410137,0.30326060142851924
gbm_potency,scaffold,SVM (descriptors),descriptors,mae,1.7393181227077363,0.3237584736570485,5.0,1.4905403815022367,1.9936886599068024
gbm_potency,scaffold,SVM (descriptors),descriptors,pearson_r,0.32476566864021983,0.13363937356805644,5.0,0.2157976741203032,0.43868299164701063
gbm_potency,scaffold,SVM (descriptors),descriptors,r2,0.04699499105986984,0.1337025729531059,5.0,-0.049355838694355336,0.16566606785636886
gbm_potency,scaffold,SVM (descriptors),descriptors,rmse,2.327362001986771,0.4128411702696287,5.0,1.9823480499201342,2.649537986142571
gbm_potency,scaffold,SVM (descriptors),descriptors,spearman_rho,0.2593705059622889,0.09023173275377146,5.0,0.1885574536615608,0.33195411535484964
gbm_potency,scaffold,XGBoost (descriptors),descriptors,mae,1.7460297927455055,0.2225492277622882,5.0,1.563972813258341,1.9301770431607883
gbm_potency,scaffold,XGBoost (descriptors),descriptors,pearson_r,0.3754210138214815,0.06292078967710965,5.0,0.31743024554427535,0.4125086530696522
gbm_potency,scaffold,XGBoost (descriptors),descriptors,r2,0.09282226154727738,0.0652006885794439,5.0,0.035288830813471936,0.13944860169122064
gbm_potency,scaffold,XGBoost (descriptors),descriptors,rmse,2.2627790241833976,0.28294185504740793,5.0,2.0434350918375825,2.493695799852663
gbm_potency,scaffold,XGBoost (descriptors),descriptors,spearman_rho,0.31013879880102146,0.03536232925275659,5.0,0.28814480194480574,0.34162599311379466
gbm_potency,scaffold,XGBoost (morgan),morgan,mae,1.7727260995424694,0.23764528089194992,5.0,1.602468079566115,1.9777303148358347
gbm_potency,scaffold,XGBoost (morgan),morgan,pearson_r,0.32736155547739826,0.06977459150157972,5.0,0.27006266231586407,0.3792503050444681
gbm_potency,scaffold,XGBoost (morgan),morgan,r2,0.01688022408591645,0.09969641836622826,5.0,-0.06643532154158024,0.097722386408612
gbm_potency,scaffold,XGBoost (morgan),morgan,rmse,2.3553649041999605,0.32096420086706773,5.0,2.1149751983678966,2.635977710495249
gbm_potency,scaffold,XGBoost (morgan),morgan,spearman_rho,0.3101423964582907,0.07913055727960507,5.0,0.2537231506454433,0.3729396020892225
gbm_selective_class,grouped,Baseline,descriptors,balanced_accuracy,0.5,0.0,25.0,0.5,0.5
gbm_selective_class,grouped,Baseline,descriptors,brier,0.04232203088360454,0.004170109680238644,25.0,0.04071248771646955,0.04391158969618832
gbm_selective_class,grouped,Baseline,descriptors,mcc,0.0,0.0,25.0,0.0,0.0
gbm_selective_class,grouped,Baseline,descriptors,pr_auc,0.0442706416969354,0.004594101250093973,25.0,0.04249722471185748,0.046022196015535324
gbm_selective_class,grouped,Baseline,descriptors,roc_auc,0.5,0.0,25.0,0.5,0.5
gbm_selective_class,grouped,GNN-GAT (smiles),smiles,balanced_accuracy,0.5909257989500912,0.11468035953861276,25.0,0.550619259785302,0.6368482579822451
gbm_selective_class,grouped,GNN-GAT (smiles),smiles,brier,0.1700299792286708,0.06251331191911189,25.0,0.14680867185762445,0.19714014462492788
gbm_selective_class,grouped,GNN-GAT (smiles),smiles,mcc,0.09610044528946865,0.11713572104962222,25.0,0.05363480015734665,0.14235806793175962
gbm_selective_class,grouped,GNN-GAT (smiles),smiles,pr_auc,0.13921210999371642,0.11074407008790739,25.0,0.1006968359327579,0.1845034683389463
gbm_selective_class,grouped,GNN-GAT (smiles),smiles,roc_auc,0.5985502352680823,0.18347506764066807,25.0,0.528129857732647,0.6692672215510642
gbm_selective_class,grouped,GNN-GCN (smiles),smiles,balanced_accuracy,0.5881955101344856,0.13355467560546272,25.0,0.5424917270708852,0.6420092932706435
gbm_selective_class,grouped,GNN-GCN (smiles),smiles,brier,0.13583190106145013,0.06959213546905768,25.0,0.11033736495275948,0.16648492689791966
gbm_selective_class,grouped,GNN-GCN (smiles),smiles,mcc,0.1022837223859214,0.14194476634849998,25.0,0.05026639387222079,0.15900947627294687
gbm_selective_class,grouped,GNN-GCN (smiles),smiles,pr_auc,0.19001468574640704,0.10337267958785355,25.0,0.14925334223075132,0.2286112221891916
gbm_selective_class,grouped,GNN-GCN (smiles),smiles,roc_auc,0.698303920288199,0.11926083269551148,25.0,0.6500007557329589,0.7426854253055584
gbm_selective_class,grouped,KNN-Jaccard (morgan),morgan,balanced_accuracy,0.504268220125307,0.025233188593869332,25.0,0.49854539930272135,0.5147530864197531
gbm_selective_class,grouped,KNN-Jaccard (morgan),morgan,brier,0.04235729955438554,0.007515081382263337,25.0,0.03978247897422778,0.04529109602606466
gbm_selective_class,grouped,KNN-Jaccard (morgan),morgan,mcc,0.01676889792284021,0.09913558282668784,25.0,-0.005715406552215294,0.057961808022274394
gbm_selective_class,grouped,KNN-Jaccard (morgan),morgan,pr_auc,0.24234434183672146,0.1114272929358712,25.0,0.2016070136592254,0.2847058826702251
gbm_selective_class,grouped,KNN-Jaccard (morgan),morgan,roc_auc,0.6918154914146196,0.12304563279216992,25.0,0.6434332426816571,0.7352096076265313
gbm_selective_class,grouped,Linear (descriptors),descriptors,balanced_accuracy,0.6005929045903579,0.11452575410366925,25.0,0.5568456046407854,0.643000296579271
gbm_selective_class,grouped,Linear (descriptors),descriptors,brier,0.19810584590213756,0.020485912734215336,25.0,0.18923728668650708,0.20669505371210348
gbm_selective_class,grouped,Linear (descriptors),descriptors,mcc,0.09550389607160836,0.10450120013850506,25.0,0.05516059469051244,0.13459397436721232
gbm_selective_class,grouped,Linear (descriptors),descriptors,pr_auc,0.22362927515927083,0.15148662095480714,25.0,0.16698849261189255,0.2824962809744716
gbm_selective_class,grouped,Linear (descriptors),descriptors,roc_auc,0.6719717895974141,0.13792000756244777,25.0,0.6203286592621615,0.7257485039525763
gbm_selective_class,grouped,Linear (pathway one-hot),pathway,balanced_accuracy,0.535989577097913,0.10139842498447041,25.0,0.4993780732686845,0.574646895622236
gbm_selective_class,grouped,Linear (pathway one-hot),pathway,brier,0.20845690385988258,0.022977485153176103,25.0,0.19982901806787223,0.21727377765153794
gbm_selective_class,grouped,Linear (pathway one-hot),pathway,mcc,0.03281832819484241,0.08817456365174017,25.0,0.0007589747657433058,0.06620866105067569
gbm_selective_class,grouped,Linear (pathway one-hot),pathway,pr_auc,0.1360374052818547,0.11269692125030689,25.0,0.09997337814318626,0.18272490552722517
gbm_selective_class,grouped,Linear (pathway one-hot),pathway,roc_auc,0.5183511552987015,0.1793606077480629,25.0,0.45680100165794163,0.5847120852425057
gbm_selective_class,grouped,MLP (descriptors),descriptors,balanced_accuracy,0.49146326951890673,0.018545012691290875,25.0,0.48269431474769897,0.4975549560482218
gbm_selective_class,grouped,MLP (descriptors),descriptors,brier,0.12614858143982255,0.0192495317524954,25.0,0.11896529951121504,0.134011021869326
gbm_selective_class,grouped,MLP (descriptors),descriptors,mcc,-0.01686296538638987,0.024727373683868067,25.0,-0.027259462246620934,-0.007836125493784435
gbm_selective_class,grouped,MLP (descriptors),descriptors,pr_auc,0.10583648196755698,0.09206072792954936,25.0,0.07501586002631201,0.14552435434865008
gbm_selective_class,grouped,MLP (descriptors),descriptors,roc_auc,0.48268853190539934,0.16066991438109562,25.0,0.4224095854964574,0.5479909497973829
gbm_selective_class,grouped,Random Forest (descriptors + pathway),descriptors_pathway,balanced_accuracy,0.528295621510432,0.0765171673497502,25.0,0.5035451807228916,0.5613821138211382
gbm_selective_class,grouped,Random Forest (descriptors + pathway),descriptors_pathway,brier,0.04494056907708051,0.0066025829547628105,25.0,0.04281298040175709,0.04778748630260672
gbm_selective_class,grouped,Random Forest (descriptors + pathway),descriptors_pathway,mcc,0.07489664980675831,0.18370592144480824,25.0,0.013721029616687903,0.14916068761207252
gbm_selective_class,grouped,Random Forest (descriptors + pathway),descriptors_pathway,pr_auc,0.20424086705202854,0.14636555044366417,25.0,0.15044183588239485,0.26126876476812255
gbm_selective_class,grouped,Random Forest (descriptors + pathway),descriptors_pathway,roc_auc,0.6935622616935675,0.11203636479157393,25.0,0.646630117579623,0.7355786275182028
gbm_selective_class,grouped,Random Forest (descriptors),descriptors,balanced_accuracy,0.5285395239494564,0.07696477275672534,25.0,0.5035451807228916,0.5618752203937702
gbm_selective_class,grouped,Random Forest (descriptors),descriptors,brier,0.04761674839935176,0.007179957828149188,25.0,0.04505040524284697,0.050356717138036904
gbm_selective_class,grouped,Random Forest (descriptors),descriptors,mcc,0.08207664178533396,0.1994093454503798,25.0,0.016269599919720212,0.16203235640983063
gbm_selective_class,grouped,Random Forest (descriptors),descriptors,pr_auc,0.1790357962978599,0.13762800160403457,25.0,0.12850274118780303,0.23105589332666457
gbm_selective_class,grouped,Random Forest (descriptors),descriptors,roc_auc,0.6264668701907903,0.15865393868278932,25.0,0.56447887666293,0.6882725493210421
gbm_selective_class,grouped,Random Forest (morgan),morgan,balanced_accuracy,0.4987834263884807,0.0024833567073393324,25.0,0.4978078166323832,0.4997560975609756
gbm_selective_class,grouped,Random Forest (morgan),morgan,brier,0.04339328580361788,0.008333336162872084,25.0,0.040233235307651105,0.046462004492211745
gbm_selective_class,grouped,Random Forest (morgan),morgan,mcc,-0.004779848605709615,0.009756962490684489,25.0,-0.008612802447154306,-0.000958238460361173
gbm_selective_class,grouped,Random Forest (morgan),morgan,pr_auc,0.32253930498704514,0.17595863576405213,25.0,0.2523789232586945,0.38826145232783427
gbm_selective_class,grouped,Random Forest (morgan),morgan,roc_auc,0.747845764267549,0.13403963312175937,25.0,0.6942112125103848,0.7941425176768502
gbm_selective_class,grouped,Random Forest (pathway one-hot),pathway,balanced_accuracy,0.5713539251858382,0.10880251565435463,25.0,0.5311039542088861,0.611599912295977
gbm_selective_class,grouped,Random Forest (pathway one-hot),pathway,brier,0.1615332685179861,0.018051289819296004,25.0,0.15457498866335811,0.1680118216023461
gbm_selective_class,grouped,Random Forest (pathway one-hot),pathway,mcc,0.06871551424627093,0.10405861619959274,25.0,0.03015944435355483,0.10592988367739768
gbm_selective_class,grouped,Random Forest (pathway one-hot),pathway,pr_auc,0.12095384343613412,0.08299855331321239,25.0,0.09280864614132582,0.15457217219713673
gbm_selective_class,grouped,Random Forest (pathway one-hot),pathway,roc_auc,0.5397789260021115,0.15278405114560534,25.0,0.483499849896424,0.5949155855581313
gbm_selective_class,grouped,SVM (descriptors),descriptors,balanced_accuracy,0.520343161262938,0.10427098012403842,25.0,0.4764737885598401,0.5591679808665556
gbm_selective_class,grouped,SVM (descriptors),descriptors,brier,0.161837917053642,0.04203949750117955,25.0,0.14662733712865986,0.17926257417950692
gbm_selective_class,grouped,SVM (descriptors),descriptors,mcc,0.03253419643741666,0.13208451682579597,25.0,-0.017893987276847514,0.08500199175696259
gbm_selective_class,grouped,SVM (descriptors),descriptors,pr_auc,0.11086770254942219,0.06184389631727166,25.0,0.08838897728916881,0.13538347910415538
gbm_selective_class,grouped,SVM (descriptors),descriptors,roc_auc,0.5938933149036978,0.16078731246518208,25.0,0.532945449367479,0.6567889121980242
gbm_selective_class,grouped,XGBoost (descriptors),descriptors,balanced_accuracy,0.5468752154054338,0.10811685535185726,25.0,0.5073479264846196,0.5908604177323566
gbm_selective_class,grouped,XGBoost (descriptors),descriptors,brier,0.05317800122774465,0.009906525868555659,25.0,0.0493490394810962,0.05681050984463937
gbm_selective_class,grouped,XGBoost (descriptors),descriptors,mcc,0.08155738097041527,0.20161570838882267,25.0,0.00693849373553122,0.16347347108596005
gbm_selective_class,grouped,XGBoost (descriptors),descriptors,pr_auc,0.14230184392922823,0.1346837081220511,25.0,0.09435303555226589,0.193779749895984
gbm_selective_class,grouped,XGBoost (descriptors),descriptors,roc_auc,0.5601909535159608,0.17536655897734543,25.0,0.4908175375394985,0.6293774343081447
gbm_selective_class,grouped,XGBoost (morgan),morgan,balanced_accuracy,0.5712975116364283,0.09811353334504574,25.0,0.5348831840460306,0.6096163715385481
gbm_selective_class,grouped,XGBoost (morgan),morgan,brier,0.0455992005153735,0.011830738378933399,25.0,0.041066813896186015,0.05010553757641405
gbm_selective_class,grouped,XGBoost (morgan),morgan,mcc,0.1929111471182776,0.24639513486070677,25.0,0.10007332144119763,0.2854318197876491
gbm_selective_class,grouped,XGBoost (morgan),morgan,pr_auc,0.24223991439605136,0.16082685398803082,25.0,0.1817832355502089,0.3080072692891415
gbm_selective_class,grouped,XGBoost (morgan),morgan,roc_auc,0.6919330075496203,0.10521252794106671,25.0,0.6500377712294526,0.7309514906962993
gbm_selective_class,scaffold,Baseline,descriptors,balanced_accuracy,0.5,0.0,5.0,0.5,0.5
gbm_selective_class,scaffold,Baseline,descriptors,brier,0.04247678642429631,0.01890421220792673,5.0,0.02769242928536838,0.05726114356322424
gbm_selective_class,scaffold,Baseline,descriptors,mcc,0.0,0.0,5.0,0.0,0.0
gbm_selective_class,scaffold,Baseline,descriptors,pr_auc,0.04424076607387141,0.020732053548931952,5.0,0.02801641586867305,0.06046511627906977
gbm_selective_class,scaffold,Baseline,descriptors,roc_auc,0.5,0.0,5.0,0.5,0.5
gbm_selective_class,scaffold,GNN-GAT (smiles),smiles,balanced_accuracy,0.6114415851559549,0.10220857150849125,5.0,0.5353658536585366,0.687168884597624
gbm_selective_class,scaffold,GNN-GAT (smiles),smiles,brier,0.15997413104312147,0.06108595459367856,5.0,0.11587233803263135,0.20407592405361158
gbm_selective_class,scaffold,GNN-GAT (smiles),smiles,mcc,0.11016826778372371,0.10262682105449587,5.0,0.030053392198858976,0.18912134611991263
gbm_selective_class,scaffold,GNN-GAT (smiles),smiles,pr_auc,0.12045394464054437,0.05644155969014309,5.0,0.07229108158773825,0.16112811215107753
gbm_selective_class,scaffold,GNN-GAT (smiles),smiles,roc_auc,0.5746947215886388,0.2571956076543002,5.0,0.3581746031746032,0.7535169948085023
gbm_selective_class,scaffold,GNN-GCN (smiles),smiles,balanced_accuracy,0.5900244402568333,0.09678596055762184,5.0,0.5133524970963996,0.6655464716006885
gbm_selective_class,scaffold,GNN-GCN (smiles),smiles,brier,0.15803497713399867,0.09188395889188783,5.0,0.0891908396120596,0.23007988996831402
gbm_selective_class,scaffold,GNN-GCN (smiles),smiles,mcc,0.07812327810615538,0.09473646967781428,5.0,-0.005946901308240324,0.15014505881269785
gbm_selective_class,scaffold,GNN-GCN (smiles),smiles,pr_auc,0.20244307469644768,0.12506017689384716,5.0,0.10702690181856848,0.3023601172452361
gbm_selective_class,scaffold,GNN-GCN (smiles),smiles,roc_auc,0.6898843042838536,0.09186932485671878,5.0,0.6220987654320986,0.7658347676419964
gbm_selective_class,scaffold,KNN-Jaccard (morgan),morgan,balanced_accuracy,0.5,0.0,5.0,0.5,0.5
gbm_selective_class,scaffold,KNN-Jaccard (morgan),morgan,brier,0.04222391801521931,0.018180622194840113,5.0,0.02841664098755662,0.05603119504288201
gbm_selective_class,scaffold,KNN-Jaccard (morgan),morgan,mcc,0.0,0.0,5.0,0.0,0.0
gbm_selective_class,scaffold,KNN-Jaccard (morgan),morgan,pr_auc,0.23518590825065724,0.11911436518599045,5.0,0.1299871636181411,0.3205851214003388
gbm_selective_class,scaffold,KNN-Jaccard (morgan),morgan,roc_auc,0.7068761476412815,0.1426521711127875,5.0,0.5886759581881533,0.8119215751896475
gbm_selective_class,scaffold,Linear (descriptors),descriptors,balanced_accuracy,0.6251844220345052,0.17659932015877158,5.0,0.48821223168580885,0.771413484626336
gbm_selective_class,scaffold,Linear (descriptors),descriptors,brier,0.19855068575805798,0.010284995795657368,5.0,0.18967052858179678,0.20521811721138009
gbm_selective_class,scaffold,Linear (descriptors),descriptors,mcc,0.09833540179173253,0.14024438322695895,5.0,-0.021527772133261607,0.2044230021647376
gbm_selective_class,scaffold,Linear (descriptors),descriptors,pr_auc,0.24613544736502999,0.19133422226672317,5.0,0.1184914247210073,0.405665269394852
gbm_selective_class,scaffold,Linear (descriptors),descriptors,roc_auc,0.7367011645757116,0.11985072273917914,5.0,0.6415097109304427,0.8297809705721841
gbm_selective_class,scaffold,Linear (pathway one-hot),pathway,balanced_accuracy,0.4899476580991666,0.11156407315902211,5.0,0.40585699942627657,0.5740383167720566
gbm_selective_class,scaffold,Linear (pathway one-hot),pathway,brier,0.20875628099365978,0.02693075778444554,5.0,0.18700979050163807,0.23056053972694385
gbm_selective_class,scaffold,Linear (pathway one-hot),pathway,mcc,0.003931855223821676,0.08697149221352546,5.0,-0.061156190983844595,0.06902137587367245
gbm_selective_class,scaffold,Linear (pathway one-hot),pathway,pr_auc,0.12137761527502762,0.10987292601009041,5.0,0.04531691607697917,0.2093639187871969
gbm_selective_class,scaffold,Linear (pathway one-hot),pathway,roc_auc,0.5054798646774478,0.12114464054911935,5.0,0.40404654331612166,0.5955702348690155
gbm_selective_class,scaffold,MLP (descriptors),descriptors,balanced_accuracy,0.5068162020905923,0.025784075328933592,5.0,0.4916376306620209,0.530030487804878
gbm_selective_class,scaffold,MLP (descriptors),descriptors,brier,0.12691281610399746,0.01683242948016446,5.0,0.11455588669653145,0.14076480387699236
gbm_selective_class,scaffold,MLP (descriptors),descriptors,mcc,0.011280236269622707,0.05328052483978143,5.0,-0.019135481667322356,0.05773809523809524
gbm_selective_class,scaffold,MLP (descriptors),descriptors,pr_auc,0.09944712229225287,0.10433585953564273,5.0,0.032378987685688046,0.19378841038261685
gbm_selective_class,scaffold,MLP (descriptors),descriptors,roc_auc,0.4735970796335426,0.19623009037526437,5.0,0.33994687745691765,0.6510961091753774
gbm_selective_class,scaffold,Random Forest (descriptors + pathway),descriptors_pathway,balanced_accuracy,0.5,0.0,5.0,0.5,0.5
gbm_selective_class,scaffold,Random Forest (descriptors + pathway),descriptors_pathway,brier,0.044558283649051,0.020579941175426313,5.0,0.02867757284121064,0.06043899445689136
gbm_selective_class,scaffold,Random Forest (descriptors + pathway),descriptors_pathway,mcc,0.0,0.0,5.0,0.0,0.0
gbm_selective_class,scaffold,Random Forest (descriptors + pathway),descriptors_pathway,pr_auc,0.21387976965179112,0.18567073256202862,5.0,0.10170634997155283,0.3827954779456448
gbm_selective_class,scaffold,Random Forest (descriptors + pathway),descriptors_pathway,roc_auc,0.7116220544197697,0.14055764136971124,5.0,0.6010467479674796,0.8221973608720597
gbm_selective_class,scaffold,Random Forest (descriptors),descriptors,balanced_accuracy,0.587560612821657,0.12426881476645851,5.0,0.4975903614457831,0.6875606128216569
gbm_selective_class,scaffold,Random Forest (descriptors),descriptors,brier,0.046872319847472775,0.019922429836049194,5.0,0.031184418120319902,0.062062761363174214
gbm_selective_class,scaffold,Random Forest (descriptors),descriptors,mcc,0.23607824117604242,0.3391771075102064,5.0,-0.006774797209007694,0.5172522505179653
gbm_selective_class,scaffold,Random Forest (descriptors),descriptors,pr_auc,0.22443208001493337,0.2047413136150066,5.0,0.07739999505353147,0.40162997195022887
gbm_selective_class,scaffold,Random Forest (descriptors),descriptors,roc_auc,0.6769424044092229,0.19173879014346387,5.0,0.5246348991267691,0.8292499096916768
gbm_selective_class,scaffold,Random Forest (morgan),morgan,balanced_accuracy,0.5,0.0,5.0,0.5,0.5
gbm_selective_class,scaffold,Random Forest (morgan),morgan,brier,0.04512830945869696,0.011555917253090391,5.0,0.036428456441973026,0.0538281624754209
gbm_selective_class,scaffold,Random Forest (morgan),morgan,mcc,0.0,0.0,5.0,0.0,0.0
gbm_selective_class,scaffold,Random Forest (morgan),morgan,pr_auc,0.30920272083159006,0.19244575779314183,5.0,0.1467537582574006,0.45422572335689915
gbm_selective_class,scaffold,Random Forest (morgan),morgan,roc_auc,0.7401754689424883,0.15789509411312275,5.0,0.6083478513356562,0.8603828926818383
gbm_selective_class,scaffold,Random Forest (pathway one-hot),pathway,balanced_accuracy,0.5340820890997204,0.14096701389717664,5.0,0.42395008605851975,0.645346544715447
gbm_selective_class,scaffold,Random Forest (pathway one-hot),pathway,brier,0.15817081128815974,0.01428114794659549,5.0,0.1458756462270186,0.1700080194127784
gbm_selective_class,scaffold,Random Forest (pathway one-hot),pathway,mcc,0.050277481778482735,0.129472801604573,5.0,-0.05028015857599345,0.1554497433607222
gbm_selective_class,scaffold,Random Forest (pathway one-hot),pathway,pr_auc,0.13772856793484384,0.12736287208298702,5.0,0.04577149205613685,0.24011493674284373
gbm_selective_class,scaffold,Random Forest (pathway one-hot),pathway,roc_auc,0.5376110128344064,0.1332707696718088,5.0,0.4278462384591275,0.6342438271604939
gbm_selective_class,scaffold,SVM (descriptors),descriptors,balanced_accuracy,0.5474198154082325,0.09356322470129026,5.0,0.48023980293350454,0.6261794532627866
gbm_selective_class,scaffold,SVM (descriptors),descriptors,brier,0.16249159187454137,0.035409629255665355,5.0,0.14161827044358521,0.19498693461179623
gbm_selective_class,scaffold,SVM (descriptors),descriptors,mcc,0.050320567757957346,0.11515605429241328,5.0,-0.031635697238753445,0.14510884535693266
gbm_selective_class,scaffold,SVM (descriptors),descriptors,pr_auc,0.22813071953726477,0.20414428039637095,5.0,0.08837536545316192,0.39742768814442486
gbm_selective_class,scaffold,SVM (descriptors),descriptors,roc_auc,0.7209013554540784,0.18168311943030943,5.0,0.5700428711231555,0.861148164084911
gbm_selective_class,scaffold,XGBoost (descriptors),descriptors,balanced_accuracy,0.5302281211567136,0.08492145308327462,5.0,0.48786364972083457,0.6052615747543019
gbm_selective_class,scaffold,XGBoost (descriptors),descriptors,brier,0.05167923793112924,0.023362197117266347,5.0,0.03260514731602113,0.0690089585528656
gbm_selective_class,scaffold,XGBoost (descriptors),descriptors,mcc,0.05937533915263208,0.1706302610494558,5.0,-0.02643450687992103,0.2094692689268283
gbm_selective_class,scaffold,XGBoost (descriptors),descriptors,pr_auc,0.2032934634934614,0.21150253316097425,5.0,0.06047236522018704,0.38939489050864873
gbm_selective_class,scaffold,XGBoost (descriptors),descriptors,roc_auc,0.6048790205343246,0.2957085861750943,5.0,0.3735682023486902,0.8361898387199591
gbm_selective_class,scaffold,XGBoost (morgan),morgan,balanced_accuracy,0.5130518590039601,0.039375087788041906,5.0,0.4939612106964443,0.5487804878048781
gbm_selective_class,scaffold,XGBoost (morgan),morgan,brier,0.04547267569265141,0.01527683593652899,5.0,0.033480853422410535,0.05746449796289228
gbm_selective_class,scaffold,XGBoost (morgan),morgan,mcc,0.06768590289680135,0.18377751475122578,5.0,-0.019664402478161362,0.23284421801259594
gbm_selective_class,scaffold,XGBoost (morgan),morgan,pr_auc,0.1688313514334423,0.08544228989003577,5.0,0.10962071371610846,0.23671876380135223
gbm_selective_class,scaffold,XGBoost (morgan),morgan,roc_auc,0.705553503859288,0.11642611330064137,5.0,0.6179442508710802,0.7975976923567285
gbm_selectivity,grouped,Baseline,descriptors,mae,0.21680968093292674,0.018944606371857395,25.0,0.20943465167833664,0.22446015993346466
gbm_selectivity,grouped,Baseline,descriptors,pearson_r,0.0,0.0,25.0,0.0,0.0
gbm_selectivity,grouped,Baseline,descriptors,r2,-0.0102973499292058,0.01209030958659909,25.0,-0.015282371628516558,-0.006239361486689518
gbm_selectivity,grouped,Baseline,descriptors,rmse,0.27807930298777417,0.025980137116317643,25.0,0.268424202539193,0.2883844224468271
gbm_selectivity,grouped,Baseline,descriptors,spearman_rho,0.0,0.0,25.0,0.0,0.0
gbm_selectivity,grouped,GNN-GAT (smiles),smiles,mae,0.2192222750025316,0.01852601870645949,25.0,0.21173121641642953,0.22665070545785734
gbm_selectivity,grouped,GNN-GAT (smiles),smiles,pearson_r,0.09131937427168929,0.09434119763984196,25.0,0.05807885212897246,0.12856274288169398
gbm_selectivity,grouped,GNN-GAT (smiles),smiles,r2,-0.02091345306278883,0.044939093099658704,25.0,-0.037853065138244144,-0.004491681319675907
gbm_selectivity,grouped,GNN-GAT (smiles),smiles,rmse,0.27933685420968785,0.0252845390663989,25.0,0.26982440068867264,0.28923382026221806
gbm_selectivity,grouped,GNN-GAT (smiles),smiles,spearman_rho,0.08130130484828885,0.10674112660589777,25.0,0.042399833180787175,0.12089807393399711
gbm_selectivity,grouped,GNN-GCN (smiles),smiles,mae,0.21726566357457078,0.020383720126022218,25.0,0.20923787123750526,0.2253739160230254
gbm_selectivity,grouped,GNN-GCN (smiles),smiles,pearson_r,0.1561056649861489,0.10251446874033471,25.0,0.11793267033421871,0.19926801494488472
gbm_selectivity,grouped,GNN-GCN (smiles),smiles,r2,-0.01624130416007582,0.068681677785779,25.0,-0.040210338439066046,0.011867884072487424
gbm_selectivity,grouped,GNN-GCN (smiles),smiles,rmse,0.27867898515764616,0.02715861218741111,25.0,0.26856295729979884,0.2894946399638647
gbm_selectivity,grouped,GNN-GCN (smiles),smiles,spearman_rho,0.1744957888123158,0.09991470696163957,25.0,0.1369941466902378,0.2136792241543993
gbm_selectivity,grouped,KNN-Jaccard (morgan),morgan,mae,0.2151077136483947,0.02274652275223474,25.0,0.20620505332447175,0.22427929943986816
gbm_selectivity,grouped,KNN-Jaccard (morgan),morgan,pearson_r,0.2569479017912945,0.09729640192443226,25.0,0.21835181316732688,0.2940168666080521
gbm_selectivity,grouped,KNN-Jaccard (morgan),morgan,r2,0.008464256617199087,0.11110349867262441,25.0,-0.03723350599804709,0.04933383934496174
gbm_selectivity,grouped,KNN-Jaccard (morgan),morgan,rmse,0.27494553010521444,0.02784834168627995,25.0,0.2646111319122499,0.2861009090291557
gbm_selectivity,grouped,KNN-Jaccard (morgan),morgan,spearman_rho,0.2248768125847202,0.09757303551410149,25.0,0.18211093899985306,0.26025195520236616
gbm_selectivity,grouped,Linear (descriptors),descriptors,mae,0.2162181397369543,0.0169999322235972,25.0,0.2097692198333059,0.2230975121145266
gbm_selectivity,grouped,Linear (descriptors),descriptors,pearson_r,0.13815313193061265,0.10637153879191565,25.0,0.10224776199339926,0.1784129388967028
gbm_selectivity,grouped,Linear (descriptors),descriptors,r2,-0.013366319770921793,0.06989996362539797,25.0,-0.03919821318060508,0.011180913755536337
gbm_selectivity,grouped,Linear (descriptors),descriptors,rmse,0.2779157351487973,0.022898560978203697,25.0,0.26953330482055826,0.2870303883117487
gbm_selectivity,grouped,Linear (descriptors),descriptors,spearman_rho,0.1004786124325285,0.08863282480929671,25.0,0.06901264638479505,0.13655714051273338
gbm_selectivity,grouped,Linear (pathway one-hot),pathway,mae,0.2136992284179867,0.01868967754829234,25.0,0.20680817175891578,0.22083228055878804
gbm_selectivity,grouped,Linear (pathway one-hot),pathway,pearson_r,0.22771379218195062,0.08884107645013585,25.0,0.1941616203732617,0.25976957343001517
gbm_selectivity,grouped,Linear (pathway one-hot),pathway,r2,0.013285089923917703,0.07776420236867251,25.0,-0.018861533420929687,0.04099319180493675
gbm_selectivity,grouped,Linear (pathway one-hot),pathway,rmse,0.2744131097457649,0.02536763634403414,25.0,0.26532269118615404,0.28389918287714855
gbm_selectivity,grouped,Linear (pathway one-hot),pathway,spearman_rho,0.211567161543808,0.09466956229112922,25.0,0.1741615279762752,0.24676777935782082
gbm_selectivity,grouped,MLP (descriptors),descriptors,mae,0.24868131297555532,0.04152801352631713,25.0,0.2344189160237599,0.2656424244378937
gbm_selectivity,grouped,MLP (descriptors),descriptors,pearson_r,0.04872533361130134,0.1263639759407214,25.0,-0.002184242714076414,0.09255280204933314
gbm_selectivity,grouped,MLP (descriptors),descriptors,r2,-0.4200314432509472,0.4410954494638105,25.0,-0.5887799925457254,-0.2594047551504418
gbm_selectivity,grouped,MLP (descriptors),descriptors,rmse,0.3286346840426306,0.07147724440104816,25.0,0.3049295659022652,0.35531352455882065
gbm_selectivity,grouped,MLP (descriptors),descriptors,spearman_rho,0.02510436299076402,0.09213143410002542,25.0,-0.011085926662930694,0.059868337676941566
gbm_selectivity,grouped,Random Forest (descriptors + pathway),descriptors_pathway,mae,0.21451416372721593,0.018166101818443782,25.0,0.20767938652774642,0.2220624907161376
gbm_selectivity,grouped,Random Forest (descriptors + pathway),descriptors_pathway,pearson_r,0.22198747187082257,0.09911426432918163,25.0,0.1859908440585674,0.259723112024533
gbm_selectivity,grouped,Random Forest (descriptors + pathway),descriptors_pathway,r2,0.027056143889243062,0.0668778607643484,25.0,0.0012129775307091954,0.05280135269404105
gbm_selectivity,grouped,Random Forest (descriptors + pathway),descriptors_pathway,rmse,0.2724596000182612,0.024348734808786746,25.0,0.2638559639075203,0.2823542097310579
gbm_selectivity,grouped,Random Forest (descriptors + pathway),descriptors_pathway,spearman_rho,0.19484178780525022,0.09762603950359657,25.0,0.15888513063138293,0.23121470589833076
gbm_selectivity,grouped,Random Forest (descriptors),descriptors,mae,0.21859488903923346,0.018088321547873074,25.0,0.21169229496449884,0.22629260212833305
gbm_selectivity,grouped,Random Forest (descriptors),descriptors,pearson_r,0.15414439508463537,0.10873252945380096,25.0,0.11230332445407545,0.19508429150999682
gbm_selectivity,grouped,Random Forest (descriptors),descriptors,r2,-0.014802150204077628,0.07137884291657502,25.0,-0.04261168640572513,0.012147362659375336
gbm_selectivity,grouped,Random Forest (descriptors),descriptors,rmse,0.27827755781389807,0.02512114260957227,25.0,0.2692534156266475,0.28831873245691864
gbm_selectivity,grouped,Random Forest (descriptors),descriptors,spearman_rho,0.13321728664266247,0.1076771774997234,25.0,0.09012960449917978,0.1729101171854226
gbm_selectivity,grouped,Random Forest (morgan),morgan,mae,0.21098112948401768,0.019047599066925245,25.0,0.20387350679873245,0.21894865823397033
gbm_selectivity,grouped,Random Forest (morgan),morgan,pearson_r,0.27084711111502646,0.10980328853653472,25.0,0.224954447781792,0.31509279423767605
gbm_selectivity,grouped,Random Forest (morgan),morgan,r2,0.05595427817145857,0.06737738236976011,25.0,0.02803393679252223,0.0814468803369925
gbm_selectivity,grouped,Random Forest (morgan),morgan,rmse,0.2685125897891071,0.02534702874429043,25.0,0.2591935365222082,0.27913919281299926
gbm_selectivity,grouped,Random Forest (morgan),morgan,spearman_rho,0.22294297944802632,0.092332498375979,25.0,0.18475299281858162,0.2566213839890961
gbm_selectivity,grouped,Random Forest (pathway one-hot),pathway,mae,0.2137781803973186,0.018505787156985896,25.0,0.20689699122056332,0.22060107244586036
gbm_selectivity,grouped,Random Forest (pathway one-hot),pathway,pearson_r,0.2292020416568369,0.08947471705629395,25.0,0.19508455023282206,0.2616969359638367
gbm_selectivity,grouped,Random Forest (pathway one-hot),pathway,r2,0.009641503456596024,0.08264718781375026,25.0,-0.024003189161322564,0.04006713639983415
gbm_selectivity,grouped,Random Forest (pathway one-hot),pathway,rmse,0.27482295273487145,0.024898860681944125,25.0,0.2658616053905862,0.2842428013525105
gbm_selectivity,grouped,Random Forest (pathway one-hot),pathway,spearman_rho,0.2120631431348535,0.0910167578299719,25.0,0.17583476108545984,0.24545687503553587
gbm_selectivity,grouped,SVM (descriptors),descriptors,mae,0.23433602687940913,0.024022598197499793,25.0,0.22535798079351976,0.24419322248717767
gbm_selectivity,grouped,SVM (descriptors),descriptors,pearson_r,0.08734281237130949,0.09549104876876036,25.0,0.05253783244504322,0.124135951171733
gbm_selectivity,grouped,SVM (descriptors),descriptors,r2,-0.2220316476530552,0.302596391673226,25.0,-0.3414026919160114,-0.11933968788602613
gbm_selectivity,grouped,SVM (descriptors),descriptors,rmse,0.30271714546588235,0.033022570286112024,25.0,0.2905537474733626,0.315119765489139
gbm_selectivity,grouped,SVM (descriptors),descriptors,spearman_rho,0.07803667067404169,0.08372387125561033,25.0,0.04402376296038963,0.10920035218545708
gbm_selectivity,grouped,XGBoost (descriptors),descriptors,mae,0.22764130246410347,0.02014333203054829,25.0,0.22012041545128402,0.23588809663717847
gbm_selectivity,grouped,XGBoost (descriptors),descriptors,pearson_r,0.15176958349956599,0.12820661333306388,25.0,0.1018447443819321,0.19881519642890255
gbm_selectivity,grouped,XGBoost (descriptors),descriptors,r2,-0.10971022354477881,0.13578539587631439,25.0,-0.16247671930518742,-0.05903788242664437
gbm_selectivity,grouped,XGBoost (descriptors),descriptors,rmse,0.29040933855565093,0.027239528720115425,25.0,0.2803888647977413,0.30114114908447936
gbm_selectivity,grouped,XGBoost (descriptors),descriptors,spearman_rho,0.14240159278124462,0.12051719202778903,25.0,0.09595875456451337,0.1877620391713166
gbm_selectivity,grouped,XGBoost (morgan),morgan,mae,0.22509625414982268,0.023355892583050836,25.0,0.21655647528721897,0.23416886141738705
gbm_selectivity,grouped,XGBoost (morgan),morgan,pearson_r,0.22290542023153065,0.12556872914848785,25.0,0.1745884267032948,0.27403309038101803
gbm_selectivity,grouped,XGBoost (morgan),morgan,r2,-0.0767701049683913,0.16535547286575386,25.0,-0.1436655736733294,-0.016044038902817453
gbm_selectivity,grouped,XGBoost (morgan),morgan,rmse,0.2855481479210635,0.02759576842839559,25.0,0.27548044401262783,0.2962252202860972
gbm_selectivity,grouped,XGBoost (morgan),morgan,spearman_rho,0.18760017084571953,0.08172743120282518,25.0,0.15680659629768978,0.21970857150017953
gbm_selectivity,scaffold,Baseline,descriptors,mae,0.21673793975960542,0.010859501794614269,5.0,0.2084788351489959,0.22540394971927996
gbm_selectivity,scaffold,Baseline,descriptors,pearson_r,0.0,0.0,5.0,0.0,0.0
gbm_selectivity,scaffold,Baseline,descriptors,r2,-0.003987619736181313,0.004945571081886388,5.0,-0.008373906270955089,-0.0005335246424987173
gbm_selectivity,scaffold,Baseline,descriptors,rmse,0.27830022804181376,0.02509915104113266,5.0,0.26085629937092136,0.2986018094756573
gbm_selectivity,scaffold,Baseline,descriptors,spearman_rho,0.0,0.0,5.0,0.0,0.0
gbm_selectivity,scaffold,GNN-GAT (smiles),smiles,mae,0.22032818798527462,0.011023644472676147,5.0,0.21112072929421283,0.22838367853667846
gbm_selectivity,scaffold,GNN-GAT (smiles),smiles,pearson_r,0.10170422394613232,0.06542532293912633,5.0,0.04860818641428532,0.15358600563282226
gbm_selectivity,scaffold,GNN-GAT (smiles),smiles,r2,-0.044731102875761916,0.09427801529775544,5.0,-0.1298018026130851,0.005937619077041888
gbm_selectivity,scaffold,GNN-GAT (smiles),smiles,rmse,0.2833062462164579,0.022903686830268288,5.0,0.2644500738091663,0.3016907250408302
gbm_selectivity,scaffold,GNN-GAT (smiles),smiles,spearman_rho,0.13548005877388453,0.09025099839580314,5.0,0.06988280429496833,0.21248939988185747
gbm_selectivity,scaffold,GNN-GCN (smiles),smiles,mae,0.22199554742506486,0.018453251184572677,5.0,0.20704246412914032,0.23785582588923823
gbm_selectivity,scaffold,GNN-GCN (smiles),smiles,pearson_r,0.1318923112476041,0.12618591086553446,5.0,0.027689757868572733,0.22789154517313323
gbm_selectivity,scaffold,GNN-GCN (smiles),smiles,r2,-0.05977581487887831,0.1696755740857475,5.0,-0.21545358672880535,0.037833476936669344
gbm_selectivity,scaffold,GNN-GCN (smiles),smiles,rmse,0.2845750482326725,0.024848788403387195,5.0,0.2657104947452753,0.30409968527043524
gbm_selectivity,scaffold,GNN-GCN (smiles),smiles,spearman_rho,0.1348700369626762,0.12024400910602165,5.0,0.037915931277114234,0.23027312609085335
gbm_selectivity,scaffold,KNN-Jaccard (morgan),morgan,mae,0.21071956901574987,0.01209532663092746,5.0,0.2000157262107479,0.21837383337045418
gbm_selectivity,scaffold,KNN-Jaccard (morgan),morgan,pearson_r,0.21932905692346236,0.09693665390514011,5.0,0.1351984802896796,0.288345300601926
gbm_selectivity,scaffold,KNN-Jaccard (morgan),morgan,r2,0.01676392246565861,0.08015962217677162,5.0,-0.054682736416392465,0.0715184237480178
gbm_selectivity,scaffold,KNN-Jaccard (morgan),morgan,rmse,0.27473588282406564,0.01962055555906643,5.0,0.26040758884784043,0.2910439423568073
gbm_selectivity,scaffold,KNN-Jaccard (morgan),morgan,spearman_rho,0.22907455173418495,0.13199368797443514,5.0,0.12128603780104139,0.3248939245822088
gbm_selectivity,scaffold,Linear (descriptors),descriptors,mae,0.21602226890671122,0.012172677998717667,5.0,0.206360918028818,0.22542821698244486
gbm_selectivity,scaffold,Linear (descriptors),descriptors,pearson_r,0.13259206896718198,0.11123004960033851,5.0,0.04515460266331352,0.2142407250730304
gbm_selectivity,scaffold,Linear (descriptors),descriptors,r2,-0.0034234798622442275,0.045565278103174574,5.0,-0.03911749122824597,0.030954581169022277
gbm_selectivity,scaffold,Linear (descriptors),descriptors,rmse,0.2781202870832626,0.024909623935723494,5.0,0.25828909256200255,0.2983034850398186
gbm_selectivity,scaffold,Linear (descriptors),descriptors,spearman_rho,0.10372388622111828,0.09007918947235165,5.0,0.0362242961585356,0.1720301862770377
gbm_selectivity,scaffold,Linear (pathway one-hot),pathway,mae,0.21116462829015545,0.008196869199836926,5.0,0.20525515288130816,0.21800737142843976
gbm_selectivity,scaffold,Linear (pathway one-hot),pathway,pearson_r,0.2620555497445809,0.10070490293488935,5.0,0.1864851294536633,0.3423310011825045
gbm_selectivity,scaffold,Linear (pathway one-hot),pathway,r2,0.050037762928838506,0.08425345115951553,5.0,-0.019366165911288688,0.11306701592355502
gbm_selectivity,scaffold,Linear (pathway one-hot),pathway,rmse,0.2701688918696299,0.022882044314888376,5.0,0.25471669036553185,0.29001527161598956
gbm_selectivity,scaffold,Linear (pathway one-hot),pathway,spearman_rho,0.21990059649839902,0.0849140412708341,5.0,0.15321132718861313,0.28658986580818496
gbm_selectivity,scaffold,MLP (descriptors),descriptors,mae,0.2452797538144194,0.03551205450293581,5.0,0.22283926491682413,0.27711413502156945
gbm_selectivity,scaffold,MLP (descriptors),descriptors,pearson_r,0.06148399063090286,0.16476211114388614,5.0,-0.08731783254395871,0.18777997679599157
gbm_selectivity,scaffold,MLP (descriptors),descriptors,r2,-0.3242893021325255,0.3245834704240742,5.0,-0.6039417734335958,-0.12620397383467777
gbm_selectivity,scaffold,MLP (descriptors),descriptors,rmse,0.31999670560544446,0.06556710502395324,5.0,0.27938288281953993,0.37552755058166376
gbm_selectivity,scaffold,MLP (descriptors),descriptors,spearman_rho,0.05904591920790612,0.12451525494340832,5.0,-0.055942495403243954,0.13585898225070428
gbm_selectivity,scaffold,Random Forest (descriptors + pathway),descriptors_pathway,mae,0.21484192561995172,0.0105028986749484,5.0,0.20704332840507395,0.223325181932217
gbm_selectivity,scaffold,Random Forest (descriptors + pathway),descriptors_pathway,pearson_r,0.22753345522512758,0.03674385867390665,5.0,0.19700867866985033,0.2545691965428909
gbm_selectivity,scaffold,Random Forest (descriptors + pathway),descriptors_pathway,r2,0.03899039790051315,0.028598500137836214,5.0,0.016688914771861785,0.06072945495932429
gbm_selectivity,scaffold,Random Forest (descriptors + pathway),descriptors_pathway,rmse,0.2720581997779684,0.022039880493079866,5.0,0.2573369215401808,0.2911086815583431
gbm_selectivity,scaffold,Random Forest (descriptors + pathway),descriptors_pathway,spearman_rho,0.20648436483440827,0.029270268093856976,5.0,0.18276292643863032,0.22979634802260018
gbm_selectivity,scaffold,Random Forest (descriptors),descriptors,mae,0.2154822127120611,0.011434682293581192,5.0,0.20644629834612588,0.2245383381381035
gbm_selectivity,scaffold,Random Forest (descriptors),descriptors,pearson_r,0.17544195447365016,0.05457598631083541,5.0,0.12910556015961577,0.21731346089441192
gbm_selectivity,scaffold,Random Forest (descriptors),descriptors,r2,0.013109182045041834,0.032002335247624934,5.0,-0.012517448907697064,0.037739102819365836
gbm_selectivity,scaffold,Random Forest (descriptors),descriptors,rmse,0.27570973053306747,0.022504264728700308,5.0,0.25923017409378846,0.29426434929754536
gbm_selectivity,scaffold,Random Forest (descriptors),descriptors,spearman_rho,0.14987425998988418,0.06806903677108317,5.0,0.09203224381884262,0.20099334289908058
gbm_selectivity,scaffold,Random Forest (morgan),morgan,mae,0.21088722610747257,0.014134452582636174,5.0,0.20057682264884485,0.22277935962515077
gbm_selectivity,scaffold,Random Forest (morgan),morgan,pearson_r,0.24263330467039473,0.13171147549647877,5.0,0.1515971265762813,0.3620734865007412
gbm_selectivity,scaffold,Random Forest (morgan),morgan,r2,0.04996345937414441,0.07131071859671939,5.0,-0.0007827262867577067,0.11209370190817472
gbm_selectivity,scaffold,Random Forest (morgan),morgan,rmse,0.2704880617540154,0.02582642997800223,5.0,0.252611932236624,0.29324492173809286
gbm_selectivity,scaffold,Random Forest (morgan),morgan,spearman_rho,0.2314117216012746,0.09137426220414,5.0,0.16534964186210171,0.309868006232118
gbm_selectivity,scaffold,Random Forest (pathway one-hot),pathway,mae,0.21318648911999385,0.010239680952640811,5.0,0.2052655521910105,0.2211074260489772
gbm_selectivity,scaffold,Random Forest (pathway one-hot),pathway,pearson_r,0.2606889115332225,0.10112121406958764,5.0,0.18496971203700074,0.34122763144677554
gbm_selectivity,scaffold,Random Forest (pathway one-hot),pathway,r2,0.034247445220537666,0.11528448564832824,5.0,-0.06213618165507894,0.11401786515760548
gbm_selectivity,scaffold,Random Forest (pathway one-hot),pathway,rmse,0.2721289043562767,0.023528163947686965,5.0,0.2558368248359068,0.29134904191123157
gbm_selectivity,scaffold,Random Forest (pathway one-hot),pathway,spearman_rho,0.2207164273784346,0.08735422741329431,5.0,0.15216191755536537,0.28801007572191384
gbm_selectivity,scaffold,SVM (descriptors),descriptors,mae,0.23329168561624575,0.021032910499005315,5.0,0.21694538507982788,0.2518125551375856
gbm_selectivity,scaffold,SVM (descriptors),descriptors,pearson_r,0.08252201228802551,0.10525632600156491,5.0,0.017503801399586145,0.1737456321883523
gbm_selectivity,scaffold,SVM (descriptors),descriptors,r2,-0.1877271563458323,0.26226084237230884,5.0,-0.4202257757463467,-0.010372977427763353
gbm_selectivity,scaffold,SVM (descriptors),descriptors,rmse,0.3008931955346904,0.03792795662501432,5.0,0.27093140976647884,0.33421544396115177
gbm_selectivity,scaffold,SVM (descriptors),descriptors,spearman_rho,0.04732303024850678,0.0914192217021339,5.0,-0.019210532530767307,0.12135545886112713
gbm_selectivity,scaffold,XGBoost (descriptors),descriptors,mae,0.22180629191780515,0.01417972172638789,5.0,0.2105113698817191,0.23310121395389127
gbm_selectivity,scaffold,XGBoost (descriptors),descriptors,pearson_r,0.17086487277678666,0.06014629116048447,5.0,0.12679137696562118,0.22340642354826565
gbm_selectivity,scaffold,XGBoost (descriptors),descriptors,r2,-0.07167646491819143,0.03428202457356896,5.0,-0.10117280138388826,-0.04524244200319716
gbm_selectivity,scaffold,XGBoost (descriptors),descriptors,rmse,0.28733197874571365,0.023648513415411066,5.0,0.2695213627596003,0.3071679480780499
gbm_selectivity,scaffold,XGBoost (descriptors),descriptors,spearman_rho,0.14198475912295994,0.08286895518775955,5.0,0.08331398027952791,0.2153238646198256
gbm_selectivity,scaffold,XGBoost (morgan),morgan,mae,0.22859006332655435,0.014163187906377491,5.0,0.21709433683865725,0.23988554020275785
gbm_selectivity,scaffold,XGBoost (morgan),morgan,pearson_r,0.14667784396571526,0.09007269279117086,5.0,0.07862065331554283,0.22125274377480486
gbm_selectivity,scaffold,XGBoost (morgan),morgan,r2,-0.12462156844915953,0.06945501095189151,5.0,-0.18688549931883594,-0.07692298073286179
gbm_selectivity,scaffold,XGBoost (morgan),morgan,rmse,0.2942492778673379,0.025088434595577254,5.0,0.2746026490052701,0.31434292226040583
gbm_selectivity,scaffold,XGBoost (morgan),morgan,spearman_rho,0.1496805660333635,0.09644291695884505,5.0,0.07527753462803034,0.22588885626602911
