task,strategy,model,most_frequent_params
gbm_potency,grouped,KNN-Jaccard (morgan),"{""kneighborsregressor__n_neighbors"": 7}"
gbm_potency,grouped,Linear (descriptors),"{""ridge__alpha"": 100.0}"
gbm_potency,grouped,Linear (pathway one-hot),"{""ridge__alpha"": 0.1}"
gbm_potency,grouped,MLP (descriptors),"{""mlpregressor__alpha"": 0.0001}"
gbm_potency,grouped,Random Forest (descriptors + pathway),"{""max_features"": ""sqrt"", ""min_samples_leaf"": 1}"
gbm_potency,grouped,Random Forest (descriptors),"{""max_features"": ""sqrt"", ""min_samples_leaf"": 3}"
gbm_potency,grouped,Random Forest (morgan),"{""max_features"": ""sqrt"", ""min_samples_leaf"": 1}"
gbm_potency,grouped,Random Forest (pathway one-hot),"{""max_features"": 0.5, ""min_samples_leaf"": 3}"
gbm_potency,grouped,SVM (descriptors),"{""svr__C"": 10.0, ""svr__gamma"": 0.01}"
gbm_potency,grouped,XGBoost (descriptors),"{""learning_rate"": 0.03, ""max_depth"": 5}"
gbm_potency,grouped,XGBoost (morgan),"{""learning_rate"": 0.03, ""max_depth"": 5}"
gbm_potency,scaffold,KNN-Jaccard (morgan),"{""kneighborsregressor__n_neighbors"": 15}"
gbm_potency,scaffold,Linear (descriptors),"{""ridge__alpha"": 100.0}"
gbm_potency,scaffold,Linear (pathway one-hot),"{""ridge__alpha"": 0.1}"
gbm_potency,scaffold,MLP (descriptors),"{""mlpregressor__alpha"": 0.01}"
gbm_potency,scaffold,Random Forest (descriptors + pathway),"{""max_features"": ""sqrt"", ""min_samples_leaf"": 3}"
gbm_potency,scaffold,Random Forest (descriptors),"{""max_features"": ""sqrt"", ""min_samples_leaf"": 3}"
gbm_potency,scaffold,Random Forest (morgan),"{""max_features"": ""sqrt"", ""min_samples_leaf"": 1}"
gbm_potency,scaffold,Random Forest (pathway one-hot),"{""max_features"": ""sqrt"", ""min_samples_leaf"": 1}"
gbm_potency,scaffold,SVM (descriptors),"{""svr__C"": 10.0, ""svr__gamma"": 0.01}"
gbm_potency,scaffold,XGBoost (descriptors),"{""learning_rate"": 0.03, ""max_depth"": 5}"
gbm_potency,scaffold,XGBoost (morgan),"{""learning_rate"": 0.1, ""max_depth"": 5}"
gbm_selective_class,grouped,KNN-Jaccard (morgan),"{""kneighborsclassifier__n_neighbors"": 15}"
gbm_selective_class,grouped,Linear (descriptors),"{""logisticregression__C"": 0.01}"
gbm_selective_class,grouped,Linear (pathway one-hot),"{""logisticregression__C"": 10.0}"
gbm_selective_class,grouped,MLP (descriptors),"{""mlpclassifier__alpha"": 0.0001}"
gbm_selective_class,grouped,Random Forest (descriptors + pathway),"{""max_features"": ""sqrt"", ""min_samples_leaf"": 1}"
gbm_selective_class,grouped,Random Forest (descriptors),"{""max_features"": ""sqrt"", ""min_samples_leaf"": 3}"
gbm_selective_class,grouped,Random Forest (morgan),"{""max_features"": ""sqrt"", ""min_samples_leaf"": 3}"
gbm_selective_class,grouped,Random Forest (pathway one-hot),"{""max_features"": 0.5, ""min_samples_leaf"": 1}"
gbm_selective_class,grouped,SVM (descriptors),"{""svc__C"": 0.3, ""svc__gamma"": 0.01}"
gbm_selective_class,grouped,XGBoost (descriptors),"{""learning_rate"": 0.1, ""max_depth"": 5}"
gbm_selective_class,grouped,XGBoost (morgan),"{""learning_rate"": 0.03, ""max_depth"": 3}"
gbm_selective_class,scaffold,KNN-Jaccard (morgan),"{""kneighborsclassifier__n_neighbors"": 11}"
gbm_selective_class,scaffold,Linear (descriptors),"{""logisticregression__C"": 0.01}"
gbm_selective_class,scaffold,Linear (pathway one-hot),"{""logisticregression__C"": 1.0}"
gbm_selective_class,scaffold,MLP (descriptors),"{""mlpclassifier__alpha"": 0.0001}"
gbm_selective_class,scaffold,Random Forest (descriptors + pathway),"{""max_features"": ""sqrt"", ""min_samples_leaf"": 1}"
gbm_selective_class,scaffold,Random Forest (descriptors),"{""max_features"": ""sqrt"", ""min_samples_leaf"": 3}"
gbm_selective_class,scaffold,Random Forest (morgan),"{""max_features"": ""sqrt"", ""min_samples_leaf"": 3}"
gbm_selective_class,scaffold,Random Forest (pathway one-hot),"{""max_features"": 0.5, ""min_samples_leaf"": 1}"
gbm_selective_class,scaffold,SVM (descriptors),"{""svc__C"": 0.3, ""svc__gamma"": 0.01}"
gbm_selective_class,scaffold,XGBoost (descriptors),"{""learning_rate"": 0.1, ""max_depth"": 3}"
gbm_selective_class,scaffold,XGBoost (morgan),"{""learning_rate"": 0.03, ""max_depth"": 5}"
gbm_selectivity,grouped,KNN-Jaccard (morgan),"{""kneighborsregressor__n_neighbors"": 11}"
gbm_selectivity,grouped,Linear (descriptors),"{""ridge__alpha"": 0.1}"
gbm_selectivity,grouped,Linear (pathway one-hot),"{""ridge__alpha"": 0.1}"
gbm_selectivity,grouped,MLP (descriptors),"{""mlpregressor__alpha"": 0.01}"
gbm_selectivity,grouped,Random Forest (descriptors + pathway),"{""max_features"": ""sqrt"", ""min_samples_leaf"": 1}"
gbm_selectivity,grouped,Random Forest (descriptors),"{""max_features"": 0.5, ""min_samples_leaf"": 1}"
gbm_selectivity,grouped,Random Forest (morgan),"{""max_features"": ""sqrt"", ""min_samples_leaf"": 3}"
gbm_selectivity,grouped,Random Forest (pathway one-hot),"{""max_features"": ""sqrt"", ""min_samples_leaf"": 1}"
gbm_selectivity,grouped,SVM (descriptors),"{""svr__C"": 10.0, ""svr__gamma"": 0.01}"
gbm_selectivity,grouped,XGBoost (descriptors),"{""learning_rate"": 0.1, ""max_depth"": 5}"
gbm_selectivity,grouped,XGBoost (morgan),"{""learning_rate"": 0.03, ""max_depth"": 5}"
gbm_selectivity,scaffold,KNN-Jaccard (morgan),"{""kneighborsregressor__n_neighbors"": 11}"
gbm_selectivity,scaffold,Linear (descriptors),"{""ridge__alpha"": 0.1}"
gbm_selectivity,scaffold,Linear (pathway one-hot),"{""ridge__alpha"": 100.0}"
gbm_selectivity,scaffold,MLP (descriptors),"{""mlpregressor__alpha"": 0.01}"
gbm_selectivity,scaffold,Random Forest (descriptors + pathway),"{""max_features"": ""sqrt"", ""min_samples_leaf"": 1}"
gbm_selectivity,scaffold,Random Forest (descriptors),"{""max_features"": ""sqrt"", ""min_samples_leaf"": 3}"
gbm_selectivity,scaffold,Random Forest (morgan),"{""max_features"": ""sqrt"", ""min_samples_leaf"": 1}"
gbm_selectivity,scaffold,Random Forest (pathway one-hot),"{""max_features"": ""sqrt"", ""min_samples_leaf"": 1}"
gbm_selectivity,scaffold,SVM (descriptors),"{""svr__C"": 3.0, ""svr__gamma"": 0.01}"
gbm_selectivity,scaffold,XGBoost (descriptors),"{""learning_rate"": 0.03, ""max_depth"": 5}"
gbm_selectivity,scaffold,XGBoost (morgan),"{""learning_rate"": 0.03, ""max_depth"": 3}"
