task,model,strategy,round,metric,value
gbm_selectivity,KNN-Jaccard (morgan),grouped,-1,spearman_rho,0.19893220307227308
gbm_selectivity,KNN-Jaccard (morgan),grouped,0,spearman_rho,0.0006425540580898996
gbm_selectivity,KNN-Jaccard (morgan),grouped,1,spearman_rho,0.0364783467997538
gbm_selectivity,KNN-Jaccard (morgan),grouped,2,spearman_rho,-0.02113480188410915
gbm_selectivity,KNN-Jaccard (morgan),grouped,3,spearman_rho,-0.09858662133393725
gbm_selectivity,KNN-Jaccard (morgan),grouped,4,spearman_rho,0.014051744162368013
gbm_selectivity,KNN-Jaccard (morgan),grouped,5,spearman_rho,0.001558322950663077
gbm_selectivity,KNN-Jaccard (morgan),grouped,6,spearman_rho,0.011045866633875204
gbm_selectivity,KNN-Jaccard (morgan),grouped,7,spearman_rho,0.03549574332004824
gbm_selectivity,KNN-Jaccard (morgan),grouped,8,spearman_rho,-0.06605618031786577
gbm_selectivity,KNN-Jaccard (morgan),grouped,9,spearman_rho,0.06221298170479583
gbm_selectivity,KNN-Jaccard (morgan),grouped,10,spearman_rho,0.037253439413314215
gbm_selectivity,KNN-Jaccard (morgan),grouped,11,spearman_rho,0.05360520604472372
gbm_selectivity,KNN-Jaccard (morgan),grouped,12,spearman_rho,-0.13471744362847532
gbm_selectivity,KNN-Jaccard (morgan),grouped,13,spearman_rho,0.00532872142251815
gbm_selectivity,KNN-Jaccard (morgan),grouped,14,spearman_rho,-0.0548094831135336
gbm_selectivity,KNN-Jaccard (morgan),grouped,15,spearman_rho,-0.036212151501318166
gbm_selectivity,KNN-Jaccard (morgan),grouped,16,spearman_rho,-0.01821214912972982
gbm_selectivity,KNN-Jaccard (morgan),grouped,17,spearman_rho,-0.01723039090146018
gbm_selectivity,KNN-Jaccard (morgan),grouped,18,spearman_rho,-0.017606499754979257
gbm_selectivity,KNN-Jaccard (morgan),grouped,19,spearman_rho,0.05283795781040086
gbm_potency,Random Forest (morgan),grouped,-1,spearman_rho,0.3875763335383536
gbm_potency,Random Forest (morgan),grouped,0,spearman_rho,-0.07812392588646926
gbm_potency,Random Forest (morgan),grouped,1,spearman_rho,-0.1124662026839605
gbm_potency,Random Forest (morgan),grouped,2,spearman_rho,-0.032862794379776
gbm_potency,Random Forest (morgan),grouped,3,spearman_rho,-0.0445202655265099
gbm_potency,Random Forest (morgan),grouped,4,spearman_rho,-0.029589168859498298
gbm_potency,Random Forest (morgan),grouped,5,spearman_rho,-0.026241179993790154
gbm_potency,Random Forest (morgan),grouped,6,spearman_rho,0.06288971388555424
gbm_potency,Random Forest (morgan),grouped,7,spearman_rho,0.032046722727816036
gbm_potency,Random Forest (morgan),grouped,8,spearman_rho,0.04431233647322431
gbm_potency,Random Forest (morgan),grouped,9,spearman_rho,-0.08847430440198507
gbm_potency,Random Forest (morgan),grouped,10,spearman_rho,-0.00717274887440524
gbm_potency,Random Forest (morgan),grouped,11,spearman_rho,0.039773341723602515
gbm_potency,Random Forest (morgan),grouped,12,spearman_rho,-0.02403719486614151
gbm_potency,Random Forest (morgan),grouped,13,spearman_rho,0.0454515827231669
gbm_potency,Random Forest (morgan),grouped,14,spearman_rho,-0.07625970495773816
gbm_potency,Random Forest (morgan),grouped,15,spearman_rho,-0.00040207521642717447
gbm_potency,Random Forest (morgan),grouped,16,spearman_rho,0.1219035322469348
gbm_potency,Random Forest (morgan),grouped,17,spearman_rho,0.030016034435150524
gbm_potency,Random Forest (morgan),grouped,18,spearman_rho,0.014069951782849036
gbm_potency,Random Forest (morgan),grouped,19,spearman_rho,0.01414649835680958
gbm_selective_class,Random Forest (morgan),grouped,-1,roc_auc,0.8080533516178534
gbm_selective_class,Random Forest (morgan),grouped,0,roc_auc,0.4940468286878318
gbm_selective_class,Random Forest (morgan),grouped,1,roc_auc,0.48058793439340014
gbm_selective_class,Random Forest (morgan),grouped,2,roc_auc,0.5136178861788618
gbm_selective_class,Random Forest (morgan),grouped,3,roc_auc,0.34552845528455284
gbm_selective_class,Random Forest (morgan),grouped,4,roc_auc,0.6083333333333333
gbm_selective_class,Random Forest (morgan),grouped,5,roc_auc,0.425454890927758
gbm_selective_class,Random Forest (morgan),grouped,6,roc_auc,0.6215389561860813
gbm_selective_class,Random Forest (morgan),grouped,7,roc_auc,0.48445121951219505
gbm_selective_class,Random Forest (morgan),grouped,8,roc_auc,0.3545905392119517
gbm_selective_class,Random Forest (morgan),grouped,9,roc_auc,0.5310975609756097
gbm_selective_class,Random Forest (morgan),grouped,10,roc_auc,0.4344102244569969
gbm_selective_class,Random Forest (morgan),grouped,11,roc_auc,0.4333333333333334
gbm_selective_class,Random Forest (morgan),grouped,12,roc_auc,0.3982661449773802
gbm_selective_class,Random Forest (morgan),grouped,13,roc_auc,0.37563306523292816
gbm_selective_class,Random Forest (morgan),grouped,14,roc_auc,0.5086382113821137
gbm_selective_class,Random Forest (morgan),grouped,15,roc_auc,0.5484305333347844
gbm_selective_class,Random Forest (morgan),grouped,16,roc_auc,0.5458235380546576
gbm_selective_class,Random Forest (morgan),grouped,17,roc_auc,0.5073170731707317
gbm_selective_class,Random Forest (morgan),grouped,18,roc_auc,0.495497210159518
gbm_selective_class,Random Forest (morgan),grouped,19,roc_auc,0.5924796747967479
