drug_name,novelty_score,is_positive,rank
Tozasertib,0.11642528340306585,False,1
Dasatinib,0.11281572967812975,False,2
MK-1775,0.11230045535026051,False,3
NVP-TAE684,0.10964031031109794,False,4
Afatinib,0.10408419051540357,False,5
BMS-536924,0.10307211552267409,False,6
Trametinib,0.10158136442451643,False,7
SL0101,0.10113732006687853,False,8
OSI-027,0.10086333685916288,False,9
KU-60019,0.10085218203732566,False,10
BMS-754807,0.10054350217878477,False,11
AZD8931,0.0976223496676723,False,12
KIN001-266,0.09543827035642388,False,13
Luminespib,0.09271389898670274,True,14
Masitinib,0.09141921000998487,False,15
Ibrutinib,0.09056073755777677,False,16
BIBF-1120,0.09037260024822508,False,17
NG-25,0.08970760740351341,False,18
WZ3105,0.08958768976718195,False,19
BX-912,0.08795724968733748,False,20
AZD4877,0.08777678800480354,False,21
NVP-ADW742,0.08769913967398996,False,22
GSK343,0.08632841866848973,False,23
Amuvatinib,0.08588273783852779,False,24
SU11274,0.08584561154171777,False,25
JW-7-24-1,0.08575951101965856,False,26
Nutlin-3a (-),0.08492267331200132,False,27
XMD14-99,0.08427139823400182,False,28
Ponatinib,0.08391552130207564,False,29
OTX015,0.08374489320469969,False,30
SB590885,0.0831418707236739,False,31
WZ-1-84,0.08194911267297234,False,32
Bosutinib,0.0813094011804909,False,33
Pictilisib,0.08034131316825477,False,34
PF-562271,0.08026245533729776,False,35
Capivasertib,0.08025087195827868,False,36
CI-1033,0.07934287716348798,False,37
EPZ004777,0.07920942695115041,False,38
Osimertinib,0.07859044075142513,False,39
JNK-9L,0.07804117495179397,False,40
Sphingosine Kinase 1 Inhibitor II,0.07555371437366248,False,41
HG6-64-1,0.07453097710446183,True,42
Dinaciclib,0.07446619695112427,False,43
MPS-1-IN-1,0.07407427227787056,False,44
Cabozantinib,0.0737195269679991,False,45
PHA-665752,0.07362728396910934,False,46
IWP-2,0.07355063215290114,False,47
HG-5-88-01,0.07289170392521765,False,48
Fedratinib,0.07289049062756764,False,49
WH-4-023,0.07280868784461669,False,50
XMD8-92,0.07219197171811287,False,51
Enzastaurin,0.0718496962119971,False,52
PF-00299804,0.07054765004059171,False,53
ICL-SIRT078,0.06960735852755817,False,54
CX-5461,0.06887574425177434,False,55
AGI-5198,0.06765156806544975,False,56
AZD3759,0.06758843554857469,False,57
SGC-CBP30,0.0665905084127022,False,58
ZM447439,0.0664155373378732,False,59
Palbociclib,0.06623093280804776,False,60
BPTES,0.06568851759163347,False,61
CCT245232,0.0654347425389935,True,62
GSK-J4,0.06536074218147364,False,63
WZ4003,0.06427863642063886,False,64
AZ628,0.06401931595464233,False,65
AZD2014,0.06344130371907292,False,66
Taselisib,0.0630675372063399,False,67
"Brivanib, BMS-540215",0.0627077683548839,False,68
Pazopanib,0.06207370419710989,True,69
Doramapimod,0.06175920357831749,False,70
AZD8186,0.0615899055444763,False,71
I-BRD9,0.06131381637347538,False,72
LY2109761,0.06113887907685922,False,73
VE-822,0.06102275732096213,False,74
Pevonedistat,0.06018074365461712,False,75
Apitolisib,0.06013660662893827,False,76
HKMTI-1-005,0.05999317522514991,False,77
AZD5363,0.0595795325851341,False,78
Sapitinib,0.05945313784724343,False,79
Entospletinib,0.058657980423662825,False,80
AZ6102,0.058453311236739636,False,81
GW843682X,0.05842215493516445,False,82
BX795,0.0581915034569227,True,83
ML323,0.05810341802627028,False,84
Topotecan,0.05787847186879125,False,85
XMD11-50,0.057843253187811305,False,86
LMP744,0.05748929641353823,False,87
SGC0946,0.0573928385113312,False,88
AZD4547,0.057334832092640564,False,89
GSK319347A,0.05697617345035577,False,90
Imatinib,0.056869909679943154,False,91
HG-5-113-01,0.05686370267211732,False,92
Camptothecin,0.05651605096707152,False,93
LCL161,0.0563986459641907,False,94
AGI-6780,0.05523107920063525,False,95
Sepantronium bromide,0.054901748096707725,False,96
Irinotecan,0.05481199941456255,False,97
Avagacestat,0.05455611941229943,False,98
Refametinib,0.05435140552161871,False,99
AZD6482,0.05391402905795267,True,100
CP724714,0.05385904485390969,False,101
Gefitinib,0.05293609905765373,False,102
AZD5153,0.05293583216398695,False,103
GSK2256098C,0.05246468354027467,False,104
SCH772984,0.05236796632663965,False,105
GSK1070916,0.05228908840165525,False,106
Quizartinib,0.05212323229649862,False,107
Dabrafenib,0.05203348652376755,False,108
A-770041,0.051880176365477926,False,109
Alisertib,0.051564373053653245,False,110
BIX02189,0.05049274350608418,False,111
CPI-637,0.050395831594719775,False,112
GSK2830371A,0.05033123352492347,False,113
CD532,0.05010176862858806,False,114
CHIR-99021,0.04967390687865014,False,115
CGP-082996,0.04872965095132947,False,116
A-443654,0.04842628650479247,False,117
AZD8055,0.04839848953825715,False,118
PRT062607,0.047988108222537185,False,119
LDN-193189,0.0479623262617051,True,120
Crizotinib,0.047464723169748035,False,121
Tivozanib,0.0466826474679547,False,122
Cediranib,0.0454597823063444,False,123
JQ1,0.04536666258388644,False,124
Podophyllotoxin bromide,0.04498828728715237,False,125
Alectinib,0.04445197085039038,False,126
TW 37,0.04415044335917084,False,127
I-BET-151,0.043809857351733206,False,128
AZD1332,0.04365248610425915,False,129
Tubastatin A,0.04330050565564719,False,130
Ribociclib,0.04174668901965273,False,131
Erlotinib,0.0415532624830669,False,132
GSK269962A,0.0400074745057008,True,133
GSK690693,0.039964910063017556,False,134
EPZ5676,0.03953088469933891,False,135
XMD11-85h,0.03905668959194286,False,136
AZD6738,0.03765332100510832,False,137
AS601245,0.03671214754695712,False,138
Epirubicin,0.03634186408306789,False,139
PAC-1,0.035698787206134674,False,140
MK-2206,0.03562042026270629,False,141
Olaparib,0.035446587886256875,False,142
GSK650394,0.03510764062781824,False,143
Foretinib,0.034931287176205805,False,144
YM201636,0.034804102022206684,False,145
Schweinfurthin A,0.034660870553073486,False,146
Selumetinib,0.0345731364146572,False,147
Flavopiridol,0.03445016124109379,False,148
Motesanib,0.03442324462112756,False,149
Tipifarnib,0.03412416618349273,False,150
NU7441,0.033771666455840454,False,151
IC-87114,0.03342369864788103,False,152
Methotrexate,0.03333501837972819,False,153
GSK2606414,0.03252658394931829,False,154
Seliciclib,0.03251418619414398,False,155
VX-11e,0.03241278515343243,False,156
Staurosporine,0.03083026038537251,True,157
CCT-018159,0.030610162447298417,False,158
BAM7,0.03018825487749832,False,159
SN-38,0.02977672221009614,False,160
Bryostatin 1,0.02923237748550217,False,161
NVP-BHG712,0.029040399864068422,False,162
Nilotinib,0.027364865522019555,False,163
I-CBP112,0.026925787934721113,False,164
CUDC-101,0.02633411452828649,False,165
Savolitinib,0.026244185633623296,False,166
NPK76-II-72-1,0.025523812880842767,False,167
GSK2110183B,0.024052143763498735,False,168
ZG-10,0.024041186744954646,False,169
XMD8-85,0.023579331335788822,False,170
ACY-1215,0.02330379371995267,False,171
Acetalax,0.022840203152020122,False,172
Linsitinib,0.022472667567858984,False,173
LIMK1 inhibitor BMS4,0.022309435459584415,False,174
Ulixertinib,0.022253531736130483,False,175
ZSTK474,0.020892831615008378,False,176
Sunitinib,0.019637088418549997,False,177
Pemetrexed,0.01954781408429923,False,178
TAK-715,0.01886962942821996,False,179
OSI-930,0.01876457101736423,False,180
Uprosertib,0.018604739026731154,False,181
Afuresertib,0.018113865296934872,False,182
Lestaurtinib,0.017874460888027632,False,183
Pyridostatin,0.017648699487159525,False,184
Teniposide,0.017601183424724554,False,185
GNE-317,0.01753923747540287,False,186
Doxorubicin,0.016870561241438153,False,187
AZD8835,0.016751638428434024,False,188
CI-1040,0.014096747351276806,False,189
AZD5438,0.013587269401241164,False,190
Tenovin-6,0.013379184133535504,False,191
KIN001-244,0.012943974397886138,False,192
WYE-125132,0.011602199263127555,False,193
Talazoparib,0.01109636621462462,False,194
LGK974,0.010545937003102968,False,195
OSU-03012,0.010310266997879569,False,196
Ipatasertib,0.009290429509567155,False,197
CAY10603,0.008806024220747888,False,198
Omipalisib,0.00781398226842639,False,199
Rapamycin,0.007667444258177669,False,200
WIKI4,0.007407767510825447,False,201
MK-8776,0.007289047662802417,False,202
PF-4708671,0.006521451450493709,False,203
CGP-60474,0.004299313512603153,False,204
AZD3514,0.0038790855835337257,False,205
Ispinesib Mesylate,0.0031420246098506355,False,206
XMD13-2,0.0031200131797327058,False,207
BI-2536,0.002667461415550909,False,208
QL-X-138,0.0023116229170215274,False,209
PI-103,0.002081563855392876,False,210
GSK429286A,0.0019498974623931575,False,211
AZD6094,0.0003801159807469423,False,212
Bleomycin,-4.879164626242494e-05,False,213
Torin 2,-9.185373761283477e-05,False,214
AZD1480,-0.00039161125413095244,False,215
PLX-4720,-0.0009714747905629206,False,216
WEHI-539,-0.0016794755896704094,False,217
Sorafenib,-0.0023726571552342146,False,218
Bromosporine,-0.0035669493532402563,False,219
Wnt-C59,-0.003608072124755557,False,220
AST-1306,-0.004238475964669586,False,221
CMK,-0.004461375181407656,False,222
Pelitinib,-0.005523643248411092,False,223
SB52334,-0.006205029609403556,False,224
A-83-01,-0.006505781219700191,False,225
AZ960,-0.006687073080339223,False,226
I-BET-762,-0.006924286427225423,False,227
PFI-3,-0.007911415528529586,False,228
RVX-208,-0.008745658980410298,False,229
Tamoxifen,-0.009574315345721562,False,230
Pilaralisib,-0.010710101044820286,False,231
GSK2578215A,-0.01116460958152643,False,232
CRT0105446,-0.011791714069447345,True,233
JNJ38877605,-0.011886876205754127,False,234
Idelalisib,-0.012168075490201102,False,235
AT-7519,-0.012683561221625783,False,236
MIM1,-0.013414570601631148,False,237
Etoposide,-0.014360205021841932,False,238
KU-55933,-0.01556289626340307,False,239
AZ20,-0.016864126118155576,False,240
CAY10566,-0.01697995781081446,False,241
Dactolisib,-0.017254470976483305,False,242
FMK,-0.018023133268992686,False,243
GDC0810,-0.018704915032027702,False,244
Axitinib,-0.018913400671364877,False,245
AZD7762,-0.018927432617702522,False,246
GSK2801,-0.019242209238049257,False,247
FTI-277,-0.019450899910017583,False,248
Lapatinib,-0.019666784400235948,False,249
OF-1,-0.020824913440245618,False,250
PD0325901,-0.025144098628401945,False,251
Alpelisib,-0.025862063881674946,False,252
Niraparib,-0.025910421097513958,False,253
CP466722,-0.026300444747728746,False,254
Rucaparib,-0.02702703339168938,False,255
UNC0379,-0.028103291309618306,False,256
GW-2580,-0.02904469437063084,False,257
Thapsigargin,-0.029414292863396363,False,258
KRAS (G12C) Inhibitor-12,-0.03019811475837919,False,259
Bortezomib,-0.032178520916921194,True,260
Salubrinal,-0.03227864686266152,False,261
NSC-87877,-0.03308227519761575,False,262
CZC24832,-0.033220000770805946,False,263
AKT inhibitor VIII,-0.03414722290129946,False,264
Ruxolitinib,-0.03459203752894208,False,265
Dihydrorotenone,-0.03526838194872539,False,266
Elesclomol,-0.03543479206254441,False,267
AMG-319,-0.03666193924629041,False,268
GSK591,-0.03761001087594379,False,269
BAY-61-3606,-0.03790278186928969,False,270
Vinorelbine,-0.04143501482991846,False,271
Zibotentan,-0.04197020045557209,False,272
Dacinostat,-0.04344481056638505,False,273
AGK2,-0.043632856646415696,False,274
UNC0638,-0.04434570780689273,False,275
JNK Inhibitor VIII,-0.045297129292813876,False,276
T0901317,-0.04590219613685809,False,277
TWS119,-0.048041565986459644,False,278
ARRY-520,-0.04907330260282261,False,279
PIK-93,-0.05005423901893635,False,280
Gallibiscoquinazole,-0.05061102713860749,False,281
QS11,-0.050763721531666306,False,282
SB505124,-0.05099738836374884,False,283
IPA-3,-0.051266697970138,False,284
Daporinad,-0.05156512661874896,False,285
AR-42,-0.05211867467895276,False,286
NSC-207895,-0.052276185477856396,False,287
CPI-613,-0.05262366360611204,False,288
FR-180204,-0.05312591804640987,False,289
Bicalutamide,-0.053455813877710256,False,290
WHI-P97,-0.054596116933411765,False,291
PFI3,-0.055016848712717226,False,292
Y-39983,-0.055431587522682346,False,293
RO-3306,-0.056374338649323896,False,294
ABT737,-0.056837729700639605,False,295
CRT0105950,-0.057584250360262546,False,296
BMS-345541,-0.05763423211606755,False,297
Telomerase Inhibitor IX,-0.05829535709626388,False,298
QL-XI-92,-0.058813576221854735,False,299
Romidepsin,-0.05899124623632063,False,300
Epothilone B,-0.060689786939745305,False,301
GSK1904529A,-0.06268723027068085,False,302
Entinostat,-0.06299415062838781,False,303
torin2,-0.06356641742702729,True,304
Bexarotene,-0.06472832843369664,False,305
Venotoclax,-0.0651723042302868,False,306
TGX221,-0.06521854838506025,True,307
MN-64,-0.06617191941007367,False,308
AZD5582,-0.06628707970308506,False,309
Veliparib,-0.06753264217270022,False,310
Nelarabine,-0.06846751733511863,False,311
KIN001-260,-0.06931182882176468,False,312
LJI308,-0.07022730091996643,False,313
Venetoclax,-0.07185484151452265,False,314
Elephantin,-0.07210364334817909,False,315
GSK626616AC,-0.0723769092003384,False,316
Panobinostat,-0.07306741816623236,False,317
Fludarabine,-0.07364907120751507,False,318
(5Z)-7-Oxozeaenol,-0.07428242422261838,False,319
BIBR-1532,-0.07595512149119332,False,320
S-Trityl-L-cysteine,-0.07611499002014382,False,321
YK-4-279,-0.07642622775933028,False,322
Linifanib,-0.07755351148180761,False,323
IOX2,-0.07853509246395446,False,324
PCI-34051,-0.07915521669367137,False,325
EHT-1864,-0.07950362149563561,False,326
Serdemetan,-0.08118500902837522,False,327
Kobe2602,-0.08275990154584278,False,328
AT13148,-0.08286952085285915,False,329
Ara-G,-0.08418073764986689,False,330
SB216763,-0.08495713546527911,False,331
Vinblastine,-0.08512284734624265,False,332
Voxtalisib,-0.0867837780585653,False,333
AT7867,-0.08872195936943833,False,334
UMI-77,-0.08884243982538576,False,335
RU-SKI 43,-0.08926334241146533,False,336
GNF-2,-0.08963027091886533,False,337
Z-LLNle-CHO,-0.09020235870072063,False,338
AZD1208,-0.09255474939437713,False,339
PFI-1,-0.09300362627138181,False,340
Vismodegib,-0.09349831607993547,False,341
Mycophenolic acid,-0.09430794750875626,False,342
Mitomycin-C,-0.09478339372475592,False,343
ETP-45835,-0.09529759512446007,False,344
P22077,-0.09911985915336857,False,345
Saracatinib,-0.09933845559952592,False,346
VE821,-0.0997947265658265,False,347
kb NB 142-70,-0.10034788602326289,False,348
Sabutoclax,-0.10103311053334707,False,349
BMS-509744,-0.10119853741553736,False,350
Wee1 Inhibitor,-0.10297956535806763,False,351
A-366,-0.10342154292277317,False,352
Midostaurin,-0.1040943723139654,True,353
GW441756,-0.10529483293973702,False,354
FH535,-0.10605464319613689,False,355
IMD-0354,-0.10822883034163683,False,356
GSK2830371,-0.10882330535879398,False,357
XAV939,-0.1103207612109548,False,358
SNX-2112,-0.11052926894659981,False,359
Dactinomycin,-0.1113478556949215,False,360
AZD5991,-0.112014806127408,False,361
GSK1059615,-0.11281819311778979,False,362
Trichostatin A,-0.11634809102006705,False,363
Navitoclax,-0.11919125588602941,False,364
AICA Ribonucleotide,-0.11933984510102214,False,365
Buparlisib,-0.11966867670121312,False,366
STF-62247,-0.12445940034424624,False,367
Piperlongumine,-0.12565111219362526,False,368
"eEF2K Inhibitor, A-484954",-0.1270630445467114,False,369
Vorinostat,-0.12923313004842318,False,370
CCT007093,-0.1320953298238421,False,371
Shikonin,-0.13232147906523953,False,372
PD173074,-0.13366378202323229,False,373
Cytarabine,-0.1341910052256146,False,374
"CAP-232, TT-232, TLN-232",-0.13500330624117995,True,375
GSK-LSD1,-0.137707432538064,False,376
Gemcitabine,-0.13919788610915468,False,377
Temozolomide,-0.13939009916036255,False,378
Obatoclax Mesylate,-0.14033407284996022,False,379
Phenformin,-0.1407259353923076,False,380
Selisistat,-0.14349293471865343,False,381
VX-702,-0.14487035779459595,False,382
Remodelin,-0.1538069443517105,False,383
Sinularin,-0.1558805981128984,False,384
Zoledronate,-0.15676006947326537,False,385
GSK-LSD1-2HCl,-0.15724865224235218,False,386
FTY-720,-0.1577395534236296,False,387
Embelin,-0.16547248255597236,False,388
Belinostat,-0.16693631190044764,False,389
LFM-A13,-0.16741574711941964,False,390
Tretinoin,-0.17117575641306398,False,391
Lenalidomide,-0.1746635040123914,False,392
TPCA-1,-0.18114579724273966,False,393
Pyrimethamine,-0.1818646487258147,False,394
AS605240,-0.18395817488544625,False,395
Mitoxantrone,-0.1871823788640765,False,396
POMHEX,-0.18754441733282134,False,397
PHA-793887,-0.19040281397401157,False,398
MIRA-1,-0.19112661584824928,False,399
ascorbate (vitamin C),-0.19232092422862765,False,400
UNC1215,-0.20044033127109592,False,401
glutathione,-0.20098356854203722,False,402
NSC319726,-0.20172213766808927,False,403
Leflunomide,-0.2103284892914486,False,404
Cyclopamine,-0.21693411052086928,False,405
Dacarbazine,-0.22677745179758166,False,406
Oxaliplatin,-0.227145868678127,False,407
Picolinici-acid,-0.23473167182820995,False,408
Tanespimycin,-0.2493498110784736,True,409
MG-132,-0.2503834643664096,False,410
L-Oxonoreleagnine,-0.2543674537232461,False,411
5-Fluorouracil,-0.26531701627295523,False,412
Paclitaxel,-0.26695849925765336,False,413
alpha-lipoic acid,-0.2881668196656739,False,414
Mirin,-0.29225311647076985,False,415
UNC0642,-0.2927032894881477,False,416
Cisplatin,-0.29570079346299327,False,417
Docetaxel,-0.2972256927980628,False,418
5-azacytidine,-0.3028287433147231,False,419
DMOG,-0.3085738615982834,False,420
Cyclophosphamide,-0.31141688299919956,False,421
C-75,-0.32046207244671276,False,422
N-acetyl cysteine,-0.321468305668457,False,423
Parthenolide,-0.3280804781234923,False,424
Fulvestrant,-0.3526832131474739,False,425
PRIMA-1MET,-0.35387779206991193,False,426
Temsirolimus,-0.3568556537765105,True,427
Bleomycin (50 uM),-0.3618843142487717,True,428
Bleomycin (10 uM),-0.3618843142487717,True,428
