drug_name,genes
TGX221,PIK3CB
WH-4-023,LCK;SRC
GSK269962A,ROCK1;ROCK2
Staurosporine,
Pazopanib,CSF1R;KIT;PDGFRA;PDGFRB
Midostaurin,FGR;FLT1;OTHERS;PPK;PRKCA
XMD8-85,BRD4;MAPK7
"CAP-232, TT-232, TLN-232",GLYCOLYSIS
Tanespimycin,HSP90AA1
AZD6482,PIK3CB
BX795,AURKB;AURKC;CHUK;IKBKB;PDPK1;TBK1
torin2,ATM;ATR;MTOR;PRKDC
THZ-1-87,BMX;BTK
FS112,
Bleomycin (10 uM),
CRT0105446,LCK;MTOR
Bleomycin (50 uM),
FEN1_3940,FEN1
HG6-64-1,BRAF
LDN-193189,BMP
THZ-2-49,CDK9
A-770041,FYN;LCK
Temsirolimus,MTOR
PARP_9495,PARP1;PARP2;PARP7
Luminespib,HSP90AA1
CCT245232,HSF1
Cabozantinib,AXL;FLT1;FLT3;FLT4;KDR;KIT;MET;RET;TEK
Dasatinib,ABL1;EPHRINS;KIT;PDGFRA;PDGFRB;SRC
Bryostatin 1,PRKCA
JNJ38877605,MET
Bortezomib,PSMB5
XMD8-92,MAPK7
HG-6-71-01,DDR1;DDR2;SRC
AZD6094,MET
Dactolisib,MTOR
CRT0105950,JNK1;JNK2;JNK3
Elesclomol,HSP90AA1
TW 37,BCL2;BCL2L1;MCL1
CHIR-99021,GSK3A;GSK3B
Ponatinib,ABL1;FGFR1;FLT3;KDR;PDGFRA;SRC;TEK
MG-132,CAPN1;PSMB5
AT7867,AKT1;AKT2
Piperlongumine,
FY012,
Tivozanib,FLT1;FLT4;KDR;KIT;PDGFRA;PDGFRB
PARP_9482,PARP1;PARP2;PARP5A
Cyclopamine,SMO
Embelin,XIAP
Bexarotene,
Saracatinib,ABL1;SRC
Docetaxel,
Capivasertib,AKT1;AKT2
FGFR_0939,FGFR4
AT13148,AKT1
Foretinib,EGFR;FGFR1;FLT4;KDR;MET;PDGFRA;PDGFRB;RON;TEK
Omipalisib,MTOR
CCT-018159,HSP90AA1
FS106,CHEK1
AZD8186,PIK3CA;PIK3CB
QL-XI-92,DDR1
Zibotentan,
ZL109,
AZ960,JAK2;JAK3
BAM7,
SNX-2112,HSP90AA1
WZ-1-84,BMX
Shikonin,
Linifanib,CSF1R;FLT1;FLT3;FLT4;KDR;KIT
Y-39983,ROCK1;ROCK2
AZD1332,NTRK1;NTRK2;NTRK3
PARP_0108,PARP1;PARP2;PARP6
Cisplatin,
QL-XII-61,BMX;BTK
AZD4547,FGFR1;FGFR2;FGFR3
Cediranib,FLT1;FLT2;FLT3;FLT4;KDR;KIT;PDGFRB
FGFR_3831,FGFR1;FGFR2;FGFR3;FGFR4
GSK429286A,ROCK1;ROCK2
GSK650394,SGK2;SGK3
ZG-10,JNK1
QL-VIII-58,ATR;MTOR
(5Z)-7-Oxozeaenol,TAK1
PF-562271,FAK2;PTK2
GNE-317,PIK3CA
ICL1100013,
BAY-HDAC11_1,HDAC11
DMOG,HIF-PH
ZL049,
Talazoparib,PARP1;PARP2
Vinblastine,
JAK3_7406,JAK3
Gemcitabine,
Epothilone B,
Pevonedistat,NAE1
SB216763,GSK3A;GSK3B
GSK-J4,KDM6B
AZ20,ATR
PI-103,CLK4;DAPK3;HIPK2;PIK3CA;PIM3
Rapamycin,MTOR
Olaparib,PARP1;PARP2
Telomerase Inhibitor IX,TELOMERASE
FY069,
LIMK1 inhibitor BMS4,LIMK1
EphB4_9721,EPHB4
ULK1_4989,ULK1
JAK_8517,JAK1;JAK2
AZD7969,GSK3B
JW-7-24-1,LCK
WIKI4,TNKS1;TNKS2
FH535,PPARDELTA;PPARGAMMA
QL-X-138,BTK
Romidepsin,HDAC1;HDAC2;HDAC3;HDAC8
JW-7-52-1,MTOR
KU-60019,ATM
AZD5363,AKT1;AKT2;AKT3;ROCK2
YK-4-279,
SN-38,TOP1
BAY-MPS-combo-1 (paclitaxel 5 uM),TTK
Axitinib,FLT1;FLT4;KDR;KIT;PDGFRA;PDGFRB
AZD4877,KIF11
IGFR_3801,IGFR1
Motesanib,FLT1;FLT4;KDR;KIT;PDGFRA;PDGFRB;RET
Thapsigargin,SERCA
Mycophenolic acid,
Doxorubicin,
AZD1480,JAK1;JAK2
Schweinfurthin A,
CAY10603,HDAC1;HDAC6
BPTES,GLS
TWS119,GSK3B
Selisistat,SIRT1
CCT245467,HSF1
MCT4_1422,SLC16A3
Entospletinib,SYK
Sepantronium bromide,BIRC5
Phenformin,
BAY-MPS1,TTK
CRT0160829,CDC7
XMD15-27,CAMK2
XAV939,TNKS1;TNKS2
Rucaparib,PARP1;PARP2
RO-3306,CDK1
LCL161,IAP1;IAP2;XIAP
LY2109761,TGFB1
Epirubicin,
AS601245,JNK1;JNK2
BAY-MPS-combo 2 (paclitaxel 1 uM),TTK
Seliciclib,CDK2;CDK7;CDK9
993-D2,MKNK1;MKNK2
KIN001-270,CDK9
FTI-277,
CCT007093,PPM1D
THZ-2-98-01,IRAK1
Daporinad,NAMPT
Dactinomycin,
Camptothecin,TOP1
CGP-60474,CDK1;CDK2;CDK5;CDK7;CDK9;PRKCA
Refametinib,MAP2K1;MAP2K2
Obatoclax Mesylate,BCL-W;BCL2;BCL2L1;MCL1
Tenovin-6,SIRT
Quizartinib,FLT3
ZM447439,AURKA;AURKB
LFM-A13,BTK
Buparlisib,PIK3CA;PIK3CB;PIK3CD;PIK3CG
ascorbate (vitamin C),
729189,
MCT1_6447,SLC16A1
TANK_1366,
Masitinib,KIT;PDGFRA;PDGFRB
AZD5438,CDK2
PIK-93,PK3CG
PLK_6522,PLK1;PLK2;PLK3
Savolitinib,MET
BIBF-1120,FGFR1;FGFR2;FGFR3;FLT1;FLT4;KDR;PDGFRA;PDGFRB
AZD6738,ATR
JNK-9L,JNK2;JNK3
PD173074,FGFR1;FGFR2;FGFR3
IOX2,EGLN1
Pictilisib,
IC-87114,PIK3CD
Belinostat,HDAC1
NVP-TAE684,ALK
Serdemetan,MDM2
FY026,
AZD2014,MTOR
ERK_2440,MAPK1;MAPK3
Temozolomide,
"Brivanib, BMS-540215",FLT1;FLT4;KDR;PDGFRA;PDGFRB
Idelalisib,PIK3CD
AGI-5198,
IMD-0354,IKBKB
Parthenolide,HDAC1
Afuresertib,AKT1;AKT2;AKT3
ARRY-520,KIF11
Cytarabine,
NU7441,PRKDC
BX-912,PDPK1
UMI-77,MCL1
KIN001-244,PDPK1
AZD7762,CHEK1;CHEK2
AZ628,BRAF
JNK Inhibitor VIII,MAPK8;MAPK9
BAY-HDAC11_2,HDAC11
BMS-754807,IGF1R;IR
HG-5-113-01,AURKA
Bleomycin,
FTY-720,S1P
OTX015,BRD2;BRD3;BRD4
Bicalutamide,AR
ETP-45835,MKNK1;MKNK2
AZ6102,TNKS1;TNKS2
123829,
Sphingosine Kinase 1 Inhibitor II,
Gallibiscoquinazole,
Nutlin-3a (-),MDM2
Dinaciclib,CDK1;CDK2;CDK5;CDK9
Palbociclib,CDK4;CDK6
OSI-930,KDR;KIT
A-443654,AKT1;AKT2;AKT3
743380,
SL0101,AURKB;PIM1;PIM3;RPS6KA1
QL-XII-47,BMX;BTK
SB52334,TGFBR1
IAP_7638,BIRC2;XIAP
741909,
XMD13-2,MRCKB
Topotecan,TOP1
OSU-03012,PDPK1
PLX-4720,BRAF
BDF00022089a,BRPF1;BRPF2;BRPF3
Trametinib,MAP2K1;MAP2K2
Fedratinib,JAK2
C-75,FAS
Vinorelbine,
BAY-HDAC11_4,HDAC11
BAY-61-3606,SYK
Alisertib,AURKA
rTRAIL,
TTK_3146,TTK
N23918-95-7,
BMS-509744,ITK
CDK9_5576,CDK9
IPA-3,PAK1
IGF1R_3801,IGFR1
PF-4708671,RPS6KB1
Etoposide,TOP2A;TOP2B
BIX02189,MAPK7;MEK5
Podophyllotoxin bromide,
OSI-027,MTOR
I-BET-151,BRD2;BRD3;BRD4
615590,
5-azacytidine,
VNLG/124,HDAC1;HDAC2;HDAC3;RARA
CZC24832,PIK3CG
TL-1-85,MAP4K2;TAK1
CX-5461,
AR-42,HDAC1
WYE-125132,MTOR
STF-62247,
GW-2580,CSF1R
Paclitaxel,
Irinotecan,TOP1
NSC-87877,
Amuvatinib,FLT3;KIT;PDGFRA
KIN001-042,GSK3B
KIN001-236,HDAC10;HDAC6
JQ1,BRD2;BRD3;BRD4;BRDT
Uprosertib,AKT1;AKT2;AKT3
GSK2256098C,FAK1
PFI-3,PB1;SMARCA2;SMARCA4
EHT-1864,RAC1;RAC2;RAC3
RVX-208,BRD4
Pyridostatin,
PFI-1,BRD4
GSK591,PMRT5
N-acetyl cysteine,METABOLISM
Cetuximab,EGFR
kb NB 142-70,PKD
Lestaurtinib,FLT3;JAK2;NTRK1;NTRK2;NTRK3
N27922-53-1,
GSK690693,AKT1;AKT2;AKT3
CI-1040,MAP2K1;MAP2K2
630600,
AMG-319,
SGC0946,DOT1L
Voxtalisib,MTOR;PRKDC
UNC0638,G9A
IRAK4_4710,IRAK4
GDC0810,ESR1;ESR2
Apitolisib,MTOR;PIK3CA
CUDC-101,EGFR;ERBB2;HDAC1-10
MN-64,TNKS1;TNKS2
L-Oxonoreleagnine,
PBD-288,
NG-25,M4K2;TAK1
Ipatasertib,AKT1;AKT2;AKT3
PHA-665752,MET
IAP_5620,BIRC2;XIAP
Mirin,MRE11
I-BET-762,BRD2;BRD3;BRD4
Bromosporine,BRD2;BRD4;BRD9;CECR2
BI-2536,PLK1;PLK2;PLK3
Avagacestat,
CAY10566,
AZD8931,EGFR;ERBB2;ERBB3
CDK9_5038,CDK9
JQ12,HDAC1;HDAC2
MIRA-1,TP53
Sorafenib,BRAF;FLT1;FLT4;KDR;KIT;PDGFRA;PDGFRB;RAF1
Tretinoin,
FMK,RPS6KA1
Mitoxantrone,TOP2A;TOP2B
UNC1215,L3MBTL3
KIN001-266,CDC7
GSK1059615,PIK3CA
CPI-613,METABO
Nilotinib,ABL1
Cyclophosphamide,
XMD11-50,LRRK2;MAPK7
GSK2606414,PERK
Genentech Cpd 10,AURKA;AURKB
XMD11-85h,LRRK2;MAPK7
GSK319347A,CHUK;IKBKB
Sabutoclax,BCL2;BCL2L1;BFL1;MCL1
Z-LLNle-CHO,PSEN1
Dihydrorotenone,
Vismodegib,SMO
HG-5-88-01,M4K2;TAK1
BDOCA000347a,BRPF1;BRPF2;BRPF3
Salubrinal,EIF2A
Taselisib,
N24798-49-A1,
PFI3,SMARCA2;SMARCA4
RAF_9304,ARAF;BRAF;RAF1
Mitomycin-C,
GSK-LSD1,KDM1
720427,
CP466722,ATM
BDP-00009066,
Veliparib,PARP1;PARP2
AGK2,BAZ2A;BAZ2B
Dyrk1b_0191,DYRK1B
AST-1306,EGFR;ERBB4
Ruxolitinib,JAK1;JAK2
JAK1_3715,JAK1
Sinularin,
LJI308,RSK1;RSK2;RSK3
PD0325901,MAP2K1;MAP2K2
CMK,RSK2
BMS-536924,IGF1R;IR
GSK2578215A,LRRK2
965-D2,MKNK1;MKNK2;PIM1;PIM3
MK-2206,AKT1;AKT2
KIN001-260,CDC7
GSK-LSD1-2HCl,KDM1A
GSK343,EZH2
Ribociclib,CDK4;CDK6
BIBR-1532,TERT
123138,
Tipifarnib,
AZD8835,PIK3CA;PIK3CD
Venetoclax,BCL2
776928,
Doramapimod,JNK2;MAPK14
THR-101,
IWP-2,PORCN
Sunitinib,CSF1R;FLT1;FLT3;FLT4;KDR;KIT;PDGFRA;PDGFRB;RET
VTP-B,
KU-55933,ATM
CP724714,ERBB2
Tamoxifen,ESR1
Niraparib,PARP1;PARP2
GSK1904529A,IGF1R;IR
"eEF2K Inhibitor, A-484954",EEF2K
WZ3105,FLT3;IRAK1;NTRK2;OTHERS;ROCK2;SRC
EPZ5676,DOT1L
QS11,ARFGAP1
Venotoclax,
AZD3514,AR
Selumetinib,MAP2K1;MAP2K2
Wee1 Inhibitor,CHEK1;WEE1
CGP-082996,CDK4
Tozasertib,AURKA;AURKB;AURKC;OTHERS
Teniposide,
AS605240,PIK3CG
"MetAP2 Inhibitor, A832234",METAP2
P22077,USP47;USP7
AZD8055,MTOR
LMP744,TOP1
GSK2110183B,AKT1;AKT2;AKT3
I-CBP112,CREBBP;EP300
Oxaliplatin,
UNC0642,G9A;GLP
MIM1,MCL-1
N22899-6-C1,
Kobe2602,
glutathione,
FR-180204,MAPK1;MAPK3
NVP-BHG712,ABL1;BRAF;EPHB4;RAF1;SRC
THZ-2-102-1,CDK7
Fulvestrant,ESR
BPD-00008900,
SB505124,ACVR1B;ACVR1C;TGFBR1
SU11274,MET
MPS-1-IN-1,TTK
YM201636,PIKFYVE
T0901317,FXR;LXR
BAY AKT1,AKT1;AKT2;AKT3
WEHI-539,BCL2L1
AKT inhibitor VIII,AKT1;AKT2;AKT3
Erlotinib,EGFR
OF-1,BRPF1B;BRPF2
Picolinici-acid,
N25720-51-A1,
AZD5153,BRD4
BDILV000379a,BAZ2A;BAZ2B
Ara-G,
Torin 2,MTOR
GW441756,NTRK1
TL-2-105,
NPK76-II-72-1,PLK3
XMD14-99,ALK;CDK7;LTK;OTHERS
Ispinesib Mesylate,KIF11
THR-102,
ERK_6604,MAPK1;MAPK3
Lenalidomide,CRBN
WHI-P97,JAK3
CPI-637,EP300
PRIMA-1MET,
Acetalax,
Fludarabine,
Flavopiridol,CDK1;CDK2
GNF-2,ABL1
ACY-1215,HDAC6
PI3Ka_4409,PIK3CA;PIK3CD
Zoledronate,
alpha-lipoic acid,METABOLISM
Lapatinib,EGFR;ERBB2
GSK626616AC,DYRK1A
Panobinostat,HDAC1;HDAC2;HDAC3
EPZ004777,DOT1L
Trichostatin A,HDAC1;HDAC2;HDAC3
Wnt-C59,PORCN
KRAS (G12C) Inhibitor-12,
SGC-CBP30,CREBBP;EP300
GSK2276186C,JAK1;JAK2;JAK3
TAF1_5496,TAF1
GSK2830371,WIP1
Crizotinib,ALK;MET;ROS1
Enzastaurin,PKCB
Dabrafenib,BRAF
Eg5_9814,KSP11
PHA-793887,CDK2;CDK5;CDK7
Alectinib,ALK
ZSTK474,
GW843682X,PLK1
A-83-01,TGFB
Nelarabine,
MK-8776,CDK2;CHEK1;CHEK2
VE821,ATR
Osimertinib,EGFR
AZD3759,EGFR
THR-103,
AGI-6780,
LMB_AB2,GADD34
50869,
PAC-1,
5-Fluorouracil,
GSK1070916,AURKA;AURKC
Tubastatin A,HDAC1;HDAC6;HDAC8
SB590885,BRAF
NVP-ADW742,IGF1R
Imatinib,ABL1;KIT;PDGFRA;PDGFRB
AICA Ribonucleotide,
Pilaralisib,PIK3CA
LGK974,PORCN
Pelitinib,EGFR
N29087-69-1,
VSP34_8731,VSP34
667880,
GSK2830371A,PPM1D
SCH772984,MAPK1;MAPK3
VX-11e,MAPK1
GSK2801,
A-366,EHMT1;EHMT2
AZD5582,BIRC2;XIAP
Pemetrexed,TYMS
VX-702,MAPK14
JAK1_8709,JAK1
PF-00299804,EGFR;ERBB2;ERBB4
150412,
Dacarbazine,CP11A
CT7033-2,KDM3A;KDM4A;KDM4C;KDM4E;KDM6B
I-BRD9,BRD9
WZ4003,NUAK1;NUAK2
PRT062607,SYK
Gefitinib,EGFR
TPCA-1,IKK2
NSC-207895,MDM4
Methotrexate,
UNC0379,SETD8
Alpelisib,PIK3CA
Ibrutinib,BTK
LMB_AB1,ADRA1A;ADRB1
Dacinostat,HDAC1
Elephantin,
Vorinostat,IIA;IIB;IV
VTP-A,
Leflunomide,
Sapitinib,EGFR;ERBB2;ERBB3
PCI-34051,HDAC1;HDAC6;HDAC8
BAY ACCi,ACACA
LMB_AB3,PPP1R15B
ABT737,BCL-B;BCL-W;BCL2;BCL2L1;BFL1
NSC319726,
ICL-SIRT078,SIR2
Afatinib,EGFR;ERBB2
AZD1208,PIM1;PIM2;PIM3
BEN,
HKMTI-1-005,
AT-7519,CDK1;CDK2;CDK4;CDK6;CDK9
VE-822,ATR
Entinostat,HDAC1;HDAC3
AZD5991,MCL1
N30652-18-1,
ML323,UAF1;USP1
Ulixertinib,MAPK1;MAPK3
BMS-345541,IKK-1;IKK-2
Bosutinib,ABL1;SRC;TEC
CD532,AURKA
RU-SKI 43,SHH
Linsitinib,IGF1R
CI-1033,EGFR;ERBB2;ERBB4
PAK_5339,PAK1;PAK2
765771,
S-Trityl-L-cysteine,KIF11
Navitoclax,BCL-W;BCL2;BCL2L1
MK-1775,PLK1;WEE1
GSK3337463A,NIK
Pyrimethamine,
TAK-715,P38ALPHA;P38BETA
Remodelin,
POMHEX,
