library,term,overlap,query_size,set_size,background_size,p,q,fold_enrichment,genes
KEGG_2021_Human,Cytosolic DNA-sensing pathway,3,36,3,285,0.0018702507026537125,0.10248228375719869,7.916666666666666,CHUK;IKBKB;TBK1
KEGG_2021_Human,Base excision repair,3,36,3,285,0.0018702507026537125,0.10248228375719869,7.916666666666666,FEN1;PARP1;PARP2
KEGG_2021_Human,NF-kappa B signaling pathway,6,36,13,285,0.002401928525559344,0.10248228375719869,3.6538461538461537,ATM;BTK;CHUK;IKBKB;LCK;PARP1
KEGG_2021_Human,mTOR signaling pathway,7,36,22,285,0.011865269612581861,0.22606817919498337,2.5189393939393936,BRAF;CHUK;IKBKB;MTOR;PDPK1;PIK3CB;PRKCA
KEGG_2021_Human,Prostate cancer,9,36,33,285,0.012466810865067214,0.22606817919498337,2.159090909090909,BRAF;CHUK;HSP90AA1;IKBKB;MTOR;PDGFRA;PDGFRB;PDPK1;PIK3CB
KEGG_2021_Human,Human cytomegalovirus infection,9,36,34,285,0.015387689850181541,0.22606817919498337,2.0955882352941178,CHUK;IKBKB;MTOR;PDGFRA;PIK3CB;PRKCA;ROCK1;ROCK2;TBK1
KEGG_2021_Human,Acute myeloid leukemia,7,36,23,285,0.015470095980636936,0.22606817919498337,2.4094202898550723,BRAF;CHUK;CSF1R;IKBKB;KIT;MTOR;PIK3CB
KEGG_2021_Human,Lipid and atherosclerosis,8,36,29,285,0.017717123430388795,0.22606817919498337,2.1839080459770117,CHUK;HSP90AA1;IKBKB;PDPK1;PIK3CB;PRKCA;ROCK2;TBK1
KEGG_2021_Human,Shigellosis,8,36,30,285,0.021912354476613348,0.22606817919498337,2.111111111111111,ATM;CHUK;IKBKB;MTOR;PIK3CB;ROCK1;ROCK2;TBK1
KEGG_2021_Human,Ras signaling pathway,10,36,42,285,0.02264955341360098,0.22606817919498337,1.884920634920635,CHUK;CSF1R;FLT1;IKBKB;KIT;PDGFRA;PDGFRB;PIK3CB;PRKCA;TBK1
KEGG_2021_Human,Phospholipase D signaling pathway,6,36,20,285,0.02744016821954999,0.22606817919498337,2.375,KIT;MTOR;PDGFRA;PDGFRB;PIK3CB;PRKCA
KEGG_2021_Human,RIG-I-like receptor signaling pathway,3,36,6,285,0.028426004134156947,0.22606817919498337,3.958333333333333,CHUK;IKBKB;TBK1
KEGG_2021_Human,PI3K-Akt signaling pathway,12,36,57,285,0.03212597918483358,0.22606817919498337,1.6666666666666665,CHUK;CSF1R;FLT1;HSP90AA1;IKBKB;KIT;MTOR;PDGFRA;PDGFRB;PDPK1;PIK3CB;PRKCA
KEGG_2021_Human,Focal adhesion,9,36,38,285,0.03239303165623709,0.22606817919498337,1.875,BRAF;FLT1;PDGFRA;PDGFRB;PDPK1;PIK3CB;PRKCA;ROCK1;ROCK2
KEGG_2021_Human,Leukocyte transendothelial migration,4,36,11,285,0.037124424518652215,0.22606817919498337,2.8787878787878785,PIK3CB;PRKCA;ROCK1;ROCK2
KEGG_2021_Human,IL-17 signaling pathway,4,36,11,285,0.037124424518652215,0.22606817919498337,2.8787878787878785,CHUK;HSP90AA1;IKBKB;TBK1
KEGG_2021_Human,Vascular smooth muscle contraction,4,36,11,285,0.037124424518652215,0.22606817919498337,2.8787878787878785,BRAF;PRKCA;ROCK1;ROCK2
KEGG_2021_Human,Th17 cell differentiation,5,36,16,285,0.03757456177247503,0.22606817919498337,2.473958333333333,CHUK;HSP90AA1;IKBKB;LCK;MTOR
KEGG_2021_Human,Rap1 signaling pathway,8,36,33,285,0.0387547217310961,0.22606817919498337,1.9191919191919193,BRAF;CSF1R;FLT1;KIT;PDGFRA;PDGFRB;PIK3CB;PRKCA
KEGG_2021_Human,Non-homologous end-joining,2,36,3,285,0.04296075878742793,0.22606817919498337,5.277777777777778,FEN1;PRKDC
KEGG_2021_Human,Hematopoietic cell lineage,2,36,3,285,0.04296075878742793,0.22606817919498337,5.277777777777778,CSF1R;KIT
KEGG_2021_Human,Primary immunodeficiency,2,36,3,285,0.04296075878742793,0.22606817919498337,5.277777777777778,BTK;LCK
KEGG_2021_Human,Aldosterone-regulated sodium reabsorption,3,36,7,285,0.045430216141417755,0.22606817919498337,3.392857142857143,PDPK1;PIK3CB;PRKCA
KEGG_2021_Human,Chemokine signaling pathway,7,36,28,285,0.04581170280296523,0.22606817919498337,1.9791666666666667,BRAF;CHUK;FGR;IKBKB;PIK3CB;ROCK1;ROCK2
KEGG_2021_Human,Coronavirus disease,5,36,17,285,0.0483403903657344,0.22606817919498337,2.3284313725490198,CHUK;IKBKB;PIK3CB;PRKCA;TBK1
KEGG_2021_Human,Spinocerebellar ataxia,4,36,12,285,0.05067394053654008,0.22606817919498337,2.638888888888889,MTOR;PIK3CB;PRKCA;PSMB5
KEGG_2021_Human,Glioma,6,36,23,285,0.053349045993199985,0.22606817919498337,2.0652173913043477,BRAF;MTOR;PDGFRA;PDGFRB;PIK3CB;PRKCA
KEGG_2021_Human,Choline metabolism in cancer,6,36,23,285,0.053349045993199985,0.22606817919498337,2.0652173913043477,MTOR;PDGFRA;PDGFRB;PDPK1;PIK3CB;PRKCA
KEGG_2021_Human,Human papillomavirus infection,8,36,35,285,0.05398847439124991,0.22606817919498337,1.8095238095238093,ATM;ATR;CHUK;IKBKB;MTOR;PDGFRB;PIK3CB;TBK1
KEGG_2021_Human,Apoptosis,7,36,29,285,0.05475088714878504,0.22606817919498337,1.910919540229885,ATM;CHUK;IKBKB;PARP1;PARP2;PDPK1;PIK3CB
KEGG_2021_Human,Yersinia infection,7,36,29,285,0.05475088714878504,0.22606817919498337,1.910919540229885,CHUK;IKBKB;LCK;PIK3CB;ROCK1;ROCK2;TBK1
KEGG_2021_Human,MicroRNAs in cancer,8,36,36,285,0.06291719972469284,0.25029663500874916,1.7592592592592593,ATM;IKBKB;MTOR;PDGFRA;PDGFRB;PIK3CB;PRKCA;ROCK1
KEGG_2021_Human,Osteoclast differentiation,6,36,24,285,0.06452960121319314,0.25029663500874916,1.9791666666666665,BTK;CHUK;CSF1R;IKBKB;LCK;PIK3CB
KEGG_2021_Human,Human immunodeficiency virus 1 infection,8,36,37,285,0.07275474836793783,0.2739002291498836,1.7117117117117115,ATM;ATR;CHUK;IKBKB;MTOR;PIK3CB;PRKCA;TBK1
KEGG_2021_Human,Insulin resistance,4,36,14,285,0.08491607733215896,0.3066981834287916,2.261904761904762,IKBKB;MTOR;PDPK1;PIK3CB
KEGG_2021_Human,Alzheimer disease,6,36,26,285,0.0908506542181833,0.3066981834287916,1.8269230769230769,BRAF;CHUK;IKBKB;MTOR;PIK3CB;PSMB5
KEGG_2021_Human,Adipocytokine signaling pathway,3,36,9,285,0.09105102320542252,0.3066981834287916,2.638888888888889,CHUK;IKBKB;MTOR
KEGG_2021_Human,Type II diabetes mellitus,3,36,9,285,0.09105102320542252,0.3066981834287916,2.638888888888889,IKBKB;MTOR;PIK3CB
KEGG_2021_Human,PD-L1 expression and PD-1 checkpoint pathway in cancer,5,36,21,285,0.10824768488046303,0.3463925916174817,1.884920634920635,CHUK;IKBKB;LCK;MTOR;PIK3CB
KEGG_2021_Human,Herpes simplex virus 1 infection,5,36,21,285,0.10824768488046303,0.3463925916174817,1.884920634920635,CHUK;IKBKB;MTOR;PIK3CB;TBK1
KEGG_2021_Human,Phosphatidylinositol signaling system,2,36,5,285,0.1214490462915249,0.37258126075508835,3.166666666666667,PIK3CB;PRKCA
KEGG_2021_Human,Regulation of actin cytoskeleton,6,36,28,285,0.12239071536548794,0.37258126075508835,1.6964285714285714,BRAF;PDGFRA;PDGFRB;PIK3CB;ROCK1;ROCK2
KEGG_2021_Human,NOD-like receptor signaling pathway,4,36,16,285,0.12807480838456162,0.37258126075508835,1.9791666666666665,CHUK;HSP90AA1;IKBKB;TBK1
KEGG_2021_Human,Platelet activation,4,36,16,285,0.12807480838456162,0.37258126075508835,1.9791666666666665,BTK;PIK3CB;ROCK1;ROCK2
KEGG_2021_Human,Pathways in cancer,13,36,77,285,0.1335145072977565,0.37977459853584067,1.3365800865800865,BRAF;CHUK;CSF1R;HSP90AA1;IKBKB;KIT;MTOR;PDGFRA;PDGFRB;PIK3CB;PRKCA;ROCK1;ROCK2
KEGG_2021_Human,Insulin signaling pathway,5,36,23,285,0.14784277075572289,0.38301735019238325,1.721014492753623,BRAF;IKBKB;MTOR;PDPK1;PIK3CB
KEGG_2021_Human,Influenza A,5,36,23,285,0.14784277075572289,0.38301735019238325,1.721014492753623,CHUK;IKBKB;PIK3CB;PRKCA;TBK1
KEGG_2021_Human,Th1 and Th2 cell differentiation,3,36,11,285,0.1496264666065696,0.38301735019238325,2.1590909090909087,CHUK;IKBKB;LCK
KEGG_2021_Human,Amyotrophic lateral sclerosis,3,36,11,285,0.1496264666065696,0.38301735019238325,2.1590909090909087,MTOR;PSMB5;TBK1
KEGG_2021_Human,Transcriptional misregulation in cancer,4,36,17,285,0.1526084754672777,0.38301735019238325,1.8627450980392157,ATM;CDK9;CSF1R;FLT1
KEGG_2021_Human,Diabetic cardiomyopathy,4,36,17,285,0.1526084754672777,0.38301735019238325,1.8627450980392157,MTOR;PARP1;PIK3CB;PRKCA
KEGG_2021_Human,Amoebiasis,2,36,6,285,0.16796056737020892,0.3950947818039587,2.638888888888889,PIK3CB;PRKCA
KEGG_2021_Human,Hepatitis C,5,36,24,285,0.1697672890563885,0.3950947818039587,1.6493055555555556,BRAF;CHUK;IKBKB;PIK3CB;TBK1
KEGG_2021_Human,Sphingolipid signaling pathway,5,36,24,285,0.1697672890563885,0.3950947818039587,1.6493055555555556,PDPK1;PIK3CB;PRKCA;ROCK1;ROCK2
KEGG_2021_Human,Pathways of neurodegeneration,5,36,24,285,0.1697672890563885,0.3950947818039587,1.6493055555555556,BRAF;MTOR;PRKCA;PSMB5;TBK1
KEGG_2021_Human,Human T-cell leukemia virus 1 infection,6,36,31,285,0.1787884359842133,0.4016106369141257,1.532258064516129,ATM;ATR;CHUK;IKBKB;LCK;PIK3CB
KEGG_2021_Human,Pathogenic Escherichia coli infection,4,36,18,285,0.1788422367508216,0.4016106369141257,1.7592592592592593,CHUK;IKBKB;ROCK1;ROCK2
KEGG_2021_Human,T cell receptor signaling pathway,5,36,25,285,0.19295183714444886,0.4092369593359297,1.5833333333333333,CHUK;IKBKB;LCK;PDPK1;PIK3CB
KEGG_2021_Human,Salmonella infection,5,36,25,285,0.19295183714444886,0.4092369593359297,1.5833333333333333,CHUK;HSP90AA1;IKBKB;PIK3CB;ROCK2
KEGG_2021_Human,MAPK signaling pathway,9,36,53,285,0.20069371799052307,0.4092369593359297,1.3443396226415094,BRAF;CHUK;CSF1R;FLT1;IKBKB;KIT;PDGFRA;PDGFRB;PRKCA
KEGG_2021_Human,Proteoglycans in cancer,7,36,39,285,0.20238756636066127,0.4092369593359297,1.4209401709401708,BRAF;MTOR;PDPK1;PIK3CB;PRKCA;ROCK1;ROCK2
KEGG_2021_Human,Natural killer cell mediated cytotoxicity,4,36,19,285,0.2065498048480479,0.4092369593359297,1.6666666666666667,BRAF;LCK;PIK3CB;PRKCA
KEGG_2021_Human,Toll-like receptor signaling pathway,4,36,19,285,0.2065498048480479,0.4092369593359297,1.6666666666666667,CHUK;IKBKB;PIK3CB;TBK1
KEGG_2021_Human,B cell receptor signaling pathway,4,36,19,285,0.2065498048480479,0.4092369593359297,1.6666666666666667,BTK;CHUK;IKBKB;PIK3CB
KEGG_2021_Human,Serotonergic synapse,2,36,7,285,0.21697270786172532,0.4092369593359297,2.261904761904762,BRAF;PRKCA
KEGG_2021_Human,Axon guidance,5,36,26,285,0.21726164260308342,0.4092369593359297,1.5224358974358974,PDPK1;PIK3CB;PRKCA;ROCK1;ROCK2
KEGG_2021_Human,Oxytocin signaling pathway,3,36,13,285,0.21740713464721265,0.4092369593359297,1.8269230769230769,PRKCA;ROCK1;ROCK2
KEGG_2021_Human,Gap junction,3,36,13,285,0.21740713464721265,0.4092369593359297,1.8269230769230769,PDGFRA;PDGFRB;PRKCA
KEGG_2021_Human,JAK-STAT signaling pathway,4,36,20,285,0.23549431794961448,0.4368590246021834,1.5833333333333335,MTOR;PDGFRA;PDGFRB;PIK3CB
KEGG_2021_Human,Calcium signaling pathway,4,36,21,285,0.26543470220117965,0.4585384755720592,1.5079365079365081,FLT1;PDGFRA;PDGFRB;PRKCA
KEGG_2021_Human,Fluid shear stress and atherosclerosis,4,36,21,285,0.26543470220117965,0.4585384755720592,1.5079365079365081,CHUK;HSP90AA1;IKBKB;PIK3CB
KEGG_2021_Human,Tight junction,2,36,8,285,0.2671601994441654,0.4585384755720592,1.9791666666666665,ROCK1;ROCK2
KEGG_2021_Human,Hepatitis B,6,36,35,285,0.2678284380350432,0.4585384755720592,1.357142857142857,BRAF;CHUK;IKBKB;PIK3CB;PRKCA;TBK1
KEGG_2021_Human,FoxO signaling pathway,6,36,35,285,0.2678284380350432,0.4585384755720592,1.357142857142857,ATM;BRAF;CHUK;IKBKB;PDPK1;PIK3CB
KEGG_2021_Human,Central carbon metabolism in cancer,5,36,28,285,0.26867488803050343,0.4585384755720592,1.4136904761904763,KIT;MTOR;PDGFRA;PDGFRB;PIK3CB
KEGG_2021_Human,AMPK signaling pathway,3,36,15,285,0.2905638875289899,0.47980744386775115,1.5833333333333335,MTOR;PDPK1;PIK3CB
KEGG_2021_Human,Epstein-Barr virus infection,5,36,29,285,0.29547467971524205,0.47980744386775115,1.3649425287356323,BTK;CHUK;IKBKB;PIK3CB;TBK1
KEGG_2021_Human,Autophagy,4,36,22,285,0.29613115676212765,0.47980744386775115,1.4393939393939392,MTOR;PDPK1;PIK3CB;TBK1
KEGG_2021_Human,Fc epsilon RI signaling pathway,4,36,22,285,0.29613115676212765,0.47980744386775115,1.4393939393939392,BTK;PDPK1;PIK3CB;PRKCA
KEGG_2021_Human,Inflammatory mediator regulation of TRP channels,2,36,9,285,0.31747710694094905,0.48827738393533066,1.7592592592592593,PIK3CB;PRKCA
KEGG_2021_Human,Long-term depression,2,36,9,285,0.31747710694094905,0.48827738393533066,1.7592592592592593,BRAF;PRKCA
KEGG_2021_Human,Pancreatic cancer,5,36,30,285,0.3227979048313232,0.48827738393533066,1.3194444444444444,BRAF;CHUK;IKBKB;MTOR;PIK3CB
KEGG_2021_Human,Measles,4,36,23,285,0.32734976434242313,0.48827738393533066,1.3768115942028984,CHUK;IKBKB;PIK3CB;TBK1
KEGG_2021_Human,Melanoma,4,36,23,285,0.32734976434242313,0.48827738393533066,1.3768115942028984,BRAF;PDGFRA;PDGFRB;PIK3CB
KEGG_2021_Human,cAMP signaling pathway,4,36,23,285,0.32734976434242313,0.48827738393533066,1.3768115942028984,BRAF;PIK3CB;ROCK1;ROCK2
KEGG_2021_Human,TNF signaling pathway,3,36,16,285,0.3280613673315503,0.48827738393533066,1.484375,CHUK;IKBKB;PIK3CB
KEGG_2021_Human,Kaposi sarcoma-associated herpesvirus infection,5,36,31,285,0.3504920334557674,0.494632907187558,1.2768817204301075,CHUK;IKBKB;MTOR;PIK3CB;TBK1
KEGG_2021_Human,Non-small cell lung cancer,4,36,24,285,0.3588662593996301,0.494632907187558,1.3194444444444444,BRAF;PDPK1;PIK3CB;PRKCA
KEGG_2021_Human,Thyroid hormone signaling pathway,4,36,24,285,0.3588662593996301,0.494632907187558,1.3194444444444444,MTOR;PDPK1;PIK3CB;PRKCA
KEGG_2021_Human,HIF-1 signaling pathway,4,36,24,285,0.3588662593996301,0.494632907187558,1.3194444444444444,FLT1;MTOR;PIK3CB;PRKCA
KEGG_2021_Human,Small cell lung cancer,3,36,17,285,0.36565841558817996,0.494632907187558,1.3970588235294117,CHUK;IKBKB;PIK3CB
KEGG_2021_Human,Huntington disease,2,36,10,285,0.3671103608032657,0.494632907187558,1.5833333333333335,MTOR;PSMB5
KEGG_2021_Human,Epithelial cell signaling in Helicobacter pylori infection,2,36,10,285,0.3671103608032657,0.494632907187558,1.5833333333333335,CHUK;IKBKB
KEGG_2021_Human,"Parathyroid hormone synthesis, secretion and action",2,36,10,285,0.3671103608032657,0.494632907187558,1.5833333333333335,BRAF;PRKCA
KEGG_2021_Human,Melanogenesis,2,36,10,285,0.3671103608032657,0.494632907187558,1.5833333333333335,KIT;PRKCA
KEGG_2021_Human,Chronic myeloid leukemia,4,36,25,285,0.39046900649585514,0.5206253419944735,1.2666666666666666,BRAF;CHUK;IKBKB;PIK3CB
KEGG_2021_Human,Endometrial cancer,3,36,18,285,0.403021651355652,0.5263956262604434,1.3194444444444444,BRAF;PDPK1;PIK3CB
KEGG_2021_Human,Chagas disease,3,36,18,285,0.403021651355652,0.5263956262604434,1.3194444444444444,CHUK;IKBKB;PIK3CB
KEGG_2021_Human,Long-term potentiation,2,36,11,285,0.415440115069198,0.5371346942308822,1.4393939393939392,BRAF;PRKCA
KEGG_2021_Human,Chemical carcinogenesis,4,36,26,285,0.4219612544763591,0.5401104057297397,1.2179487179487178,HSP90AA1;MTOR;PIK3CB;PRKCA
KEGG_2021_Human,C-type lectin receptor signaling pathway,3,36,19,285,0.4398601225758275,0.5574464919772864,1.25,CHUK;IKBKB;PIK3CB
KEGG_2021_Human,Breast cancer,4,36,27,285,0.45316273971740917,0.5686748106257684,1.1728395061728396,BRAF;KIT;MTOR;PIK3CB
KEGG_2021_Human,Necroptosis,2,36,12,285,0.46200600969038874,0.5741433906832015,1.3194444444444444,HSP90AA1;PARP1
KEGG_2021_Human,ErbB signaling pathway,4,36,28,285,0.48391071499856025,0.5874976921644468,1.130952380952381,BRAF;MTOR;PIK3CB;PRKCA
KEGG_2021_Human,cGMP-PKG signaling pathway,2,36,13,285,0.5064785324255117,0.5874976921644468,1.2179487179487178,ROCK1;ROCK2
KEGG_2021_Human,Wnt signaling pathway,2,36,13,285,0.5064785324255117,0.5874976921644468,1.2179487179487178,PRKCA;ROCK2
KEGG_2021_Human,GnRH secretion,2,36,13,285,0.5064785324255117,0.5874976921644468,1.2179487179487178,PIK3CB;PRKCA
KEGG_2021_Human,Prion disease,2,36,13,285,0.5064785324255117,0.5874976921644468,1.2179487179487178,PIK3CB;PSMB5
KEGG_2021_Human,Toxoplasmosis,3,36,21,285,0.5110063386887636,0.5874976921644468,1.130952380952381,CHUK;IKBKB;PDPK1
KEGG_2021_Human,"Growth hormone synthesis, secretion and action",3,36,21,285,0.5110063386887636,0.5874976921644468,1.130952380952381,MTOR;PIK3CB;PRKCA
KEGG_2021_Human,Hepatocellular carcinoma,4,36,29,285,0.514060480643891,0.5874976921644468,1.0919540229885059,BRAF;MTOR;PIK3CB;PRKCA
KEGG_2021_Human,Cellular senescence,4,36,29,285,0.514060480643891,0.5874976921644468,1.0919540229885059,ATM;ATR;MTOR;PIK3CB
KEGG_2021_Human,Neurotrophin signaling pathway,4,36,30,285,0.5434854923073628,0.6106543615274814,1.0555555555555556,BRAF;IKBKB;PDPK1;PIK3CB
KEGG_2021_Human,Progesterone-mediated oocyte maturation,3,36,22,285,0.5449339989929696,0.6106543615274814,1.0795454545454544,BRAF;HSP90AA1;PIK3CB
KEGG_2021_Human,Cholinergic synapse,2,36,14,285,0.5486347779348466,0.6106543615274814,1.130952380952381,PIK3CB;PRKCA
KEGG_2021_Human,Cell cycle,3,36,23,285,0.5775716341905512,0.6373204239344014,1.0326086956521738,ATM;ATR;PRKDC
KEGG_2021_Human,p53 signaling pathway,2,36,15,285,0.5883379918434399,0.6381971436945789,1.0555555555555556,ATM;ATR
KEGG_2021_Human,Non-alcoholic fatty liver disease,2,36,15,285,0.5883379918434399,0.6381971436945789,1.0555555555555556,IKBKB;PIK3CB
KEGG_2021_Human,Longevity regulating pathway,2,36,16,285,0.6255203667737097,0.6728286298070155,0.9895833333333333,MTOR;PIK3CB
KEGG_2021_Human,Neutrophil extracellular trap formation,3,36,25,285,0.6385897481604321,0.6811623980377942,0.95,MTOR;PIK3CB;PRKCA
KEGG_2021_Human,Fc gamma R-mediated phagocytosis,2,36,17,285,0.6601686269317806,0.698360200390644,0.9313725490196079,PIK3CB;PRKCA
KEGG_2021_Human,Estrogen signaling pathway,2,36,18,285,0.6923119988787967,0.7159287752324208,0.8796296296296297,HSP90AA1;PIK3CB
KEGG_2021_Human,Gastric cancer,3,36,27,285,0.6935560010064077,0.7159287752324208,0.8796296296296297,BRAF;MTOR;PIK3CB
KEGG_2021_Human,Colorectal cancer,3,36,27,285,0.6935560010064077,0.7159287752324208,0.8796296296296297,BRAF;MTOR;PIK3CB
KEGG_2021_Human,Relaxin signaling pathway,2,36,19,285,0.7220122196203222,0.7276973552078838,0.8333333333333334,PIK3CB;PRKCA
KEGG_2021_Human,VEGF signaling pathway,2,36,19,285,0.7220122196203222,0.7276973552078838,0.8333333333333334,PIK3CB;PRKCA
KEGG_2021_Human,AGE-RAGE signaling pathway in diabetic complications,2,36,19,285,0.7220122196203222,0.7276973552078838,0.8333333333333334,PIK3CB;PRKCA
KEGG_2021_Human,Renal cell carcinoma,2,36,21,285,0.7744446422273021,0.7744446422273021,0.7539682539682541,BRAF;PIK3CB
Reactome_2022,Downstream TCR Signaling R-HSA-202424,6,36,7,285,1.753543368841457e-05,0.004401393855792057,6.785714285714286,CHUK;IKBKB;LCK;PDPK1;PIK3CB;PSMB5
Reactome_2022,TCR Signaling R-HSA-202403,6,36,8,285,6.367072874915077e-05,0.005509000045637049,5.9375,CHUK;IKBKB;LCK;PDPK1;PIK3CB;PSMB5
Reactome_2022,Adaptive Immune System R-HSA-1280218,9,36,18,285,6.584462205940696e-05,0.005509000045637049,3.9583333333333335,BTK;CHUK;IKBKB;LCK;MTOR;PDPK1;PIK3CB;PRKCA;PSMB5
Reactome_2022,Infectious Disease R-HSA-5663205,15,36,50,285,0.00021666189037947384,0.006702625634083135,2.375,BTK;CDK9;CHUK;FEN1;FGR;HSP90AA1;IKBKB;LCK;PARP1;PDPK1;PRKCA;PSMB5;ROCK1;ROCK2;TBK1
Reactome_2022,Antigen processing-Cross Presentation R-HSA-1236975,4,36,4,285,0.00021885912477862598,0.006702625634083135,7.916666666666666,BTK;CHUK;IKBKB;PSMB5
Reactome_2022,FCERI Mediated NF-kB Activation R-HSA-2871837,4,36,4,285,0.00021885912477862598,0.006702625634083135,7.916666666666666,CHUK;IKBKB;PDPK1;PSMB5
Reactome_2022,ER-Phagosome Pathway R-HSA-1236974,4,36,4,285,0.00021885912477862598,0.006702625634083135,7.916666666666666,BTK;CHUK;IKBKB;PSMB5
Reactome_2022,Class I MHC Mediated Antigen Processing And Presentation R-HSA-983169,4,36,4,285,0.00021885912477862598,0.006702625634083135,7.916666666666666,BTK;CHUK;IKBKB;PSMB5
Reactome_2022,Disease R-HSA-1643685,22,36,95,285,0.000240333190066726,0.006702625634083135,1.8333333333333333,ATM;BRAF;BTK;CDK9;CHUK;FEN1;FGR;HSP90AA1;IKBKB;KIT;LCK;MTOR;PARP1;PDGFRA;PDGFRB;PDPK1;PIK3CB;PRKCA;PSMB5;ROCK1;ROCK2;TBK1
Reactome_2022,Innate Immune System R-HSA-168249,13,36,43,285,0.0006516415364029335,0.01635620256371363,2.393410852713178,BTK;CHUK;FGR;HSP90AA1;IKBKB;LCK;PDPK1;PIK3CB;PRKCA;PRKDC;PSMB5;ROCK1;TBK1
Reactome_2022,Signaling By VEGF R-HSA-194138,8,36,19,285,0.0008218990634027881,0.018754242264918165,3.3333333333333335,FLT1;HSP90AA1;MTOR;PDPK1;PIK3CB;PRKCA;ROCK1;ROCK2
Reactome_2022,Immune System R-HSA-168256,15,36,57,285,0.001162535747128976,0.020410127233307904,2.0833333333333335,BTK;CHUK;CSF1R;FGR;HSP90AA1;IKBKB;LCK;MTOR;PDPK1;PIK3CB;PRKCA;PRKDC;PSMB5;ROCK1;TBK1
Reactome_2022,Signaling By Rho GTPases R-HSA-194315,8,36,21,285,0.001825326347250488,0.020410127233307904,3.0158730158730163,AURKB;BTK;HSP90AA1;LCK;PDPK1;PRKCA;ROCK1;ROCK2
Reactome_2022,"Signaling By Rho GTPases, Miro GTPases And RHOBTB3 R-HSA-9716542",8,36,21,285,0.001825326347250488,0.020410127233307904,3.0158730158730163,AURKB;BTK;HSP90AA1;LCK;PDPK1;PRKCA;ROCK1;ROCK2
Reactome_2022,POLB-Dependent Long Patch Base Excision Repair R-HSA-110362,3,36,3,285,0.0018702507026537125,0.020410127233307904,7.916666666666666,FEN1;PARP1;PARP2
Reactome_2022,ZBP1(DAI) Mediated Induction Of Type I IFNs R-HSA-1606322,3,36,3,285,0.0018702507026537125,0.020410127233307904,7.916666666666666,CHUK;IKBKB;TBK1
Reactome_2022,Resolution Of Abasic Sites (AP Sites) R-HSA-73933,3,36,3,285,0.0018702507026537125,0.020410127233307904,7.916666666666666,FEN1;PARP1;PARP2
Reactome_2022,Resolution Of AP Sites Via Multiple-Nucleotide Patch Replacement Pathway R-HSA-110373,3,36,3,285,0.0018702507026537125,0.020410127233307904,7.916666666666666,FEN1;PARP1;PARP2
Reactome_2022,Downstream Signaling Events Of B Cell Receptor (BCR) R-HSA-1168372,3,36,3,285,0.0018702507026537125,0.020410127233307904,7.916666666666666,CHUK;IKBKB;PSMB5
Reactome_2022,RHOH GTPase Cycle R-HSA-9013407,3,36,3,285,0.0018702507026537125,0.020410127233307904,7.916666666666666,LCK;ROCK1;ROCK2
Reactome_2022,Activation Of NF-kappaB In B Cells R-HSA-1169091,3,36,3,285,0.0018702507026537125,0.020410127233307904,7.916666666666666,CHUK;IKBKB;PSMB5
Reactome_2022,RHOBTB GTPase Cycle R-HSA-9706574,3,36,3,285,0.0018702507026537125,0.020410127233307904,7.916666666666666,HSP90AA1;ROCK1;ROCK2
Reactome_2022,Base Excision Repair R-HSA-73884,3,36,3,285,0.0018702507026537125,0.020410127233307904,7.916666666666666,FEN1;PARP1;PARP2
Reactome_2022,VEGFA-VEGFR2 Pathway R-HSA-4420097,7,36,17,285,0.0022011249660513718,0.023020098603287263,3.2598039215686274,HSP90AA1;MTOR;PDPK1;PIK3CB;PRKCA;ROCK1;ROCK2
Reactome_2022,Signaling By B Cell Receptor (BCR) R-HSA-983705,4,36,6,285,0.002712317684152803,0.02521450884156865,5.277777777777778,BTK;CHUK;IKBKB;PSMB5
Reactome_2022,DDX58/IFIH1-mediated Induction Of Interferon-Alpha/Beta R-HSA-168928,4,36,6,285,0.002712317684152803,0.02521450884156865,5.277777777777778,CHUK;HSP90AA1;IKBKB;TBK1
Reactome_2022,CLEC7A (Dectin-1) Signaling R-HSA-5607764,4,36,6,285,0.002712317684152803,0.02521450884156865,5.277777777777778,CHUK;IKBKB;PDPK1;PSMB5
Reactome_2022,C-type Lectin Receptors (CLRs) R-HSA-5621481,5,36,10,285,0.0038708365247029338,0.03469928456072987,3.9583333333333335,CHUK;IKBKB;PDPK1;PRKCA;PSMB5
Reactome_2022,HIV Infection R-HSA-162906,4,36,7,285,0.005753721457809208,0.04135722493721103,4.523809523809524,CDK9;FEN1;LCK;PSMB5
Reactome_2022,Autophagy R-HSA-9612973,4,36,7,285,0.005753721457809208,0.04135722493721103,4.523809523809524,ATM;HSF1;HSP90AA1;MTOR
Reactome_2022,Macroautophagy R-HSA-1632852,4,36,7,285,0.005753721457809208,0.04135722493721103,4.523809523809524,ATM;HSF1;HSP90AA1;MTOR
Reactome_2022,RHO GTPase Cycle R-HSA-9012999,4,36,7,285,0.005753721457809208,0.04135722493721103,4.523809523809524,HSP90AA1;LCK;ROCK1;ROCK2
Reactome_2022,SARS-CoV-2 Activates/Modulates Innate And Adaptive Immune Responses R-HSA-9705671,4,36,7,285,0.005753721457809208,0.04135722493721103,4.523809523809524,CHUK;HSP90AA1;IKBKB;TBK1
Reactome_2022,Cytosolic Sensors Of Pathogen-Associated DNA R-HSA-1834949,4,36,7,285,0.005753721457809208,0.04135722493721103,4.523809523809524,CHUK;IKBKB;PRKDC;TBK1
Reactome_2022,Fc Epsilon Receptor (FCERI) Signaling R-HSA-2454202,6,36,15,285,0.005766943716344167,0.04135722493721103,3.166666666666667,BTK;CHUK;IKBKB;PDPK1;PIK3CB;PSMB5
Reactome_2022,SARS-CoV-2-host Interactions R-HSA-9705683,5,36,11,285,0.006442049403765631,0.0417787996220981,3.598484848484848,CHUK;HSP90AA1;IKBKB;PDPK1;TBK1
Reactome_2022,SARS-CoV Infections R-HSA-9679506,8,36,25,285,0.006588989925346803,0.0417787996220981,2.533333333333333,BTK;CHUK;HSP90AA1;IKBKB;PDPK1;ROCK1;ROCK2;TBK1
Reactome_2022,Diseases Associated With TLR Signaling Cascade R-HSA-5602358,3,36,4,285,0.006824425436278972,0.0417787996220981,5.9375,BTK;CHUK;IKBKB
Reactome_2022,G Alpha (12/13) Signaling Events R-HSA-416482,3,36,4,285,0.006824425436278972,0.0417787996220981,5.9375,BTK;ROCK1;ROCK2
Reactome_2022,Host Interactions Of HIV Factors R-HSA-162909,3,36,4,285,0.006824425436278972,0.0417787996220981,5.9375,CDK9;LCK;PSMB5
Reactome_2022,HDR Thru MMEJ (alt-NHEJ) R-HSA-5685939,3,36,4,285,0.006824425436278972,0.0417787996220981,5.9375,FEN1;PARP1;PARP2
Reactome_2022,Signaling By Receptor Tyrosine Kinases R-HSA-9006934,13,36,56,285,0.010267361871241401,0.06107776320456255,1.837797619047619,BRAF;FLT1;HSP90AA1;KIT;LCK;MTOR;PDGFRA;PDGFRB;PDPK1;PIK3CB;PRKCA;ROCK1;ROCK2
Reactome_2022,Homology Directed Repair R-HSA-5693538,4,36,8,285,0.010463521186439001,0.06107776320456255,3.958333333333333,ATM;FEN1;PARP1;PARP2
Reactome_2022,DNA Double-Strand Break Repair R-HSA-5693532,5,36,13,285,0.014790057456199678,0.06202951409837896,3.0448717948717947,ATM;FEN1;PARP1;PARP2;PRKDC
Reactome_2022,Signaling By Interleukins R-HSA-449147,9,36,34,285,0.015387689850181541,0.06202951409837896,2.0955882352941178,CHUK;CSF1R;HSP90AA1;IKBKB;LCK;PIK3CB;PRKCA;PSMB5;TBK1
Reactome_2022,TRAF6 Mediated NF-kB Activation R-HSA-933542,2,36,2,285,0.015567086730911785,0.06202951409837896,7.916666666666666,CHUK;IKBKB
Reactome_2022,RIP-mediated NFkB Activation Via ZBP1 R-HSA-1810476,2,36,2,285,0.015567086730911785,0.06202951409837896,7.916666666666666,CHUK;IKBKB
Reactome_2022,RHOC GTPase Cycle R-HSA-9013106,2,36,2,285,0.015567086730911785,0.06202951409837896,7.916666666666666,ROCK1;ROCK2
Reactome_2022,DNA Damage Recognition In GG-NER R-HSA-5696394,2,36,2,285,0.015567086730911785,0.06202951409837896,7.916666666666666,PARP1;PARP2
Reactome_2022,RHOBTB1 GTPase Cycle R-HSA-9013422,2,36,2,285,0.015567086730911785,0.06202951409837896,7.916666666666666,ROCK1;ROCK2
Reactome_2022,NIK To Noncanonical NF-kB Signaling R-HSA-5676590,2,36,2,285,0.015567086730911785,0.06202951409837896,7.916666666666666,CHUK;PSMB5
Reactome_2022,IkBA Variant Leads To EDA-ID R-HSA-5603029,2,36,2,285,0.015567086730911785,0.06202951409837896,7.916666666666666,CHUK;IKBKB
Reactome_2022,RHOB GTPase Cycle R-HSA-9013026,2,36,2,285,0.015567086730911785,0.06202951409837896,7.916666666666666,ROCK1;ROCK2
Reactome_2022,RHOA GTPase Cycle R-HSA-8980692,2,36,2,285,0.015567086730911785,0.06202951409837896,7.916666666666666,ROCK1;ROCK2
Reactome_2022,Dual Incision In GG-NER R-HSA-5696400,2,36,2,285,0.015567086730911785,0.06202951409837896,7.916666666666666,PARP1;PARP2
Reactome_2022,NF-kB Activation Thru FADD/RIP-1 Pathway Mediated By Caspase-8 And -10 R-HSA-933543,2,36,2,285,0.015567086730911785,0.06202951409837896,7.916666666666666,CHUK;IKBKB
Reactome_2022,Degradation Of GLI1 By Proteasome R-HSA-5610780,2,36,2,285,0.015567086730911785,0.06202951409837896,7.916666666666666,PRKCA;PSMB5
Reactome_2022,Dectin-1 Mediated Noncanonical NF-kB Signaling R-HSA-5607761,2,36,2,285,0.015567086730911785,0.06202951409837896,7.916666666666666,CHUK;PSMB5
Reactome_2022,Influenza Viral RNA Transcription And Replication R-HSA-168273,2,36,2,285,0.015567086730911785,0.06202951409837896,7.916666666666666,HSP90AA1;PARP1
Reactome_2022,Signaling By PDGF R-HSA-186797,3,36,5,285,0.015569160909154878,0.06202951409837896,4.75,PDGFRA;PDGFRB;PIK3CB
Reactome_2022,Regulation Of KIT Signaling R-HSA-1433559,3,36,5,285,0.015569160909154878,0.06202951409837896,4.75,KIT;LCK;PRKCA
Reactome_2022,HSF1-dependent Transactivation R-HSA-3371571,3,36,5,285,0.015569160909154878,0.06202951409837896,4.75,HSF1;HSP90AA1;MTOR
Reactome_2022,Downstream Signal Transduction R-HSA-186763,3,36,5,285,0.015569160909154878,0.06202951409837896,4.75,PDGFRA;PDGFRB;PIK3CB
Reactome_2022,RHO GTPase Effectors R-HSA-195258,6,36,18,285,0.015970596781971703,0.06263468425429528,2.638888888888889,AURKB;BTK;PDPK1;PRKCA;ROCK1;ROCK2
Reactome_2022,Interleukin-1 Family Signaling R-HSA-446652,4,36,9,285,0.01712865293236997,0.0661429520926902,3.5185185185185186,CHUK;IKBKB;PSMB5;TBK1
Reactome_2022,PI3K/AKT Signaling In Cancer R-HSA-2219528,8,36,29,285,0.017717123430388795,0.06737875728829679,2.1839080459770117,CHUK;KIT;LCK;MTOR;PDGFRA;PDGFRB;PDPK1;PIK3CB
Reactome_2022,Potential Therapeutics For SARS R-HSA-9679191,5,36,14,285,0.020887972228022224,0.07710119160637616,2.8273809523809526,BTK;HSP90AA1;ROCK1;ROCK2;TBK1
Reactome_2022,SARS-CoV-2 Infection R-HSA-9694516,5,36,14,285,0.020887972228022224,0.07710119160637616,2.8273809523809526,CHUK;HSP90AA1;IKBKB;PDPK1;TBK1
Reactome_2022,M Phase R-HSA-68886,4,36,10,285,0.025967197204147988,0.09446038403248037,3.166666666666667,AURKB;HSP90AA1;PRKCA;PSMB5
Reactome_2022,Selective Autophagy R-HSA-9663891,3,36,6,285,0.028426004134156947,0.09773872654347114,3.958333333333333,ATM;HSF1;HSP90AA1
Reactome_2022,DAP12 Signaling R-HSA-2424491,3,36,6,285,0.028426004134156947,0.09773872654347114,3.958333333333333,BTK;LCK;PIK3CB
Reactome_2022,DAP12 Interactions R-HSA-2172127,3,36,6,285,0.028426004134156947,0.09773872654347114,3.958333333333333,BTK;LCK;PIK3CB
Reactome_2022,VEGFR2 Mediated Vascular Permeability R-HSA-5218920,3,36,6,285,0.028426004134156947,0.09773872654347114,3.958333333333333,HSP90AA1;MTOR;PDPK1
Reactome_2022,Intracellular Signaling By Second Messengers R-HSA-9006925,10,36,44,285,0.03145497476541582,0.10571716132984715,1.799242424242424,CHUK;KIT;LCK;MTOR;PDGFRA;PDGFRB;PDPK1;PIK3CB;PRKCA;PSMB5
Reactome_2022,Cytokine Signaling In Immune System R-HSA-1280215,9,36,38,285,0.03239303165623709,0.10571716132984715,1.875,CHUK;CSF1R;HSP90AA1;IKBKB;LCK;PIK3CB;PRKCA;PSMB5;TBK1
Reactome_2022,Metabolism R-HSA-1430728,6,36,21,285,0.03484876863799968,0.10571716132984715,2.261904761904762,BMX;HSP90AA1;PDPK1;PIK3CB;PRKCA;PSMB5
Reactome_2022,Signal Transduction R-HSA-162582,20,36,115,285,0.03628723487388637,0.10571716132984715,1.3768115942028984,AURKB;BRAF;BTK;CDK9;CHUK;FLT1;HSP90AA1;IKBKB;KIT;LCK;MTOR;PARP1;PDGFRA;PDGFRB;PDPK1;PIK3CB;PRKCA;PSMB5;ROCK1;ROCK2
Reactome_2022,Cellular Response To Heat Stress R-HSA-3371556,4,36,11,285,0.037124424518652215,0.10571716132984715,2.8787878787878785,ATM;HSF1;HSP90AA1;MTOR
Reactome_2022,IRAK1 Recruits IKK Complex R-HSA-937039,2,36,3,285,0.04296075878742793,0.10571716132984715,5.277777777777778,CHUK;IKBKB
Reactome_2022,IRF3-mediated Induction Of Type I IFN R-HSA-3270619,2,36,3,285,0.04296075878742793,0.10571716132984715,5.277777777777778,PRKDC;TBK1
Reactome_2022,Signaling By PDGFRA Extracellular Domain Mutants R-HSA-9673770,2,36,3,285,0.04296075878742793,0.10571716132984715,5.277777777777778,PDGFRA;PIK3CB
Reactome_2022,Influenza Infection R-HSA-168255,2,36,3,285,0.04296075878742793,0.10571716132984715,5.277777777777778,HSP90AA1;PARP1
Reactome_2022,Hedgehog Off State R-HSA-5610787,2,36,3,285,0.04296075878742793,0.10571716132984715,5.277777777777778,PRKCA;PSMB5
Reactome_2022,MAP3K8 (TPL2)-dependent MAPK1/3 Activation R-HSA-5684264,2,36,3,285,0.04296075878742793,0.10571716132984715,5.277777777777778,CHUK;IKBKB
Reactome_2022,IKK Complex Recruitment Mediated By RIP1 R-HSA-937041,2,36,3,285,0.04296075878742793,0.10571716132984715,5.277777777777778,CHUK;IKBKB
Reactome_2022,HSF1 Activation R-HSA-3371511,2,36,3,285,0.04296075878742793,0.10571716132984715,5.277777777777778,HSF1;HSP90AA1
Reactome_2022,Global Genome Nucleotide Excision Repair (GG-NER) R-HSA-5696399,2,36,3,285,0.04296075878742793,0.10571716132984715,5.277777777777778,PARP1;PARP2
Reactome_2022,Aggrephagy R-HSA-9646399,2,36,3,285,0.04296075878742793,0.10571716132984715,5.277777777777778,HSF1;HSP90AA1
Reactome_2022,Autodegradation Of E3 Ubiquitin Ligase COP1 R-HSA-349425,2,36,3,285,0.04296075878742793,0.10571716132984715,5.277777777777778,ATM;PSMB5
Reactome_2022,RHO GTPases Activate ROCKs R-HSA-5627117,2,36,3,285,0.04296075878742793,0.10571716132984715,5.277777777777778,ROCK1;ROCK2
Reactome_2022,Beta-catenin Independent WNT Signaling R-HSA-3858494,2,36,3,285,0.04296075878742793,0.10571716132984715,5.277777777777778,PRKCA;PSMB5
Reactome_2022,Regulation Of NF-kappa B Signaling R-HSA-9758274,2,36,3,285,0.04296075878742793,0.10571716132984715,5.277777777777778,CHUK;IKBKB
Reactome_2022,Degradation Of GLI2 By Proteasome R-HSA-5610783,2,36,3,285,0.04296075878742793,0.10571716132984715,5.277777777777778,PRKCA;PSMB5
Reactome_2022,TNFR2 Non-Canonical NF-kB Pathway R-HSA-5668541,2,36,3,285,0.04296075878742793,0.10571716132984715,5.277777777777778,CHUK;PSMB5
Reactome_2022,MAPK6/MAPK4 Signaling R-HSA-5687128,2,36,3,285,0.04296075878742793,0.10571716132984715,5.277777777777778,PRKCA;PSMB5
Reactome_2022,PCP/CE Pathway R-HSA-4086400,2,36,3,285,0.04296075878742793,0.10571716132984715,5.277777777777778,PRKCA;PSMB5
Reactome_2022,Nonhomologous End-Joining (NHEJ) R-HSA-5693571,2,36,3,285,0.04296075878742793,0.10571716132984715,5.277777777777778,ATM;PRKDC
Reactome_2022,"TICAM1, RIP1-mediated IKK Complex Recruitment R-HSA-168927",2,36,3,285,0.04296075878742793,0.10571716132984715,5.277777777777778,CHUK;IKBKB
Reactome_2022,STING Mediated Induction Of Host Immune Responses R-HSA-1834941,2,36,3,285,0.04296075878742793,0.10571716132984715,5.277777777777778,PRKDC;TBK1
Reactome_2022,Formation Of Incision Complex In GG-NER R-HSA-5696395,2,36,3,285,0.04296075878742793,0.10571716132984715,5.277777777777778,PARP1;PARP2
Reactome_2022,GLI3 Is Processed To GLI3R By Proteasome R-HSA-5610785,2,36,3,285,0.04296075878742793,0.10571716132984715,5.277777777777778,PRKCA;PSMB5
Reactome_2022,Synthesis Of DNA R-HSA-69239,2,36,3,285,0.04296075878742793,0.10571716132984715,5.277777777777778,FEN1;PSMB5
Reactome_2022,Mitotic Prometaphase R-HSA-68877,3,36,7,285,0.045430216141417755,0.10964407934130631,3.392857142857143,AURKB;HSP90AA1;PRKCA
Reactome_2022,Interleukin-1 Signaling R-HSA-9020702,3,36,7,285,0.045430216141417755,0.10964407934130631,3.392857142857143,CHUK;IKBKB;PSMB5
Reactome_2022,DNA Repair R-HSA-73894,5,36,17,285,0.0483403903657344,0.1155565522076127,2.3284313725490198,ATM;FEN1;PARP1;PARP2;PRKDC
Reactome_2022,GPVI-mediated Activation Cascade R-HSA-114604,3,36,8,285,0.06641023311440501,0.14598066269693233,2.96875,LCK;PDPK1;PIK3CB
Reactome_2022,Semaphorin Interactions R-HSA-373755,3,36,8,285,0.06641023311440501,0.14598066269693233,2.96875,HSP90AA1;ROCK1;ROCK2
Reactome_2022,CD28 Dependent PI3K/Akt Signaling R-HSA-389357,3,36,8,285,0.06641023311440501,0.14598066269693233,2.96875,LCK;MTOR;PDPK1
Reactome_2022,Neutrophil Degranulation R-HSA-6798695,3,36,8,285,0.06641023311440501,0.14598066269693233,2.96875,FGR;HSP90AA1;ROCK1
Reactome_2022,Diseases Of Signal Transduction By Growth Factor Receptors And Second Messengers R-HSA-5663202,11,36,56,285,0.06649974655703288,0.14598066269693233,1.555059523809524,BRAF;CHUK;HSP90AA1;KIT;LCK;MTOR;PDGFRA;PDGFRB;PDPK1;PIK3CB;PSMB5
Reactome_2022,Fcgamma Receptor (FCGR) Dependent Phagocytosis R-HSA-2029480,4,36,13,285,0.06662233301669135,0.14598066269693233,2.4358974358974357,BTK;FGR;HSP90AA1;PIK3CB
Reactome_2022,PIP3 Activates AKT Signaling R-HSA-1257604,9,36,43,285,0.06863520787686962,0.14598066269693233,1.6569767441860466,CHUK;KIT;LCK;MTOR;PDGFRA;PDGFRB;PDPK1;PIK3CB;PSMB5
Reactome_2022,GPCR Downstream Signaling R-HSA-388396,5,36,19,285,0.07493885638622347,0.14598066269693233,2.0833333333333335,BTK;PDPK1;PRKCA;ROCK1;ROCK2
Reactome_2022,Sema4D Induced Cell Migration And Growth-Cone Collapse R-HSA-416572,2,36,4,285,0.07909709213857688,0.14598066269693233,3.958333333333333,ROCK1;ROCK2
Reactome_2022,Sema4D In Semaphorin Signaling R-HSA-400685,2,36,4,285,0.07909709213857688,0.14598066269693233,3.958333333333333,ROCK1;ROCK2
Reactome_2022,Regulation Of TNFR1 Signaling R-HSA-5357905,2,36,4,285,0.07909709213857688,0.14598066269693233,3.958333333333333,CHUK;IKBKB
Reactome_2022,Regulation Of mRNA Stability By Proteins That Bind AU-rich Elements R-HSA-450531,2,36,4,285,0.07909709213857688,0.14598066269693233,3.958333333333333,PRKCA;PSMB5
Reactome_2022,Recruitment Of NuMA To Mitotic Centrosomes R-HSA-380320,2,36,4,285,0.07909709213857688,0.14598066269693233,3.958333333333333,HSP90AA1;PRKCA
Reactome_2022,Signaling By ROBO Receptors R-HSA-376176,2,36,4,285,0.07909709213857688,0.14598066269693233,3.958333333333333,PRKCA;PSMB5
Reactome_2022,EPHA-mediated Growth Cone Collapse R-HSA-3928663,2,36,4,285,0.07909709213857688,0.14598066269693233,3.958333333333333,ROCK1;ROCK2
Reactome_2022,Synthesis Of PIPs At Plasma Membrane R-HSA-1660499,2,36,4,285,0.07909709213857688,0.14598066269693233,3.958333333333333,BMX;PIK3CB
Reactome_2022,Centrosome Maturation R-HSA-380287,2,36,4,285,0.07909709213857688,0.14598066269693233,3.958333333333333,HSP90AA1;PRKCA
Reactome_2022,TNFR1-induced NFkappaB Signaling Pathway R-HSA-5357956,2,36,4,285,0.07909709213857688,0.14598066269693233,3.958333333333333,CHUK;IKBKB
Reactome_2022,Attenuation Phase R-HSA-3371568,2,36,4,285,0.07909709213857688,0.14598066269693233,3.958333333333333,HSF1;HSP90AA1
Reactome_2022,HIV Life Cycle R-HSA-162587,2,36,4,285,0.07909709213857688,0.14598066269693233,3.958333333333333,CDK9;FEN1
Reactome_2022,Apoptotic Execution Phase R-HSA-75153,2,36,4,285,0.07909709213857688,0.14598066269693233,3.958333333333333,BMX;ROCK1
Reactome_2022,TNF Signaling R-HSA-75893,2,36,4,285,0.07909709213857688,0.14598066269693233,3.958333333333333,CHUK;IKBKB
Reactome_2022,TAK1-dependent IKK And NF-kappa-B Activation R-HSA-445989,2,36,4,285,0.07909709213857688,0.14598066269693233,3.958333333333333,CHUK;IKBKB
Reactome_2022,Apoptotic Cleavage Of Cellular Proteins R-HSA-111465,2,36,4,285,0.07909709213857688,0.14598066269693233,3.958333333333333,BMX;ROCK1
Reactome_2022,VEGFR2 Mediated Cell Proliferation R-HSA-5218921,2,36,4,285,0.07909709213857688,0.14598066269693233,3.958333333333333,PDPK1;PRKCA
Reactome_2022,Signaling By Hedgehog R-HSA-5358351,2,36,4,285,0.07909709213857688,0.14598066269693233,3.958333333333333,PRKCA;PSMB5
Reactome_2022,Anchoring Of Basal Body To Plasma Membrane R-HSA-5620912,2,36,4,285,0.07909709213857688,0.14598066269693233,3.958333333333333,HSP90AA1;PRKCA
Reactome_2022,DNA Replication R-HSA-69306,2,36,4,285,0.07909709213857688,0.14598066269693233,3.958333333333333,FEN1;PSMB5
Reactome_2022,APC/C:Cdh1 Mediated Degradation Of Cdc20 And APC/C:Cdh1 Targets In Late Mitosis/Early G1 R-HSA-174178,2,36,4,285,0.07909709213857688,0.14598066269693233,3.958333333333333,AURKB;PSMB5
Reactome_2022,Loss Of Nlp From Mitotic Centrosomes R-HSA-380259,2,36,4,285,0.07909709213857688,0.14598066269693233,3.958333333333333,HSP90AA1;PRKCA
Reactome_2022,Signaling By PDGFR In Disease R-HSA-9671555,2,36,4,285,0.07909709213857688,0.14598066269693233,3.958333333333333,PDGFRA;PIK3CB
Reactome_2022,MAPK Family Signaling Cascades R-HSA-5683057,7,36,32,285,0.08797931553665911,0.15981683094098637,1.7317708333333333,BRAF;KIT;PDGFRA;PDGFRB;PIK3CB;PRKCA;PSMB5
Reactome_2022,Signaling By GPCR R-HSA-372790,5,36,20,285,0.09077175244178123,0.15981683094098637,1.9791666666666667,BTK;PDPK1;PRKCA;ROCK1;ROCK2
Reactome_2022,Constitutive Signaling By Aberrant PI3K In Cancer R-HSA-2219530,5,36,20,285,0.09077175244178123,0.15981683094098637,1.9791666666666667,KIT;LCK;PDGFRA;PDGFRB;PIK3CB
Reactome_2022,Costimulation By CD28 Family R-HSA-388841,3,36,9,285,0.09105102320542252,0.15981683094098637,2.638888888888889,LCK;MTOR;PDPK1
Reactome_2022,Constitutive Signaling By AKT1 E17K In Cancer R-HSA-5674400,3,36,9,285,0.09105102320542252,0.15981683094098637,2.638888888888889,CHUK;MTOR;PDPK1
Reactome_2022,Signaling By SCF-KIT R-HSA-1433557,3,36,9,285,0.09105102320542252,0.15981683094098637,2.638888888888889,KIT;LCK;PRKCA
Reactome_2022,CD28 Co-Stimulation R-HSA-389356,3,36,9,285,0.09105102320542252,0.15981683094098637,2.638888888888889,LCK;MTOR;PDPK1
Reactome_2022,Regulation Of PLK1 Activity At G2/M Transition R-HSA-2565942,2,36,5,285,0.1214490462915249,0.19540840140495352,3.166666666666667,HSP90AA1;PRKCA
Reactome_2022,Transport Of Small Molecules R-HSA-382551,2,36,5,285,0.1214490462915249,0.19540840140495352,3.166666666666667,PRKCA;PSMB5
Reactome_2022,Cilium Assembly R-HSA-5617833,2,36,5,285,0.1214490462915249,0.19540840140495352,3.166666666666667,HSP90AA1;PRKCA
Reactome_2022,AURKA Activation By TPX2 R-HSA-8854518,2,36,5,285,0.1214490462915249,0.19540840140495352,3.166666666666667,HSP90AA1;PRKCA
Reactome_2022,Role Of GTSE1 In G2/M Progression After G2 Checkpoint R-HSA-8852276,2,36,5,285,0.1214490462915249,0.19540840140495352,3.166666666666667,HSP90AA1;PSMB5
Reactome_2022,PI Metabolism R-HSA-1483255,2,36,5,285,0.1214490462915249,0.19540840140495352,3.166666666666667,BMX;PIK3CB
Reactome_2022,Role Of LAT2/NTAL/LAB On Calcium Mobilization R-HSA-2730905,2,36,5,285,0.1214490462915249,0.19540840140495352,3.166666666666667,PDPK1;PIK3CB
Reactome_2022,Metabolism Of RNA R-HSA-8953854,2,36,5,285,0.1214490462915249,0.19540840140495352,3.166666666666667,PRKCA;PSMB5
Reactome_2022,Separation Of Sister Chromatids R-HSA-2467813,2,36,5,285,0.1214490462915249,0.19540840140495352,3.166666666666667,AURKB;PSMB5
Reactome_2022,TP53 Regulates Transcription Of DNA Repair Genes R-HSA-6796648,2,36,5,285,0.1214490462915249,0.19540840140495352,3.166666666666667,ATM;CDK9
Reactome_2022,NOD1/2 Signaling Pathway R-HSA-168638,2,36,5,285,0.1214490462915249,0.19540840140495352,3.166666666666667,CHUK;IKBKB
Reactome_2022,Nucleotide Excision Repair R-HSA-5696398,2,36,5,285,0.1214490462915249,0.19540840140495352,3.166666666666667,PARP1;PARP2
Reactome_2022,FCGR3A-mediated IL10 Synthesis R-HSA-9664323,2,36,5,285,0.1214490462915249,0.19540840140495352,3.166666666666667,FGR;PRKCA
Reactome_2022,Axon Guidance R-HSA-422475,6,36,28,285,0.12239071536548794,0.19566923284546162,1.6964285714285714,HSP90AA1;PIK3CB;PRKCA;PSMB5;ROCK1;ROCK2
Reactome_2022,Toll-like Receptor Cascades R-HSA-168898,4,36,16,285,0.12807480838456162,0.20218098682091173,1.9791666666666665,BTK;CHUK;IKBKB;TBK1
Reactome_2022,Toll Like Receptor 4 (TLR4) Cascade R-HSA-166016,4,36,16,285,0.12807480838456162,0.20218098682091173,1.9791666666666665,BTK;CHUK;IKBKB;TBK1
Reactome_2022,G2/M Transition R-HSA-69275,3,36,11,285,0.1496264666065696,0.23182866122375909,2.1590909090909087,HSP90AA1;PRKCA;PSMB5
Reactome_2022,Metabolism Of Lipids R-HSA-556833,3,36,11,285,0.1496264666065696,0.23182866122375909,2.1590909090909087,BMX;PIK3CB;PRKCA
Reactome_2022,Mitotic G2-G2/M Phases R-HSA-453274,3,36,11,285,0.1496264666065696,0.23182866122375909,2.1590909090909087,HSP90AA1;PRKCA;PSMB5
Reactome_2022,Programmed Cell Death R-HSA-5357801,4,36,17,285,0.1526084754672777,0.23499832725329267,1.8627450980392157,BMX;HSP90AA1;PSMB5;ROCK1
Reactome_2022,RAF/MAP Kinase Cascade R-HSA-5673001,6,36,30,285,0.1588585541348365,0.2381813695475844,1.5833333333333335,BRAF;KIT;PDGFRA;PDGFRB;PIK3CB;PSMB5
Reactome_2022,Nervous System Development R-HSA-9675108,6,36,30,285,0.1588585541348365,0.2381813695475844,1.5833333333333335,HSP90AA1;PIK3CB;PRKCA;PSMB5;ROCK1;ROCK2
Reactome_2022,Regulation Of MECP2 Expression And Activity R-HSA-9022692,2,36,6,285,0.16796056737020892,0.2381813695475844,2.638888888888889,AURKB;PRKCA
Reactome_2022,Regulation Of HSF1-mediated Heat Shock Response R-HSA-3371453,2,36,6,285,0.16796056737020892,0.2381813695475844,2.638888888888889,ATM;HSF1
Reactome_2022,Stabilization Of P53 R-HSA-69541,2,36,6,285,0.16796056737020892,0.2381813695475844,2.638888888888889,ATM;PSMB5
Reactome_2022,Transcriptional Activity Of SMAD2/SMAD3:SMAD4 Heterotrimer R-HSA-2173793,2,36,6,285,0.16796056737020892,0.2381813695475844,2.638888888888889,CDK9;PARP1
Reactome_2022,Signaling By KIT In Disease R-HSA-9669938,2,36,6,285,0.16796056737020892,0.2381813695475844,2.638888888888889,KIT;LCK
Reactome_2022,APC/C-mediated Degradation Of Cell Cycle Proteins R-HSA-174143,2,36,6,285,0.16796056737020892,0.2381813695475844,2.638888888888889,AURKB;PSMB5
Reactome_2022,Mitotic Metaphase And Anaphase R-HSA-2555396,2,36,6,285,0.16796056737020892,0.2381813695475844,2.638888888888889,AURKB;PSMB5
Reactome_2022,RET Signaling R-HSA-8853659,2,36,6,285,0.16796056737020892,0.2381813695475844,2.638888888888889,PIK3CB;PRKCA
Reactome_2022,Phospholipid Metabolism R-HSA-1483257,2,36,6,285,0.16796056737020892,0.2381813695475844,2.638888888888889,BMX;PIK3CB
Reactome_2022,EPHB-mediated Forward Signaling R-HSA-3928662,2,36,6,285,0.16796056737020892,0.2381813695475844,2.638888888888889,ROCK1;ROCK2
Reactome_2022,G-protein Beta:Gamma Signaling R-HSA-397795,2,36,6,285,0.16796056737020892,0.2381813695475844,2.638888888888889,BTK;PDPK1
Reactome_2022,Mitotic Anaphase R-HSA-68882,2,36,6,285,0.16796056737020892,0.2381813695475844,2.638888888888889,AURKB;PSMB5
Reactome_2022,MAPK1/MAPK3 Signaling R-HSA-5684996,6,36,31,285,0.1787884359842133,0.2507787789075766,1.532258064516129,BRAF;KIT;PDGFRA;PDGFRB;PIK3CB;PSMB5
Reactome_2022,"Platelet Activation, Signaling And Aggregation R-HSA-76002",4,36,18,285,0.1788422367508216,0.2507787789075766,1.7592592592592593,LCK;PDPK1;PIK3CB;PRKCA
Reactome_2022,"PI5P, PP2A And IER3 Regulate PI3K/AKT Signaling R-HSA-6811558",5,36,25,285,0.19295183714444886,0.2690606173514259,1.5833333333333333,KIT;LCK;PDGFRA;PDGFRB;PIK3CB
Reactome_2022,Gene Expression (Transcription) R-HSA-74160,11,36,68,285,0.20922523533760976,0.2887258772298962,1.2806372549019607,ATM;AURKB;CDK9;CSF1R;HSP90AA1;KIT;MTOR;PARP1;PDPK1;PRKCA;PSMB5
Reactome_2022,Activation Of NMDA Receptors And Postsynaptic Events R-HSA-442755,2,36,7,285,0.21697270786172532,0.2887258772298962,2.261904761904762,PDPK1;PRKCA
Reactome_2022,Transcriptional Regulation By MECP2 R-HSA-8986944,2,36,7,285,0.21697270786172532,0.2887258772298962,2.261904761904762,AURKB;PRKCA
Reactome_2022,Interleukin-2 Family Signaling R-HSA-451927,2,36,7,285,0.21697270786172532,0.2887258772298962,2.261904761904762,LCK;PIK3CB
Reactome_2022,"Nucleotide-binding Domain, Leucine Rich Repeat Containing NLR Signaling Pathways R-HSA-168643",2,36,7,285,0.21697270786172532,0.2887258772298962,2.261904761904762,CHUK;IKBKB
Reactome_2022,p53-Dependent G1 DNA Damage Response R-HSA-69563,2,36,7,285,0.21697270786172532,0.2887258772298962,2.261904761904762,ATM;PSMB5
Reactome_2022,Post NMDA Receptor Activation Events R-HSA-438064,2,36,7,285,0.21697270786172532,0.2887258772298962,2.261904761904762,PDPK1;PRKCA
Reactome_2022,Regulation Of TP53 Degradation R-HSA-6804757,3,36,13,285,0.21740713464721265,0.2887258772298962,1.8269230769230769,ATM;MTOR;PDPK1
Reactome_2022,Regulation Of TP53 Expression And Degradation R-HSA-6806003,3,36,13,285,0.21740713464721265,0.2887258772298962,1.8269230769230769,ATM;MTOR;PDPK1
Reactome_2022,Negative Regulation Of PI3K/AKT Network R-HSA-199418,5,36,27,285,0.24255271434032222,0.32042490157589937,1.4660493827160495,KIT;LCK;PDGFRA;PDGFRB;PIK3CB
Reactome_2022,Leishmania Infection R-HSA-9658195,3,36,14,285,0.25354105936949994,0.3280350819677551,1.6964285714285714,BTK;FGR;PRKCA
Reactome_2022,MyD88:MAL(TIRAP) Cascade Initiated On Plasma Membrane R-HSA-166058,3,36,14,285,0.25354105936949994,0.3280350819677551,1.6964285714285714,BTK;CHUK;IKBKB
Reactome_2022,Toll Like Receptor 3 (TLR3) Cascade R-HSA-168164,3,36,14,285,0.25354105936949994,0.3280350819677551,1.6964285714285714,CHUK;IKBKB;TBK1
Reactome_2022,MyD88-independent TLR4 Cascade R-HSA-166166,3,36,14,285,0.25354105936949994,0.3280350819677551,1.6964285714285714,CHUK;IKBKB;TBK1
Reactome_2022,G1/S DNA Damage Checkpoints R-HSA-69615,2,36,8,285,0.2671601994441654,0.33196638643804716,1.9791666666666665,ATM;PSMB5
Reactome_2022,EPH-Ephrin Signaling R-HSA-2682334,2,36,8,285,0.2671601994441654,0.33196638643804716,1.9791666666666665,ROCK1;ROCK2
Reactome_2022,Signaling By TGF-beta Receptor Complex R-HSA-170834,2,36,8,285,0.2671601994441654,0.33196638643804716,1.9791666666666665,CDK9;PARP1
Reactome_2022,Regulation Of Actin Dynamics For Phagocytic Cup Formation R-HSA-2029482,2,36,8,285,0.2671601994441654,0.33196638643804716,1.9791666666666665,BTK;HSP90AA1
Reactome_2022,Organelle Biogenesis And Maintenance R-HSA-1852241,2,36,8,285,0.2671601994441654,0.33196638643804716,1.9791666666666665,HSP90AA1;PRKCA
Reactome_2022,Transmission Across Chemical Synapses R-HSA-112315,2,36,8,285,0.2671601994441654,0.33196638643804716,1.9791666666666665,PDPK1;PRKCA
Reactome_2022,Neurotransmitter Receptors And Postsynaptic Signal Transmission R-HSA-112314,2,36,8,285,0.2671601994441654,0.33196638643804716,1.9791666666666665,PDPK1;PRKCA
Reactome_2022,Anti-inflammatory Response Favoring Leishmania Infection R-HSA-9662851,2,36,8,285,0.2671601994441654,0.33196638643804716,1.9791666666666665,FGR;PRKCA
Reactome_2022,Cell Cycle Checkpoints R-HSA-69620,3,36,15,285,0.2905638875289899,0.3592686491121993,1.5833333333333335,ATM;AURKB;PSMB5
Reactome_2022,Generic Transcription Pathway R-HSA-212436,10,36,66,285,0.3041301413574612,0.37237397795474514,1.1994949494949496,ATM;AURKB;CDK9;CSF1R;KIT;MTOR;PARP1;PDPK1;PRKCA;PSMB5
Reactome_2022,RNA Polymerase II Transcription R-HSA-73857,10,36,66,285,0.3041301413574612,0.37237397795474514,1.1994949494949496,ATM;AURKB;CDK9;CSF1R;KIT;MTOR;PARP1;PDPK1;PRKCA;PSMB5
Reactome_2022,PI3K Cascade R-HSA-109704,2,36,9,285,0.31747710694094905,0.37411621522149396,1.7592592592592593,PDPK1;PIK3CB
Reactome_2022,IRS-mediated Signaling R-HSA-112399,2,36,9,285,0.31747710694094905,0.37411621522149396,1.7592592592592593,PDPK1;PIK3CB
Reactome_2022,G Alpha (Q) Signaling Events R-HSA-416476,2,36,9,285,0.31747710694094905,0.37411621522149396,1.7592592592592593,BTK;PRKCA
Reactome_2022,FCGR3A-mediated Phagocytosis R-HSA-9664422,2,36,9,285,0.31747710694094905,0.37411621522149396,1.7592592592592593,BTK;FGR
Reactome_2022,Estrogen-dependent Gene Expression R-HSA-9018519,2,36,9,285,0.31747710694094905,0.37411621522149396,1.7592592592592593,CDK9;HSP90AA1
Reactome_2022,Neuronal System R-HSA-112316,2,36,9,285,0.31747710694094905,0.37411621522149396,1.7592592592592593,PDPK1;PRKCA
Reactome_2022,"Interleukin-3, Interleukin-5 And GM-CSF Signaling R-HSA-512988",2,36,9,285,0.31747710694094905,0.37411621522149396,1.7592592592592593,PIK3CB;PRKCA
Reactome_2022,Cell Surface Interactions At Vascular Wall R-HSA-202733,2,36,9,285,0.31747710694094905,0.37411621522149396,1.7592592592592593,LCK;PIK3CB
Reactome_2022,Apoptosis R-HSA-109581,3,36,16,285,0.3280613673315503,0.38478225794494914,1.484375,BMX;PSMB5;ROCK1
Reactome_2022,Cell Cycle R-HSA-1640170,6,36,38,285,0.34152771502445567,0.39871375102855056,1.25,ATM;AURKB;FEN1;HSP90AA1;PRKCA;PSMB5
Reactome_2022,"Cell Cycle, Mitotic R-HSA-69278",5,36,31,285,0.3504920334557674,0.407284724062026,1.2768817204301075,AURKB;FEN1;HSP90AA1;PRKCA;PSMB5
Reactome_2022,Death Receptor Signaling R-HSA-73887,2,36,10,285,0.3671103608032657,0.41320493525389995,1.5833333333333335,CHUK;IKBKB
Reactome_2022,G2/M Checkpoints R-HSA-69481,2,36,10,285,0.3671103608032657,0.41320493525389995,1.5833333333333335,ATM;PSMB5
Reactome_2022,S Phase R-HSA-69242,2,36,10,285,0.3671103608032657,0.41320493525389995,1.5833333333333335,FEN1;PSMB5
Reactome_2022,Signaling By TGFB Family Members R-HSA-9006936,2,36,10,285,0.3671103608032657,0.41320493525389995,1.5833333333333335,CDK9;PARP1
Reactome_2022,IRS-related Events Triggered By IGF1R R-HSA-2428928,2,36,10,285,0.3671103608032657,0.41320493525389995,1.5833333333333335,PDPK1;PIK3CB
Reactome_2022,Signaling By Type 1 Insulin-like Growth Factor 1 Receptor (IGF1R) R-HSA-2404192,2,36,10,285,0.3671103608032657,0.41320493525389995,1.5833333333333335,PDPK1;PIK3CB
Reactome_2022,IGF1R Signaling Cascade R-HSA-2428924,2,36,10,285,0.3671103608032657,0.41320493525389995,1.5833333333333335,PDPK1;PIK3CB
Reactome_2022,Hemostasis R-HSA-109582,5,36,32,285,0.37840826430744173,0.4240199747373566,1.2369791666666665,FGR;LCK;PDPK1;PIK3CB;PRKCA
Reactome_2022,Insulin Receptor Signaling Cascade R-HSA-74751,2,36,11,285,0.415440115069198,0.45734854772968725,1.4393939393939392,PDPK1;PIK3CB
Reactome_2022,Signaling By Insulin Receptor R-HSA-74752,2,36,11,285,0.415440115069198,0.45734854772968725,1.4393939393939392,PDPK1;PIK3CB
Reactome_2022,MAP Kinase Activation R-HSA-450294,2,36,11,285,0.415440115069198,0.45734854772968725,1.4393939393939392,CHUK;IKBKB
Reactome_2022,Interleukin-17 Signaling R-HSA-448424,2,36,11,285,0.415440115069198,0.45734854772968725,1.4393939393939392,CHUK;IKBKB
Reactome_2022,Transcriptional Regulation By TP53 R-HSA-3700989,5,36,34,285,0.4343408946772884,0.47606796752838165,1.1642156862745099,ATM;AURKB;CDK9;MTOR;PDPK1
Reactome_2022,Signaling By ERBB2 R-HSA-1227986,2,36,12,285,0.46200600969038874,0.4999367916675285,1.3194444444444444,HSP90AA1;PRKCA
Reactome_2022,Cellular Responses To Stimuli R-HSA-8953897,5,36,35,285,0.46209297078432915,0.4999367916675285,1.130952380952381,ATM;HSF1;HSP90AA1;MTOR;PSMB5
Reactome_2022,Cellular Responses To Stress R-HSA-2262752,5,36,35,285,0.46209297078432915,0.4999367916675285,1.130952380952381,ATM;HSF1;HSP90AA1;MTOR;PSMB5
Reactome_2022,Post-translational Protein Modification R-HSA-597592,4,36,28,285,0.48391071499856025,0.5212943753847151,1.130952380952381,AURKB;PARP1;PRKDC;PSMB5
Reactome_2022,MyD88 Dependent Cascade Initiated On Endosome R-HSA-975155,2,36,13,285,0.5064785324255117,0.5341433262134597,1.2179487179487178,CHUK;IKBKB
Reactome_2022,MyD88 Cascade Initiated On Plasma Membrane R-HSA-975871,2,36,13,285,0.5064785324255117,0.5341433262134597,1.2179487179487178,CHUK;IKBKB
Reactome_2022,Toll Like Receptor 9 (TLR9) Cascade R-HSA-168138,2,36,13,285,0.5064785324255117,0.5341433262134597,1.2179487179487178,CHUK;IKBKB
Reactome_2022,Toll Like Receptor 7/8 (TLR7/8) Cascade R-HSA-168181,2,36,13,285,0.5064785324255117,0.5341433262134597,1.2179487179487178,CHUK;IKBKB
Reactome_2022,TRAF6 Mediated Induction Of NFkB And MAP Kinases Upon TLR7/8 Or 9 Activation R-HSA-975138,2,36,13,285,0.5064785324255117,0.5341433262134597,1.2179487179487178,CHUK;IKBKB
Reactome_2022,ESR-mediated Signaling R-HSA-8939211,3,36,21,285,0.5110063386887636,0.5353907910440524,1.130952380952381,CDK9;HSP90AA1;PDPK1
Reactome_2022,Metabolism Of Proteins R-HSA-392499,4,36,29,285,0.514060480643891,0.5353907910440524,1.0919540229885059,AURKB;PARP1;PRKDC;PSMB5
Reactome_2022,Regulation Of TP53 Activity R-HSA-5633007,4,36,29,285,0.514060480643891,0.5353907910440524,1.0919540229885059,ATM;AURKB;MTOR;PDPK1
Reactome_2022,Developmental Biology R-HSA-1266738,6,36,45,285,0.5188259334112718,0.5381211127530133,1.0555555555555556,HSP90AA1;PIK3CB;PRKCA;PSMB5;ROCK1;ROCK2
Reactome_2022,Signaling By WNT R-HSA-195721,2,36,14,285,0.5486347779348466,0.5666968282372283,1.130952380952381,PRKCA;PSMB5
Reactome_2022,Extra-nuclear Estrogen Signaling R-HSA-9009391,2,36,15,285,0.5883379918434399,0.6027462691947079,1.0555555555555556,HSP90AA1;PDPK1
Reactome_2022,Signaling By NTRK1 (TRKA) R-HSA-187037,2,36,15,285,0.5883379918434399,0.6027462691947079,1.0555555555555556,BRAF;PIK3CB
Reactome_2022,Regulation Of TP53 Activity Thru Phosphorylation R-HSA-6804756,2,36,16,285,0.6255203667737097,0.6305446267477958,0.9895833333333333,ATM;AURKB
Reactome_2022,PTEN Regulation R-HSA-6807070,2,36,16,285,0.6255203667737097,0.6305446267477958,0.9895833333333333,MTOR;PSMB5
Reactome_2022,SUMOylation R-HSA-2990846,2,36,16,285,0.6255203667737097,0.6305446267477958,0.9895833333333333,AURKB;PARP1
Reactome_2022,SUMO E3 Ligases SUMOylate Target Proteins R-HSA-3108232,2,36,16,285,0.6255203667737097,0.6305446267477958,0.9895833333333333,AURKB;PARP1
Reactome_2022,Signaling By Nuclear Receptors R-HSA-9006931,3,36,25,285,0.6385897481604321,0.6411441071530739,0.95,CDK9;HSP90AA1;PDPK1
Reactome_2022,Signaling By NTRKs R-HSA-166520,2,36,17,285,0.6601686269317806,0.6601686269317806,0.9313725490196079,BRAF;PIK3CB
WikiPathway_2023_Human,DNA Repair Pathways Full Network WP4946,6,36,10,285,0.0003933764833476448,0.05835182192279584,4.75,ATM;ATR;FEN1;PARP1;PARP2;PRKDC
WikiPathway_2023_Human,Imatinib And Chronic Myeloid Leukemia WP3640,5,36,8,285,0.0010439217291794165,0.05835182192279584,4.947916666666666,CSF1R;FLT1;KIT;PDGFRA;PDGFRB
WikiPathway_2023_Human,Base Excision Repair WP4752,3,36,3,285,0.0018702507026537125,0.05835182192279584,7.916666666666666,FEN1;PARP1;PARP2
WikiPathway_2023_Human,STING Pathway In Kawasaki Like Disease And COVID 19 WP4961,3,36,3,285,0.0018702507026537125,0.05835182192279584,7.916666666666666,CHUK;IKBKB;TBK1
WikiPathway_2023_Human,Cytosolic DNA Sensing Pathway WP4655,3,36,3,285,0.0018702507026537125,0.05835182192279584,7.916666666666666,CHUK;IKBKB;TBK1
WikiPathway_2023_Human,Modulators Of TCR Signaling And T Cell Activation WP5072,4,36,6,285,0.002712317684152803,0.07052025978797288,5.277777777777778,CHUK;IKBKB;LCK;PDPK1
WikiPathway_2023_Human,ATM Signaling In Development And Disease WP3878,5,36,11,285,0.006442049403765631,0.10290158493178515,3.598484848484848,ATM;ATR;AURKB;MTOR;PRKDC
WikiPathway_2023_Human,Hippo Signaling Regulation Pathways WP4540,7,36,21,285,0.008918667173425734,0.10290158493178515,2.6388888888888893,CSF1R;FLT1;KIT;MTOR;PDGFRA;PDGFRB;PRKCA
WikiPathway_2023_Human,DNA IR Double Strand Breaks And Cellular Response Via ATM WP3959,5,36,12,285,0.010025392482876469,0.10290158493178515,3.298611111111111,ATM;ATR;HSF1;PARP1;PRKDC
WikiPathway_2023_Human,Focal Adhesion WP306,10,36,38,285,0.010703705100050384,0.10290158493178515,2.0833333333333335,BRAF;FGR;FLT1;PDGFRA;PDGFRB;PDPK1;PIK3CB;PRKCA;ROCK1;ROCK2
WikiPathway_2023_Human,MicroRNAs In Cardiomyocyte Hypertrophy WP1544,8,36,27,285,0.011135920322652263,0.10290158493178515,2.345679012345679,CDK9;CHUK;IKBKB;MTOR;PDPK1;PIK3CB;ROCK1;ROCK2
WikiPathway_2023_Human,IL 18 Signaling Pathway WP4754,5,36,13,285,0.014790057456199678,0.10290158493178515,3.0448717948717947,CHUK;IKBKB;LCK;PARP1;PRKCA
WikiPathway_2023_Human,Antiviral And Anti Inflammatory Effects Of Nrf2 On SARS CoV 2 Pathway WP5113,2,36,2,285,0.015567086730911785,0.10290158493178515,7.916666666666666,CHUK;IKBKB
WikiPathway_2023_Human,Canonical NF kB Pathway WP4562,2,36,2,285,0.015567086730911785,0.10290158493178515,7.916666666666666,CHUK;IKBKB
WikiPathway_2023_Human,Altered Glycosylation Of MUC1 In Tumor Microenvironment WP4480,2,36,2,285,0.015567086730911785,0.10290158493178515,7.916666666666666,CHUK;IKBKB
WikiPathway_2023_Human,Airway Smooth Muscle Cell Contraction WP4962,2,36,2,285,0.015567086730911785,0.10290158493178515,7.916666666666666,ROCK1;ROCK2
WikiPathway_2023_Human,Osteoblast Signaling WP322,2,36,2,285,0.015567086730911785,0.10290158493178515,7.916666666666666,PDGFRA;PDGFRB
WikiPathway_2023_Human,Supression Of HMGB1 Mediated Inflammation By THBD WP4479,2,36,2,285,0.015567086730911785,0.10290158493178515,7.916666666666666,CHUK;IKBKB
WikiPathway_2023_Human,NIPBL Role In DNA Damage Cornelia De Lange Syndrome WP5119,2,36,2,285,0.015567086730911785,0.10290158493178515,7.916666666666666,ATM;ATR
WikiPathway_2023_Human,Joubert Syndrome WP4656,3,36,5,285,0.015569160909154878,0.10290158493178515,4.75,ATM;MTOR;PARP1
WikiPathway_2023_Human,TLR4 Signaling And Tolerance WP3851,3,36,5,285,0.015569160909154878,0.10290158493178515,4.75,CHUK;IKBKB;TBK1
WikiPathway_2023_Human,Nucleotide Binding Oligomerization Domain NOD Pathway WP1433,3,36,5,285,0.015569160909154878,0.10290158493178515,4.75,CHUK;HSP90AA1;IKBKB
WikiPathway_2023_Human,Pathogenic Escherichia Coli Infection WP2272,3,36,5,285,0.015569160909154878,0.10290158493178515,4.75,PRKCA;ROCK1;ROCK2
WikiPathway_2023_Human,Focal Adhesion PI3K Akt mTOR Signaling Pathway WP3932,10,36,40,285,0.015831013066428486,0.10290158493178515,1.9791666666666667,CSF1R;FLT1;HSP90AA1;IKBKB;KIT;MTOR;PDGFRA;PDGFRB;PDPK1;PIK3CB
WikiPathway_2023_Human,Primary Ovarian Insufficiency WP5316,4,36,9,285,0.01712865293236997,0.10688279429798861,3.5185185185185186,ATM;KIT;PARP1;PDPK1
WikiPathway_2023_Human,PI3K Akt Signaling Pathway WP4172,12,36,54,285,0.020754703736268604,0.12452822241761163,1.7592592592592593,CHUK;CSF1R;FLT1;HSP90AA1;IKBKB;KIT;MTOR;PDGFRA;PDGFRB;PDPK1;PIK3CB;PRKCA
WikiPathway_2023_Human,Chemokine Signaling Pathway WP3929,7,36,25,285,0.02494786549183803,0.13868637160882363,2.216666666666667,BRAF;CHUK;FGR;IKBKB;PIK3CB;ROCK1;ROCK2
WikiPathway_2023_Human,Host Pathogen Interaction Of Human Coronaviruses Interferon Induction WP4880,3,36,6,285,0.028426004134156947,0.13868637160882363,3.958333333333333,CHUK;IKBKB;TBK1
WikiPathway_2023_Human,Novel Intracellular Components Of RIG I Like Receptor Pathway WP3865,3,36,6,285,0.028426004134156947,0.13868637160882363,3.958333333333333,CHUK;IKBKB;TBK1
WikiPathway_2023_Human,Toll Like Receptor Signaling Related To MyD88 WP3858,3,36,6,285,0.028426004134156947,0.13868637160882363,3.958333333333333,CHUK;IKBKB;TBK1
WikiPathway_2023_Human,Ebstein Barr Virus LMP1 Signaling WP262,3,36,6,285,0.028426004134156947,0.13868637160882363,3.958333333333333,CHUK;HSP90AA1;IKBKB
WikiPathway_2023_Human,DNA IR Damage And Cellular Response Via ATR WP4016,5,36,15,285,0.028448486483861255,0.13868637160882363,2.638888888888889,ATM;ATR;FEN1;PARP1;PRKDC
WikiPathway_2023_Human,Clear Cell Renal Cell Carcinoma Pathways WP4018,4,36,11,285,0.037124424518652215,0.17549727954271957,2.8787878787878785,FLT1;MTOR;PDGFRA;PDGFRB
WikiPathway_2023_Human,Nod Like Receptor NLR Signaling Pathway WP288,2,36,3,285,0.04296075878742793,0.18835951668096926,5.277777777777778,CHUK;IKBKB
WikiPathway_2023_Human,Vitamin D In Inflammatory Diseases WP4482,2,36,3,285,0.04296075878742793,0.18835951668096926,5.277777777777778,CHUK;IKBKB
WikiPathway_2023_Human,Cardiac Hypertrophic Response WP2795,6,36,22,285,0.04346758077253137,0.18835951668096926,2.1590909090909087,CDK9;CHUK;IKBKB;MTOR;PDPK1;PRKCA
WikiPathway_2023_Human,T Cell Activation SARS CoV 2 WP5098,5,36,17,285,0.0483403903657344,0.20381353775823152,2.3284313725490198,CHUK;IKBKB;LCK;MTOR;PDPK1
WikiPathway_2023_Human,Th17 Cell Differentiation Pathway WP5130,4,36,12,285,0.05067394053654008,0.20759572909156354,2.638888888888889,HSP90AA1;IKBKB;LCK;MTOR
WikiPathway_2023_Human,Ras Signaling WP4223,9,36,41,285,0.051898932272890885,0.20759572909156354,1.7378048780487805,CHUK;CSF1R;FLT1;IKBKB;KIT;PDGFRA;PDGFRB;PIK3CB;PRKCA
WikiPathway_2023_Human,B Cell Receptor Signaling Pathway WP23,6,36,23,285,0.053349045993199985,0.20806127937347996,2.0652173913043477,BRAF;BTK;CHUK;IKBKB;LCK;PDPK1
WikiPathway_2023_Human,G13 Signaling Pathway WP524,3,36,8,285,0.06641023311440501,0.2526828381913947,2.96875,PIK3CB;ROCK1;ROCK2
WikiPathway_2023_Human,Photodynamic Therapy Induced NF kB Survival Signaling WP3617,2,36,4,285,0.07909709213857688,0.2682423124699564,3.958333333333333,CHUK;IKBKB
WikiPathway_2023_Human,Dravet Syndrome WP5200,2,36,4,285,0.07909709213857688,0.2682423124699564,3.958333333333333,MTOR;PRKCA
WikiPathway_2023_Human,Neuroinflammation WP4919,2,36,4,285,0.07909709213857688,0.2682423124699564,3.958333333333333,CHUK;MTOR
WikiPathway_2023_Human,MAPK And NFkB Signaling Pathways Inhibited By Yersinia YopJ WP3849,2,36,4,285,0.07909709213857688,0.2682423124699564,3.958333333333333,CHUK;IKBKB
WikiPathway_2023_Human,Type II Diabetes Mellitus WP1584,2,36,4,285,0.07909709213857688,0.2682423124699564,3.958333333333333,IKBKB;MTOR
WikiPathway_2023_Human,Regulation Of Actin Cytoskeleton WP51,6,36,26,285,0.0908506542181833,0.2892388175109509,1.8269230769230769,BRAF;PDGFRA;PDGFRB;PIK3CB;ROCK1;ROCK2
WikiPathway_2023_Human,Alzheimer 39 S Disease WP5124,6,36,26,285,0.0908506542181833,0.2892388175109509,1.8269230769230769,BRAF;CHUK;IKBKB;MTOR;PIK3CB;PSMB5
WikiPathway_2023_Human,Alzheimer 39 S Disease And miRNA Effects WP2059,6,36,26,285,0.0908506542181833,0.2892388175109509,1.8269230769230769,BRAF;CHUK;IKBKB;MTOR;PIK3CB;PSMB5
WikiPathway_2023_Human,Network Map Of SARS CoV 2 Signaling Pathway WP5115,4,36,15,285,0.10544974673154,0.31576752035796474,2.111111111111111,LCK;MTOR;PARP2;TBK1
WikiPathway_2023_Human,A Network Map Of Macrophage Stimulating Protein MSP Signaling WP5353,6,36,27,285,0.10598092695923313,0.31576752035796474,1.7592592592592593,FLT1;MTOR;PARP1;PDGFRA;PDGFRB;PDPK1
WikiPathway_2023_Human,Gastrin Signaling Pathway WP4659,6,36,27,285,0.10598092695923313,0.31576752035796474,1.7592592592592593,CHUK;IKBKB;KIT;MTOR;PRKCA;ROCK1
WikiPathway_2023_Human,Hippo Merlin Signaling Dysregulation WP4541,5,36,21,285,0.10824768488046303,0.31576752035796474,1.884920634920635,CSF1R;FLT1;KIT;PDGFRA;PDGFRB
WikiPathway_2023_Human,Glioblastoma Signaling Pathways WP2261,7,36,34,285,0.11556589048396003,0.31576752035796474,1.6299019607843137,ATM;BRAF;PDGFRA;PDGFRB;PDPK1;PIK3CB;PRKCA
WikiPathway_2023_Human,EGFR Tyrosine Kinase Inhibitor Resistance WP4806,7,36,34,285,0.11556589048396003,0.31576752035796474,1.6299019607843137,BRAF;MTOR;PDGFRA;PDGFRB;PDPK1;PIK3CB;PRKCA
WikiPathway_2023_Human,VEGFA VEGFR2 Signaling WP3888,8,36,41,285,0.12141368982159291,0.31576752035796474,1.5447154471544715,BMX;FLT1;HSP90AA1;MTOR;PDPK1;PRKCA;ROCK1;ROCK2
WikiPathway_2023_Human,Osteopontin Signaling WP1434,2,36,5,285,0.1214490462915249,0.31576752035796474,3.166666666666667,CHUK;IKBKB
WikiPathway_2023_Human,Ovarian Infertility WP34,2,36,5,285,0.1214490462915249,0.31576752035796474,3.166666666666667,ATM;MTOR
WikiPathway_2023_Human,Pluripotent Stem Cell Differentiation Pathway WP2848,2,36,5,285,0.1214490462915249,0.31576752035796474,3.166666666666667,CSF1R;KIT
WikiPathway_2023_Human,NAD Biosynthetic Pathways WP3645,2,36,5,285,0.1214490462915249,0.31576752035796474,3.166666666666667,PARP1;PARP2
WikiPathway_2023_Human,Fragile X Syndrome WP4549,4,36,16,285,0.12807480838456162,0.3171376207617716,1.9791666666666665,BRAF;MTOR;PIK3CB;PRKCA
WikiPathway_2023_Human,T Cell Receptor Signaling Pathway WP69,4,36,16,285,0.12807480838456162,0.3171376207617716,1.9791666666666665,CHUK;IKBKB;LCK;PDPK1
WikiPathway_2023_Human,TNF Alpha Signaling Pathway WP231,4,36,16,285,0.12807480838456162,0.3171376207617716,1.9791666666666665,CHUK;HSP90AA1;IKBKB;TBK1
WikiPathway_2023_Human,IL 24 Signaling Pathway WP5413,7,36,36,285,0.14738442773048627,0.3447611646020078,1.5393518518518519,ATM;CHUK;HSP90AA1;IKBKB;MTOR;PARP1;PDGFRA
WikiPathway_2023_Human,Estrogen Signaling Pathway WP712,3,36,11,285,0.1496264666065696,0.3447611646020078,2.1590909090909087,BRAF;CHUK;IKBKB
WikiPathway_2023_Human,Corticotropin Releasing Hormone Signaling Pathway WP2355,4,36,17,285,0.1526084754672777,0.3447611646020078,1.8627450980392157,BRAF;HSP90AA1;PARP1;PRKCA
WikiPathway_2023_Human,AGE RAGE Pathway WP2324,4,36,17,285,0.1526084754672777,0.3447611646020078,1.8627450980392157,CHUK;IKBKB;PRKCA;ROCK1
WikiPathway_2023_Human,Breast Cancer Pathway WP4262,6,36,30,285,0.1588585541348365,0.3447611646020078,1.5833333333333335,ATM;ATR;BRAF;KIT;MTOR;PARP1
WikiPathway_2023_Human,miRNA Role In Immune Response In Sepsis WP4329,2,36,6,285,0.16796056737020892,0.3447611646020078,2.638888888888889,CHUK;IKBKB
WikiPathway_2023_Human,Resolvin E1 And Resolvin D1 Signaling Pathways Promoting Inflammation Resolution WP5191,2,36,6,285,0.16796056737020892,0.3447611646020078,2.638888888888889,MTOR;PIK3CB
WikiPathway_2023_Human,mBDNF And proBDNF Regulation Of GABA Neurotransmission WP4829,2,36,6,285,0.16796056737020892,0.3447611646020078,2.638888888888889,PIK3CB;ROCK1
WikiPathway_2023_Human,Markers Of Kidney Cell Lineage WP5236,2,36,6,285,0.16796056737020892,0.3447611646020078,2.638888888888889,KIT;PDGFRB
WikiPathway_2023_Human,Signal Transduction Through IL1R WP4496,2,36,6,285,0.16796056737020892,0.3447611646020078,2.638888888888889,CHUK;IKBKB
WikiPathway_2023_Human,Sphingolipid Metabolism In Senescence WP5121,2,36,6,285,0.16796056737020892,0.3447611646020078,2.638888888888889,MTOR;PRKCA
WikiPathway_2023_Human,Target Of Rapamycin Signaling WP1471,2,36,6,285,0.16796056737020892,0.3447611646020078,2.638888888888889,MTOR;PRKCA
WikiPathway_2023_Human,Cardiac Progenitor Differentiation WP2406,2,36,6,285,0.16796056737020892,0.3447611646020078,2.638888888888889,KIT;PDGFRA
WikiPathway_2023_Human,Microtubule Cytoskeleton Regulation WP2038,3,36,12,285,0.18261064196324608,0.36522128392649217,1.9791666666666665,AURKB;PRKCA;ROCK1
WikiPathway_2023_Human,Resistin As A Regulator Of Inflammation WP4481,3,36,12,285,0.18261064196324608,0.36522128392649217,1.9791666666666665,CHUK;IKBKB;PIK3CB
WikiPathway_2023_Human,EGF EGFR Signaling Pathway WP437,5,36,25,285,0.19295183714444886,0.3810188176523294,1.5833333333333333,BRAF;MTOR;PDPK1;PRKCA;ROCK1
WikiPathway_2023_Human,Measles Virus Infection WP4630,4,36,19,285,0.2065498048480479,0.38983348281569163,1.6666666666666667,CHUK;IKBKB;PIK3CB;TBK1
WikiPathway_2023_Human,PI3K AKT mTOR Signaling Pathway And Therapeutic Opportunities In Prostate Cancer WP3844,2,36,7,285,0.21697270786172532,0.38983348281569163,2.261904761904762,MTOR;PIK3CB
WikiPathway_2023_Human,Smith Magenis And Potocki Lupski Syndrome Copy Number Variation WP5381,2,36,7,285,0.21697270786172532,0.38983348281569163,2.261904761904762,MTOR;ROCK1
WikiPathway_2023_Human,Fas Ligand Pathway And Stress Induction Of Heat Shock Proteins WP314,2,36,7,285,0.21697270786172532,0.38983348281569163,2.261904761904762,PARP1;PRKDC
WikiPathway_2023_Human,Wnt Signaling WP428,2,36,7,285,0.21697270786172532,0.38983348281569163,2.261904761904762,PRKCA;ROCK2
WikiPathway_2023_Human,Leptin Signaling Pathway WP2034,5,36,26,285,0.21726164260308342,0.38983348281569163,1.5224358974358974,CHUK;IKBKB;MTOR;ROCK1;ROCK2
WikiPathway_2023_Human,Orexin Receptor Pathway WP5094,3,36,13,285,0.21740713464721265,0.38983348281569163,1.8269230769230769,MTOR;PDPK1;PRKCA
WikiPathway_2023_Human,Male Infertility WP4673,3,36,13,285,0.21740713464721265,0.38983348281569163,1.8269230769230769,ATM;CDK9;PARP1
WikiPathway_2023_Human,Hepatitis B Infection WP4666,6,36,33,285,0.22163600820444196,0.39290019636241985,1.4393939393939394,BRAF;CHUK;IKBKB;PIK3CB;PRKCA;TBK1
WikiPathway_2023_Human,Toll Like Receptor Signaling Pathway WP75,4,36,20,285,0.23549431794961448,0.4127765573049422,1.5833333333333335,CHUK;IKBKB;PIK3CB;TBK1
WikiPathway_2023_Human,T Cell Receptor And Co Stimulatory Signaling WP2583,2,36,8,285,0.2671601994441654,0.448139689390213,1.9791666666666665,LCK;PRKCA
WikiPathway_2023_Human,Fibrin Complement Receptor 3 Signaling Pathway WP4136,2,36,8,285,0.2671601994441654,0.448139689390213,1.9791666666666665,CHUK;IKBKB
WikiPathway_2023_Human,Interferon Type I Signaling Pathways WP585,2,36,8,285,0.2671601994441654,0.448139689390213,1.9791666666666665,LCK;MTOR
WikiPathway_2023_Human,Regucalcin In Proximal Tubule Epithelial Kidney Cells WP4838,2,36,8,285,0.2671601994441654,0.448139689390213,1.9791666666666665,BRAF;MTOR
WikiPathway_2023_Human,T Cell Antigen Receptor TCR Pathway During Staphylococcus Aureus Infection WP3863,3,36,15,285,0.2905638875289899,0.4619646045489191,1.5833333333333335,CHUK;IKBKB;LCK
WikiPathway_2023_Human,miRNA Regulation Of DNA Damage Response WP1530,3,36,15,285,0.2905638875289899,0.4619646045489191,1.5833333333333335,ATM;ATR;PRKDC
WikiPathway_2023_Human,Regulatory Circuits Of The STAT3 Signaling Pathway WP4538,3,36,15,285,0.2905638875289899,0.4619646045489191,1.5833333333333335,MTOR;PDGFRA;PDGFRB
WikiPathway_2023_Human,RANKL RANK Signaling Pathway WP2018,3,36,15,285,0.2905638875289899,0.4619646045489191,1.5833333333333335,CHUK;IKBKB;MTOR
WikiPathway_2023_Human,Insulin Signaling WP481,5,36,29,285,0.29547467971524205,0.4619646045489191,1.3649425287356323,IKBKB;MTOR;PDPK1;PIK3CB;PRKCA
WikiPathway_2023_Human,Embryonic Stem Cell Pluripotency Pathways WP3931,4,36,22,285,0.29613115676212765,0.4619646045489191,1.4393939393939392,BRAF;MTOR;PDGFRA;PDGFRB
WikiPathway_2023_Human,Integrin Mediated Cell Adhesion WP185,4,36,22,285,0.29613115676212765,0.4619646045489191,1.4393939393939392,BRAF;PDPK1;ROCK1;ROCK2
WikiPathway_2023_Human,PDGFR Beta Pathway WP3972,2,36,9,285,0.31747710694094905,0.47168027316940997,1.7592592592592593,PDGFRB;PRKCA
WikiPathway_2023_Human,Follicle Stimulating Hormone FSH Signaling Pathway WP2035,2,36,9,285,0.31747710694094905,0.47168027316940997,1.7592592592592593,MTOR;PRKCA
WikiPathway_2023_Human,Non Genomic Actions Of 1 25 Dihydroxyvitamin D3 WP4341,2,36,9,285,0.31747710694094905,0.47168027316940997,1.7592592592592593,IKBKB;PRKCA
WikiPathway_2023_Human,Serotonin HTR1 Group And FOS Pathway WP722,2,36,9,285,0.31747710694094905,0.47168027316940997,1.7592592592592593,BRAF;PDPK1
WikiPathway_2023_Human,Alpha 6 Beta 4 Signaling Pathway WP244,2,36,9,285,0.31747710694094905,0.47168027316940997,1.7592592592592593,MTOR;PRKCA
WikiPathway_2023_Human,DNA Damage Response WP707,3,36,16,285,0.3280613673315503,0.47829507760487705,1.484375,ATM;ATR;PRKDC
WikiPathway_2023_Human,Small Cell Lung Cancer WP4658,3,36,16,285,0.3280613673315503,0.47829507760487705,1.484375,CHUK;IKBKB;PIK3CB
WikiPathway_2023_Human,ErbB Signaling Pathway WP673,5,36,31,285,0.3504920334557674,0.5062662705472196,1.2768817204301075,BRAF;MTOR;PDPK1;PIK3CB;PRKCA
WikiPathway_2023_Human,Osteoblast Differentiation And Related Diseases WP4787,3,36,17,285,0.36565841558817996,0.5113322882616915,1.3970588235294117,PIK3CB;PRKCA;PRKDC
WikiPathway_2023_Human,Thymic Stromal Lymphopoietin TSLP Signaling Pathway WP2203,3,36,17,285,0.36565841558817996,0.5113322882616915,1.3970588235294117,BTK;LCK;MTOR
WikiPathway_2023_Human,Photodynamic Therapy Induced AP 1 Survival Signaling WP3611,2,36,10,285,0.3671103608032657,0.5113322882616915,1.5833333333333335,HSP90AA1;PDGFRA
WikiPathway_2023_Human,Wnt Signaling Pathway WP363,2,36,10,285,0.3671103608032657,0.5113322882616915,1.5833333333333335,MTOR;PRKCA
WikiPathway_2023_Human,Brain Derived Neurotrophic Factor BDNF Signaling Pathway WP2380,4,36,25,285,0.39046900649585514,0.5356087433949991,1.2666666666666666,CHUK;IKBKB;MTOR;PDPK1
WikiPathway_2023_Human,Kit Receptor Signaling Pathway WP304,3,36,18,285,0.403021651355652,0.5356087433949991,1.3194444444444444,BTK;KIT;PRKCA
WikiPathway_2023_Human,Thyroid Stimulating Hormone TSH Signaling Pathway WP2032,3,36,18,285,0.403021651355652,0.5356087433949991,1.3194444444444444,BRAF;MTOR;PDPK1
WikiPathway_2023_Human,Interleukin 11 Signaling Pathway WP2332,3,36,18,285,0.403021651355652,0.5356087433949991,1.3194444444444444,CHUK;IKBKB;PDPK1
WikiPathway_2023_Human,Pancreatic Adenocarcinoma Pathway WP4263,5,36,33,285,0.40640331004012054,0.5356087433949991,1.1994949494949496,BRAF;CHUK;IKBKB;MTOR;PIK3CB
WikiPathway_2023_Human,NF1 Copy Number Variation Syndrome WP5366,2,36,11,285,0.415440115069198,0.5356087433949991,1.4393939393939392,ATR;ROCK2
WikiPathway_2023_Human,BDNF TrkB Signaling WP3676,2,36,11,285,0.415440115069198,0.5356087433949991,1.4393939393939392,BRAF;MTOR
WikiPathway_2023_Human,PDGF Pathway WP2526,2,36,11,285,0.415440115069198,0.5356087433949991,1.4393939393939392,CHUK;PDGFRB
WikiPathway_2023_Human,Growth Factors And Hormones In Beta Cell Proliferation WP5385,2,36,11,285,0.415440115069198,0.5356087433949991,1.4393939393939392,BRAF;FLT1
WikiPathway_2023_Human,Head And Neck Squamous Cell Carcinoma WP4674,3,36,19,285,0.4398601225758275,0.5544072116284665,1.25,MTOR;PDPK1;PIK3CB
WikiPathway_2023_Human,Translation Inhibitors In Chronically Activated PDGFRA Cells WP4566,3,36,19,285,0.4398601225758275,0.5544072116284665,1.25,MTOR;PIK3CB;PRKCA
WikiPathway_2023_Human,Androgen Receptor Network In Prostate Cancer WP2263,4,36,27,285,0.45316273971740917,0.5544072116284665,1.1728395061728396,ATM;ATR;MTOR;PRKDC
WikiPathway_2023_Human,Spinal Cord Injury WP2431,2,36,12,285,0.46200600969038874,0.5544072116284665,1.3194444444444444,PRKCA;ROCK2
WikiPathway_2023_Human,IL 1 Signaling Pathway WP195,2,36,12,285,0.46200600969038874,0.5544072116284665,1.3194444444444444,CHUK;IKBKB
WikiPathway_2023_Human,Synaptic Signaling Pathways Associated With Autism Spectrum Disorder WP4539,2,36,12,285,0.46200600969038874,0.5544072116284665,1.3194444444444444,MTOR;PIK3CB
WikiPathway_2023_Human,Angiogenesis WP1539,2,36,12,285,0.46200600969038874,0.5544072116284665,1.3194444444444444,FLT1;PDGFRA
WikiPathway_2023_Human,AMP Activated Protein Kinase Signaling WP1403,2,36,12,285,0.46200600969038874,0.5544072116284665,1.3194444444444444,MTOR;PIK3CB
WikiPathway_2023_Human,Kisspeptin Kisspeptin Receptor System In The Ovary WP4871,2,36,12,285,0.46200600969038874,0.5544072116284665,1.3194444444444444,PIK3CB;PRKCA
WikiPathway_2023_Human,Pleural Mesothelioma WP5087,8,36,60,285,0.5008980130854742,0.5818758309156724,1.0555555555555556,ATM;CSF1R;FLT1;KIT;MTOR;PDGFRA;PDGFRB;PIK3CB
WikiPathway_2023_Human,Apoptosis WP254,2,36,13,285,0.5064785324255117,0.5818758309156724,1.2179487179487178,CHUK;IKBKB
WikiPathway_2023_Human,Relationship Between Inflammation COX 2 And EGFR WP4483,2,36,13,285,0.5064785324255117,0.5818758309156724,1.2179487179487178,BRAF;PIK3CB
WikiPathway_2023_Human,Interleukin 1 IL 1 Structural Pathway WP2637,2,36,13,285,0.5064785324255117,0.5818758309156724,1.2179487179487178,CHUK;IKBKB
WikiPathway_2023_Human,IL 4 Signaling Pathway WP395,2,36,13,285,0.5064785324255117,0.5818758309156724,1.2179487179487178,CHUK;IKBKB
WikiPathway_2023_Human,Endometrial Cancer WP4155,3,36,21,285,0.5110063386887636,0.5818758309156724,1.130952380952381,BRAF;PDPK1;PIK3CB
WikiPathway_2023_Human,Non Small Cell Lung Cancer WP4255,3,36,21,285,0.5110063386887636,0.5818758309156724,1.130952380952381,BRAF;PIK3CB;PRKCA
WikiPathway_2023_Human,MAPK Signaling Pathway WP382,5,36,38,285,0.5430973145549971,0.5902553472954212,1.0416666666666667,BRAF;CHUK;IKBKB;PDGFRB;PRKCA
WikiPathway_2023_Human,Cell Cycle WP179,3,36,22,285,0.5449339989929696,0.5902553472954212,1.0795454545454544,ATM;ATR;PRKDC
WikiPathway_2023_Human,Melanoma WP4685,3,36,22,285,0.5449339989929696,0.5902553472954212,1.0795454545454544,BRAF;KIT;PIK3CB
WikiPathway_2023_Human,Angiopoietin Like Protein 8 Regulatory Pathway WP3915,3,36,22,285,0.5449339989929696,0.5902553472954212,1.0795454545454544,MTOR;PDPK1;PIK3CB
WikiPathway_2023_Human,Nonalcoholic Fatty Liver Disease WP4396,2,36,14,285,0.5486347779348466,0.5902553472954212,1.130952380952381,IKBKB;PIK3CB
WikiPathway_2023_Human,Integrated Cancer Pathway WP1971,2,36,14,285,0.5486347779348466,0.5902553472954212,1.130952380952381,ATM;ATR
WikiPathway_2023_Human,TNF Related Weak Inducer Of Apoptosis TWEAK Signaling Pathway WP2036,2,36,14,285,0.5486347779348466,0.5902553472954212,1.130952380952381,CHUK;IKBKB
WikiPathway_2023_Human,miRNA Regulation Of Prostate Cancer Signaling Pathways WP3981,2,36,14,285,0.5486347779348466,0.5902553472954212,1.130952380952381,MTOR;PDGFRB
WikiPathway_2023_Human,Pathways Affected In Adenoid Cystic Carcinoma WP3651,2,36,15,285,0.5883379918434399,0.6201400454565988,1.0555555555555556,ATM;PRKDC
WikiPathway_2023_Human,Ebola Virus Infection In Host WP4217,2,36,15,285,0.5883379918434399,0.6201400454565988,1.0555555555555556,PIK3CB;TBK1
WikiPathway_2023_Human,Androgen Receptor Signaling Pathway WP138,2,36,15,285,0.5883379918434399,0.6201400454565988,1.0555555555555556,ROCK1;ROCK2
WikiPathway_2023_Human,Oncostatin M Signaling Pathway WP2374,2,36,16,285,0.6255203667737097,0.6549072296422732,0.9895833333333333,MTOR;PRKCA
WikiPathway_2023_Human,RAC1 PAK1 P38 MMP2 Pathway WP3303,2,36,18,285,0.6923119988787967,0.7152362372522668,0.8796296296296297,CHUK;IKBKB
WikiPathway_2023_Human,Urotensin II Mediated Signaling Pathway WP5158,2,36,18,285,0.6923119988787967,0.7152362372522668,0.8796296296296297,CHUK;IKBKB
WikiPathway_2023_Human,Circadian Rhythm Genes WP3594,2,36,21,285,0.7744446422273021,0.7845023648536307,0.7539682539682541,PRKDC;ROCK2
WikiPathway_2023_Human,Chromosomal And Microsatellite Instability In Colorectal Cancer WP4216,2,36,21,285,0.7744446422273021,0.7845023648536307,0.7539682539682541,BRAF;TBK1
WikiPathway_2023_Human,DNA Damage Response Only ATM Dependent WP710,2,36,21,285,0.7744446422273021,0.7845023648536307,0.7539682539682541,ATM;PIK3CB
WikiPathway_2023_Human,MET In Type 1 Papillary Renal Cell Carcinoma WP4205,2,36,22,285,0.7973957065507354,0.802540194980095,0.7196969696969696,BRAF;PIK3CB
WikiPathway_2023_Human,Prolactin Signaling Pathway WP2037,2,36,24,285,0.8373782482469931,0.8373782482469931,0.6597222222222222,MTOR;PIK3CB
